"2025-11-05", 0, 0, 0, 0, 0, 0, 0, 0, 0, 0, 0, 0, 0, 0, 0, 0, 0, 0, 0, 0, 0, 0, 0, 0, 0, 0, 0, 0, 0, 0, 0, 0, 0, 0, 0, 0, 0, 0, 0, 0, 0, 0, 0, 0, 0, 0, 0, 0, 0, 0, 0, 0, 0, 0, 0, 0, 0, 0, 0, 0, 0, 0, 0, 0, 0, 0, 0, 0, 0, 0, 0, 0, 0, 0, 0, 0, 0, 0, 0, 0, 0, 0, 0, 0, 0, 0, 0, 0, 0, 0, 0, 0, 0, 0, 0, 0, 0, 0, 0, 0, 0, 0, 0, 0, 0, 0, 0, 0, 0, 0, 0, 0, 0, 0, 0, 0, 0, 0, 0, 0, 0, 0, 0, 0, 0, 0, 0, 0, 0, 0, 0, 0, 0, 0, 0, 0, 0, 0, 0, 0, 0, 0, 0, 0, 0, 0, 0, 0, 0, 0, 0, 0, 0, 0, 0, 0, 0, 0, 0, 0, 0, 0, 0, 0, 0, 0, 0, 0, 0, 0, 0, 0, 0, 0, 0, 0, 0, 0, 0, 0, 0, 0, 0, 0, 0, 0, 0, 0, 0, 0, 0, 0, 0, 0, 0, 0, 0, 0, 0, 0, 0, 0, 0, 0, 0, 0, 0, 0, 0, 0, 0, 0, 0, 0, 0, 0, 0, 0, 0, 0, 0, 0, 0, 0, 0, 0, 0, 0, 0, 0, 0, 0, 0, 0, 0, 0, 0, 0, 0, 0, 0, 0, 0, 0, 0, 0, 0, 0, 0, 0, 0, 0, 0, 0, 0, 0, 0, 0, 0, 0, 0, 0, 0, 0, 0, 0, 0, 0, 0, 0, 0, 0, 0, 0, 0, 0, 0, 0, 0, 0, 0, 0, 0, 0, 0, 0, 0, 0, 0, 0, 0, 0, 0, 0, 0, 0, 0, 0, 0, 0, 0, 0, 0, 0, 0, 0, 0, 0, 0, 0, 0, 0, 0, 0, 0, 0, 0, 0, 0, 0, 0, 0, 0, 0, 0, 0, 0, 0, 0, 0, 0, 0, 0, 0, 0, 0, 0, 0, 0, 0, 0, 0, 0, 0, 0, 0, 0, 0, 0, 0, 0, 0, 0, 0, 0, 0, 0, 0, 0, 0, 0, 0, 0, 0, 0, 0, 0, 0, 0, 0, 0, 0, 0, 0, 0, 0, 0, 0, 0, 0, 0, 0, 0, 0, 0, 0, 0, 0, 0, 0, 0, 0, 0, 0, 0, 0, 0, 0, 0, 0, 0, 0, 0, 0, 0, 0, 0, 0, 0, 0, 0, 0, 0, 0, 0, 0, 0, 0, 0, 0, 0, 0, 0, 0, 0, 0, 0, 0, 0, 0, 0, 0, 0, 0, 0, 0, 0, 0, 0, 0, 0, 0, 0, 0, 0, 0, 0, 0, 0, 0, 0, 0, 0, 0, 0, 0, 0, 0, 0, 0, 0, 0, 0, 0, 0, 0, 0, 0, 0, 0, 0, 0, 0, 0, 0, 0, 0, 0, 0, 0, 0, 0, 0, 0, 0, 0, 0, 0, 0, 0, 0, 0, 0, 0, 0, 0, 0, 0, 0, 0, 0, 0, 0, 0, 0, 0, 0, 0, 0, 0, 0, 0, 0, 0, 0, 0, 0, 0, 0, 0, 0, 0, 0, 0, 0, 0, 0, 0, 0, 0, 0, 0, 0, 0, 0, 0, 0, 0, 0, 0, 0, 0, 0, 0, 0, 0, 0, 0, 0, 0, 0, 0, 0, 0, 0, 0, 0, 0, 0, 0, 0, 0, 0, 0, 0, 0, 0, 0, 0, 0, 0, 0, 0, 0, 0, 0, 0, 0, 0, 0, 0, 0, 0, 0, 0, 0, 0, 0, 0, 0, 0, 0, 0, 0, 0, 0, 0, 0, 0, 0, 0, 0, 0, 0, 0, 0, 0, 0, 0, 0, 0, 0, 0, 0, 0, 0, 0, 0, 0, 0, 0, 0, 0, 0, 0, 0, 0, 0, 0, 0, 0, 0, 0, 0, 0, 0, 0, 0, 0, 0, 0, 0, 0, 0, 0, 0, 0, 0, 0, 0, 0, 0, 0, 0, 0, 0, 0, 0, 0, 0, 0, 0, 0, 0, 0, 0, 0, 0, 0, 0, 0, 0, 0, 0, 0, 0, 0, 0, 0, 0, 0, 0, 0, 0, 0, 0, 0, 0, 0, 0, 0, 0, 0, 0, 0, 0, 0, 0, 0, 0, 0, 0, 0, 0, 0, 0, 0, 0, 0, 0, 0, 0, 0, 0, 0, 0, 0, 0, 0, 0, 0, 0, 0, 0, 0, 0, 0, 0, 0, 0, 0, 0, 0, 0, 0, 0, 0, 0, 0, 0, 0, 0, 0, 0, 0, 0, 0, 0, 0, 0, 0, 0, 0, 0
"2025-11-10", 480, 468, 461, 461, 471, 499, 549, 559, 537, 510, 489, 477, 479, 489, 512, 545, 593, 640, 646, 635, 618, 591, 546, 513, 3302, 3259, 3242, 3259, 3334, 3513, 3797, 3949, 3934, 3882, 3834, 3776, 3735, 3704, 3659, 3632, 3675, 3825, 3901, 3895, 3852, 3740, 3586, 3438, 5043, 4953, 4937, 4964, 5094, 5387, 5830, 6032, 5989, 5902, 5835, 5756, 5694, 5644, 5592, 5604, 5727, 6040, 6125, 6097, 6000, 5790, 5518, 5279, 3282, 3211, 3178, 3175, 3241, 3421, 3723, 3915, 3965, 3977, 3985, 3959, 3934, 3925, 3879, 3836, 3864, 4004, 4051, 4012, 3936, 3801, 3617, 3440, 2842, 2767, 2740, 2762, 2868, 3113, 3452, 3571, 3490, 3381, 3316, 3272, 3246, 3234, 3245, 3312, 3467, 3707, 3749, 3712, 3615, 3466, 3241, 3032, 9437, 9097, 8885, 8772, 8784, 9028, 9672, 10592, 11017, 11135, 11147, 11156, 11110, 11076, 11079, 11021, 11037, 11392, 11688, 11525, 11328, 11049, 10606, 10035, 1748, 1708, 1684, 1683, 1724, 1839, 2021, 2134, 2145, 2146, 2133, 2107, 2094, 2077, 2052, 2024, 2035, 2115, 2157, 2132, 2092, 2020, 1919, 1829, 2517, 2458, 2427, 2433, 2494, 2656, 2908, 3046, 3053, 3036, 3033, 3001, 2979, 2962, 2937, 2925, 2948, 3069, 3136, 3116, 3063, 2956, 2808, 2666, 10416, 10269, 10254, 10382, 10770, 11540, 12500, 12828, 12489, 12065, 11800, 11617, 11498, 11428, 11421, 11592, 12048, 12741, 12844, 12706, 12431, 11974, 11385, 10855, 861, 844, 839, 845, 874, 944, 1048, 1073, 1037, 997, 969, 952, 944, 940, 946, 971, 1027, 1107, 1120, 1107, 1079, 1029, 964, 908, 1254, 1229, 1215, 1217, 1242, 1311, 1415, 1483, 1513, 1530, 1539, 1538, 1537, 1535, 1526, 1518, 1534, 1591, 1593, 1573, 1539, 1484, 1412, 1341, 1384, 1369, 1376, 1391, 1425, 1525, 1675, 1716, 1661, 1604, 1544, 1488, 1462, 1435, 1409, 1413, 1459, 1555, 1633, 1647, 1637, 1587, 1526, 1455, 1961, 1900, 1873, 1876, 1929, 2077, 2324, 2437, 2409, 2343, 2297, 2276, 2263, 2288, 2347, 2441, 2612, 2797, 2810, 2756, 2664, 2511, 2309, 2128, 1535, 1505, 1494, 1503, 1553, 1676, 1849, 1920, 1915, 1892, 1879, 1864, 1847, 1837, 1816, 1816, 1872, 1969, 1972, 1952, 1906, 1822, 1717, 1622, 37, 35, 36, 36, 37, 38, 41, 41, 41, 41, 41, 42, 40, 39, 39, 39, 42, 40, 41, 39, 39, 38, 38, 38, 3565, 3455, 3408, 3414, 3522, 3809, 4195, 4429, 4471, 4437, 4419, 4403, 4382, 4367, 4351, 4386, 4526, 4786, 4778, 4686, 4566, 4353, 4069, 3805, 1289, 1253, 1238, 1245, 1294, 1420, 1597, 1682, 1671, 1632, 1598, 1577, 1567, 1562, 1566, 1589, 1650, 1731, 1718, 1682, 1627, 1559, 1469, 1378, 2028, 1990, 1974, 1987, 2050, 2205, 2458, 2570, 2568, 2532, 2507, 2478, 2451, 2440, 2417, 2412, 2479, 2598, 2593, 2561, 2494, 2384, 2245, 2135, 1763, 1724, 1711, 1715, 1754, 1889, 2078, 2187, 2196, 2191, 2196, 2179, 2156, 2147, 2103, 2073, 2103, 2185, 2203, 2183, 2144, 2065, 1947, 1850, 4022, 3894, 3832, 3819, 3892, 4119, 4494, 4730, 4741, 4701, 4670, 4653, 4645, 4704, 4780, 4891, 5090, 5321, 5290, 5206, 5075, 4867, 4585, 4294, 123, 118, 116, 116, 119, 127, 141, 153, 158, 159, 160, 159, 158, 158, 159, 162, 170, 179, 178, 174, 168, 158, 146, 133, 76661, 74974, 74268, 74476, 76328, 81089, 88448, 92611, 92496, 91308, 90365, 89428, 88724, 88380, 88053, 88369, 90508, 94852, 95962, 94983, 93088, 89740, 85167, 80787, 0, 0, 0, 0, 0, 0, 0, 0, 0, 0, 0, 0, 0, 0, 0, 0, 0, 0, 0, 0, 0, 0, 0, 0, 0, 0, 0, 0, 0, 0, 0, 0, 0, 0, 0, 0, 0, 0, 0, 0, 0, 0, 0, 0, 0, 0, 0, 0, 0, 0, 0, 0, 0, 0, 0, 0, 0, 0, 0, 0, 0, 0, 0, 0, 0, 0, 0, 0, 0, 0, 0, 0, 0, 0, 0, 0, 0, 0, 0, 0, 0, 0, 0, 0, 0, 0, 0, 0, 0, 0, 0, 0, 0, 0, 0, 0, 0, 0, 0, 0, 0, 0, 0, 0, 0, 0, 0, 0, 0, 0, 0, 0, 0, 0, 0, 0, 0, 0, 0, 0, 0, 0, 0, 0, 0, 0, 0, 0, 0, 0, 0, 0, 0, 0, 0, 0, 0, 0, 0, 0, 0, 0, 0, 0, 0, 0, 0, 0, 0, 0, 0, 0, 0, 0, 0, 0, 0, 0, 0, 0, 0, 0, 0, 0, 0, 0, 0, 0, 18, 18, 19, 17, 18, 18, 18, 18, 19, 19, 17, 22, 18, 18, 11, 17, 17, 18, 17, 17, 17, 18, 0, 0, 0, 0, 0, 0, 0, 0, 0, 0, 0, 0, 0, 0, 0, 0, 0, 0, 0, 0, 0, 0, 0, 0, 0, 0, 0, 0, 0, 0, 0, 0, 0, 0, 0, 0
"2025-11-18", 482, 469, 462, 461, 471, 500, 549, 566, 536, 507, 482, 467, 467, 478, 502, 538, 589, 637, 644, 634, 615, 588, 548, 513, 3341, 3292, 3276, 3289, 3360, 3537, 3810, 3952, 3943, 3885, 3839, 3773, 3726, 3692, 3644, 3615, 3656, 3796, 3860, 3854, 3813, 3714, 3553, 3402, 5112, 5029, 5006, 5035, 5177, 5461, 5905, 6106, 6040, 5933, 5814, 5725, 5651, 5603, 5550, 5563, 5692, 5970, 6040, 6028, 5932, 5743, 5464, 5226, 3318, 3245, 3209, 3204, 3267, 3434, 3734, 3925, 3975, 3989, 4001, 3978, 3949, 3940, 3890, 3848, 3869, 3989, 4024, 3982, 3904, 3772, 3579, 3393, 2867, 2797, 2773, 2796, 2902, 3153, 3500, 3628, 3542, 3409, 3319, 3252, 3213, 3205, 3218, 3284, 3439, 3671, 3711, 3676, 3590, 3445, 3230, 3027, 9511, 9148, 8929, 8795, 8792, 9025, 9656, 10558, 11006, 11140, 11167, 11190, 11155, 11107, 11105, 11031, 11027, 11352, 11647, 11488, 11286, 11005, 10570, 9988, 1773, 1729, 1705, 1703, 1742, 1851, 2025, 2138, 2155, 2151, 2144, 2120, 2104, 2090, 2064, 2031, 2046, 2118, 2146, 2120, 2077, 2004, 1896, 1795, 2569, 2513, 2482, 2480, 2532, 2686, 2932, 3081, 3101, 3083, 3073, 3040, 3018, 2998, 2967, 2946, 2961, 3068, 3122, 3095, 3042, 2941, 2792, 2646, 10475, 10332, 10318, 10455, 10842, 11621, 12598, 12966, 12649, 12201, 11888, 11673, 11499, 11402, 11375, 11536, 11991, 12654, 12776, 12658, 12400, 11965, 11382, 10864, 864, 846, 842, 849, 877, 947, 1051, 1080, 1048, 1007, 977, 953, 940, 933, 939, 961, 1018, 1096, 1110, 1100, 1073, 1027, 964, 907, 1288, 1260, 1249, 1249, 1272, 1342, 1445, 1513, 1543, 1553, 1558, 1557, 1552, 1548, 1533, 1523, 1536, 1582, 1582, 1560, 1530, 1476, 1403, 1335, 1417, 1397, 1403, 1410, 1435, 1510, 1655, 1690, 1646, 1580, 1517, 1458, 1420, 1388, 1363, 1363, 1402, 1499, 1588, 1605, 1602, 1566, 1494, 1428, 1995, 1929, 1898, 1897, 1947, 2093, 2342, 2452, 2415, 2330, 2266, 2228, 2215, 2253, 2323, 2423, 2600, 2774, 2789, 2731, 2646, 2503, 2308, 2134, 1551, 1517, 1504, 1512, 1561, 1682, 1851, 1924, 1914, 1885, 1871, 1852, 1830, 1818, 1796, 1795, 1851, 1937, 1939, 1918, 1878, 1794, 1687, 1587, 38, 38, 37, 38, 38, 38, 41, 43, 42, 42, 39, 40, 38, 38, 38, 38, 40, 39, 40, 41, 39, 39, 38, 38, 3597, 3483, 3432, 3440, 3548, 3841, 4229, 4470, 4503, 4459, 4423, 4392, 4362, 4336, 4314, 4348, 4493, 4722, 4727, 4635, 4514, 4318, 4039, 3787, 1300, 1262, 1252, 1258, 1310, 1433, 1612, 1698, 1686, 1641, 1596, 1569, 1555, 1548, 1550, 1578, 1635, 1722, 1708, 1671, 1619, 1557, 1465, 1380, 2046, 2008, 1992, 2004, 2064, 2219, 2472, 2593, 2582, 2538, 2507, 2473, 2443, 2429, 2404, 2401, 2466, 2570, 2570, 2537, 2470, 2365, 2224, 2118, 1786, 1744, 1726, 1733, 1777, 1897, 2092, 2198, 2210, 2201, 2211, 2186, 2159, 2143, 2105, 2070, 2099, 2169, 2178, 2152, 2117, 2037, 1920, 1825, 4063, 3930, 3862, 3844, 3914, 4136, 4519, 4752, 4754, 4680, 4617, 4574, 4561, 4625, 4722, 4848, 5057, 5272, 5252, 5171, 5046, 4850, 4574, 4291, 124, 119, 117, 117, 120, 127, 141, 154, 158, 159, 159, 158, 157, 158, 159, 161, 169, 177, 177, 173, 167, 159, 146, 134, 77479, 75720, 74991, 75141, 76942, 81603, 88924, 93121, 93024, 91632, 90474, 89345, 88474, 88062, 87704, 87990, 90095, 94122, 95174, 94219, 92391, 89229, 84635, 80256, 0, 0, 0, 0, 0, 0, 0, 0, 0, 0, 0, 0, 0, 0, 0, 0, 0, 0, 0, 0, 0, 0, 0, 0, 0, 0, 0, 0, 0, 0, 0, 0, 0, 0, 0, 0, 0, 0, 0, 0, 0, 0, 0, 0, 0, 0, 0, 0, 0, 0, 0, 0, 0, 0, 0, 0, 0, 0, 0, 0, 0, 0, 0, 0, 0, 0, 0, 0, 0, 0, 0, 0, 0, 0, 0, 0, 0, 0, 0, 0, 0, 0, 0, 0, 0, 0, 0, 0, 0, 0, 0, 0, 0, 0, 0, 0, 0, 0, 0, 0, 0, 0, 0, 0, 0, 0, 0, 0, 0, 0, 0, 0, 0, 0, 0, 0, 0, 0, 0, 0, 0, 0, 0, 0, 0, 0, 0, 0, 0, 0, 0, 0, 0, 0, 0, 0, 0, 0, 0, 0, 0, 0, 0, 0, 0, 0, 0, 0, 0, 0, 0, 0, 0, 0, 0, 0, 0, 0, 0, 0, 0, 0, 0, 0, 0, 0, 0, 0, 18, 18, 7, 18, 7, 18, 17, 7, 7, 7, 17, 6, 18, 17, 7, 17, 7, 7, 17, 17, 17, 7, 0, 0, 0, 0, 0, 0, 0, 0, 0, 0, 0, 0, 0, 0, 0, 0, 0, 0, 0, 0, 0, 0, 0, 0, 0, 0, 0, 0, 0, 0, 0, 0, 0, 0, 0, 0
"2025-11-19", 480, 464, 455, 452, 462, 485, 531, 541, 525, 502, 479, 469, 467, 480, 499, 530, 566, 606, 611, 604, 589, 563, 521, 495, 3288, 3225, 3217, 3217, 3281, 3435, 3696, 3834, 3848, 3805, 3772, 3713, 3645, 3591, 3531, 3499, 3521, 3632, 3689, 3703, 3661, 3583, 3439, 3307, 5042, 4950, 4918, 4948, 5064, 5319, 5704, 5900, 5892, 5837, 5758, 5679, 5588, 5481, 5397, 5370, 5453, 5679, 5763, 5755, 5672, 5509, 5265, 5046, 3251, 3179, 3136, 3131, 3180, 3323, 3575, 3749, 3819, 3861, 3885, 3867, 3834, 3804, 3739, 3689, 3699, 3801, 3832, 3807, 3756, 3638, 3474, 3309, 2873, 2800, 2770, 2786, 2883, 3107, 3414, 3538, 3485, 3385, 3306, 3258, 3235, 3224, 3214, 3243, 3349, 3535, 3563, 3533, 3461, 3334, 3146, 2961, 9379, 9010, 8777, 8635, 8606, 8796, 9325, 10087, 10463, 10589, 10646, 10698, 10704, 10669, 10659, 10592, 10578, 10843, 11086, 10955, 10791, 10567, 10205, 9696, 1717, 1673, 1645, 1641, 1671, 1767, 1920, 2025, 2053, 2069, 2075, 2056, 2030, 1997, 1962, 1929, 1932, 1989, 2013, 2003, 1972, 1910, 1824, 1740, 2524, 2460, 2425, 2423, 2472, 2603, 2820, 2963, 2995, 3006, 3016, 2998, 2977, 2944, 2901, 2872, 2869, 2944, 2985, 2964, 2924, 2838, 2708, 2574, 10498, 10338, 10307, 10412, 10745, 11443, 12344, 12719, 12490, 12144, 11886, 11696, 11533, 11406, 11330, 11415, 11730, 12233, 12311, 12211, 12000, 11625, 11107, 10627, 867, 849, 844, 849, 873, 934, 1025, 1059, 1036, 1002, 980, 959, 945, 936, 934, 947, 987, 1048, 1060, 1051, 1032, 991, 934, 881, 1281, 1253, 1239, 1237, 1256, 1313, 1404, 1463, 1488, 1507, 1518, 1518, 1513, 1503, 1487, 1476, 1486, 1521, 1521, 1508, 1480, 1437, 1371, 1308, 1375, 1356, 1373, 1372, 1409, 1493, 1636, 1671, 1650, 1611, 1552, 1508, 1461, 1408, 1374, 1366, 1402, 1464, 1531, 1556, 1559, 1531, 1475, 1411, 1993, 1927, 1893, 1884, 1932, 2057, 2261, 2371, 2362, 2301, 2248, 2217, 2199, 2220, 2275, 2356, 2491, 2639, 2659, 2612, 2545, 2421, 2252, 2090, 1522, 1491, 1474, 1481, 1521, 1624, 1773, 1846, 1855, 1846, 1839, 1817, 1782, 1755, 1724, 1713, 1752, 1826, 1833, 1816, 1782, 1713, 1619, 1533, 37, 37, 36, 36, 36, 38, 40, 40, 41, 40, 40, 37, 38, 38, 37, 38, 38, 40, 39, 39, 38, 37, 35, 35, 3588, 3475, 3424, 3426, 3519, 3774, 4117, 4339, 4396, 4379, 4368, 4357, 4339, 4305, 4271, 4268, 4358, 4537, 4529, 4447, 4352, 4191, 3949, 3721, 1307, 1266, 1252, 1257, 1301, 1408, 1565, 1647, 1645, 1610, 1579, 1563, 1553, 1544, 1545, 1559, 1599, 1663, 1642, 1613, 1567, 1513, 1432, 1352, 2026, 1987, 1971, 1975, 2026, 2159, 2379, 2492, 2507, 2486, 2472, 2438, 2390, 2353, 2317, 2303, 2349, 2435, 2439, 2409, 2362, 2269, 2144, 2047, 1749, 1715, 1698, 1695, 1734, 1836, 1999, 2096, 2129, 2137, 2153, 2137, 2092, 2057, 2011, 1976, 1990, 2059, 2072, 2056, 2026, 1960, 1864, 1766, 4064, 3933, 3859, 3842, 3896, 4082, 4385, 4583, 4605, 4555, 4502, 4471, 4464, 4506, 4591, 4692, 4862, 5049, 5027, 4948, 4842, 4682, 4456, 4194, 125, 120, 117, 117, 119, 126, 137, 148, 152, 154, 154, 154, 154, 155, 155, 157, 163, 170, 170, 166, 162, 154, 143, 132, 76718, 74867, 74075, 74070, 75611, 79671, 86142, 90033, 90443, 89634, 88877, 87984, 87007, 86204, 85515, 85449, 86866, 90085, 90951, 90275, 88790, 86118, 82121, 78169, 0, 0, 0, 0, 0, 0, 0, 0, 0, 0, 0, 0, 0, 0, 0, 0, 0, 0, 0, 0, 0, 0, 0, 0, 0, 0, 0, 0, 0, 0, 0, 0, 0, 0, 0, 0, 0, 0, 0, 0, 0, 0, 0, 0, 0, 0, 0, 0, 0, 0, 0, 0, 0, 0, 0, 0, 0, 0, 0, 0, 0, 0, 0, 0, 0, 0, 0, 0, 0, 0, 0, 0, 0, 0, 0, 0, 0, 0, 0, 0, 0, 0, 0, 0, 0, 0, 0, 0, 0, 0, 0, 0, 0, 0, 0, 0, 0, 0, 0, 0, 0, 0, 0, 0, 0, 0, 0, 0, 0, 0, 0, 0, 0, 0, 0, 0, 0, 0, 0, 0, 0, 0, 0, 0, 0, 0, 0, 0, 0, 0, 0, 0, 0, 0, 0, 0, 0, 0, 0, 0, 0, 0, 0, 0, 0, 0, 0, 0, 0, 0, 0, 0, 0, 0, 0, 0, 0, 0, 0, 0, 0, 0, 0, 0, 0, 0, 0, 0, 17, 18, 7, 17, 17, 18, 10, 17, 7, 7, 17, 7, 18, 17, 10, 17, 17, 17, 17, 17, 17, 7, 0, 0, 0, 0, 0, 0, 0, 0, 0, 0, 0, 0, 0, 0, 0, 0, 0, 0, 0, 0, 0, 0, 0, 0, 0, 0, 0, 0, 0, 0, 0, 0, 0, 0, 0, 0
"2025-11-20", 470, 454, 447, 446, 454, 479, 519, 535, 520, 497, 479, 469, 463, 470, 490, 521, 565, 610, 617, 608, 593, 574, 541, 509, 3203, 3151, 3134, 3146, 3209, 3363, 3611, 3751, 3771, 3750, 3708, 3656, 3607, 3566, 3518, 3484, 3519, 3632, 3674, 3663, 3629, 3557, 3446, 3315, 4857, 4765, 4742, 4766, 4874, 5111, 5501, 5722, 5747, 5709, 5650, 5571, 5492, 5426, 5366, 5354, 5460, 5686, 5742, 5708, 5635, 5495, 5286, 5074, 3180, 3110, 3075, 3073, 3123, 3279, 3540, 3720, 3781, 3818, 3837, 3814, 3795, 3773, 3723, 3687, 3707, 3807, 3821, 3782, 3720, 3616, 3466, 3292, 2807, 2733, 2702, 2715, 2804, 3019, 3318, 3448, 3425, 3356, 3297, 3250, 3201, 3198, 3205, 3256, 3386, 3577, 3592, 3542, 3463, 3353, 3198, 3036, 9207, 8892, 8685, 8574, 8575, 8785, 9339, 10135, 10524, 10661, 10716, 10733, 10708, 10652, 10638, 10576, 10587, 10900, 11163, 11075, 10893, 10658, 10335, 9852, 1677, 1638, 1616, 1617, 1651, 1747, 1902, 2009, 2034, 2043, 2043, 2011, 1994, 1974, 1940, 1907, 1919, 1975, 1993, 1972, 1941, 1890, 1808, 1719, 2476, 2415, 2387, 2385, 2438, 2573, 2792, 2941, 2970, 2972, 2967, 2939, 2899, 2873, 2840, 2821, 2833, 2915, 2947, 2921, 2881, 2813, 2709, 2595, 10252, 10088, 10035, 10119, 10443, 11102, 11947, 12315, 12207, 11937, 11707, 11504, 11347, 11263, 11245, 11385, 11764, 12292, 12344, 12203, 12000, 11693, 11278, 10857, 837, 819, 813, 819, 844, 904, 995, 1030, 1014, 988, 966, 947, 930, 927, 931, 951, 999, 1063, 1071, 1060, 1041, 1009, 964, 916, 1252, 1227, 1214, 1211, 1234, 1296, 1389, 1453, 1484, 1505, 1515, 1513, 1505, 1499, 1483, 1472, 1484, 1522, 1520, 1499, 1474, 1433, 1376, 1318, 1363, 1349, 1336, 1359, 1393, 1484, 1614, 1649, 1632, 1594, 1533, 1482, 1431, 1403, 1369, 1361, 1390, 1459, 1520, 1536, 1538, 1520, 1481, 1446, 1961, 1891, 1858, 1853, 1894, 2018, 2218, 2333, 2337, 2291, 2239, 2216, 2202, 2219, 2274, 2369, 2520, 2670, 2677, 2621, 2549, 2439, 2289, 2135, 1466, 1433, 1419, 1425, 1466, 1567, 1713, 1791, 1804, 1794, 1784, 1764, 1741, 1724, 1698, 1694, 1738, 1808, 1807, 1782, 1746, 1684, 1599, 1512, 34, 34, 34, 35, 36, 38, 39, 40, 38, 38, 38, 37, 38, 37, 36, 37, 36, 38, 36, 36, 36, 35, 35, 33, 3514, 3403, 3350, 3350, 3443, 3699, 4025, 4257, 4322, 4324, 4318, 4304, 4280, 4256, 4231, 4255, 4359, 4553, 4539, 4431, 4330, 4167, 3963, 3755, 1278, 1242, 1226, 1228, 1271, 1379, 1533, 1618, 1628, 1600, 1577, 1553, 1537, 1531, 1537, 1557, 1608, 1678, 1655, 1618, 1566, 1518, 1449, 1383, 1956, 1912, 1896, 1906, 1958, 2089, 2308, 2427, 2447, 2431, 2412, 2382, 2353, 2329, 2299, 2289, 2349, 2438, 2431, 2394, 2340, 2263, 2150, 2045, 1697, 1659, 1641, 1644, 1684, 1787, 1946, 2050, 2082, 2089, 2096, 2090, 2058, 2029, 1986, 1965, 1989, 2040, 2047, 2017, 1982, 1914, 1818, 1726, 3995, 3864, 3790, 3769, 3826, 4016, 4333, 4538, 4588, 4557, 4525, 4506, 4496, 4523, 4597, 4704, 4886, 5080, 5069, 4980, 4869, 4707, 4488, 4250, 123, 118, 116, 116, 118, 124, 135, 145, 151, 153, 153, 153, 152, 153, 153, 155, 162, 170, 170, 165, 160, 154, 144, 133, 74877, 73131, 72321, 72407, 73958, 78017, 84377, 88425, 89141, 88628, 87894, 86967, 86066, 85493, 85031, 85189, 86975, 90327, 90972, 89987, 88462, 86071, 82660, 78925, 0, 0, 0, 0, 0, 0, 0, 0, 0, 0, 0, 0, 0, 0, 0, 0, 0, 0, 0, 0, 0, 0, 0, 0, 0, 0, 0, 0, 0, 0, 0, 0, 0, 0, 0, 0, 0, 0, 0, 0, 0, 0, 0, 0, 0, 0, 0, 0, 0, 0, 0, 0, 0, 0, 0, 0, 0, 0, 0, 0, 0, 0, 0, 0, 0, 0, 0, 0, 0, 0, 0, 0, 0, 0, 0, 0, 0, 0, 0, 0, 0, 0, 0, 0, 0, 0, 0, 0, 0, 0, 0, 0, 0, 0, 0, 0, 0, 0, 0, 0, 0, 0, 0, 0, 0, 0, 0, 0, 0, 0, 0, 0, 0, 0, 0, 0, 0, 0, 0, 0, 0, 0, 0, 0, 0, 0, 0, 0, 0, 0, 0, 0, 0, 0, 0, 0, 0, 0, 0, 0, 0, 0, 0, 0, 0, 0, 0, 0, 0, 0, 0, 0, 0, 0, 0, 0, 0, 0, 0, 0, 0, 0, 0, 0, 0, 0, 0, 0, 18, 8, 7, 17, 17, 18, 10, 7, 7, 7, 18, 6, 18, 7, 12, 17, 7, 7, 7, 17, 17, 7, 0, 0, 0, 0, 0, 0, 0, 0, 0, 0, 0, 0, 0, 0, 0, 0, 0, 0, 0, 0, 0, 0, 0, 0, 0, 0, 0, 0, 0, 0, 0, 0, 0, 0, 0, 0
"2025-11-21", 484, 469, 458, 456, 460, 471, 492, 502, 488, 461, 433, 415, 412, 422, 450, 488, 541, 590, 599, 591, 579, 562, 535, 506, 3216, 3167, 3144, 3147, 3185, 3268, 3386, 3503, 3583, 3596, 3561, 3500, 3423, 3355, 3307, 3292, 3348, 3485, 3544, 3548, 3520, 3456, 3360, 3251, 4906, 4833, 4803, 4824, 4885, 5024, 5234, 5426, 5541, 5533, 5462, 5361, 5249, 5153, 5093, 5120, 5250, 5515, 5591, 5581, 5520, 5398, 5227, 5040, 3164, 3091, 3049, 3033, 3058, 3134, 3255, 3378, 3476, 3545, 3567, 3549, 3505, 3462, 3428, 3423, 3479, 3606, 3639, 3615, 3555, 3467, 3334, 3200, 2898, 2818, 2784, 2782, 2829, 2940, 3096, 3212, 3271, 3230, 3152, 3091, 3034, 2999, 3003, 3062, 3211, 3419, 3473, 3457, 3408, 3328, 3195, 3052, 9360, 9002, 8780, 8639, 8584, 8662, 8931, 9325, 9552, 9769, 9888, 9915, 9878, 9781, 9627, 9547, 9593, 9955, 10288, 10308, 10187, 10029, 9780, 9407, 1642, 1599, 1576, 1569, 1586, 1636, 1713, 1797, 1858, 1889, 1891, 1867, 1826, 1793, 1764, 1749, 1775, 1840, 1865, 1855, 1826, 1782, 1715, 1644, 2495, 2437, 2401, 2396, 2417, 2486, 2594, 2710, 2795, 2839, 2841, 2813, 2766, 2713, 2673, 2656, 2691, 2789, 2839, 2831, 2800, 2742, 2650, 2545, 10547, 10379, 10323, 10378, 10562, 10924, 11391, 11748, 11821, 11624, 11372, 11136, 10922, 10759, 10719, 10891, 11333, 11914, 12076, 12041, 11918, 11686, 11339, 10969, 877, 858, 850, 852, 866, 898, 945, 983, 986, 963, 932, 904, 880, 868, 872, 897, 953, 1022, 1035, 1028, 1014, 988, 947, 905, 1271, 1241, 1227, 1219, 1229, 1258, 1300, 1337, 1374, 1403, 1413, 1415, 1410, 1399, 1391, 1387, 1409, 1463, 1473, 1464, 1446, 1412, 1363, 1308, 1418, 1399, 1403, 1415, 1442, 1491, 1561, 1616, 1660, 1641, 1590, 1527, 1459, 1407, 1370, 1364, 1383, 1456, 1515, 1533, 1529, 1509, 1471, 1433, 2008, 1935, 1899, 1884, 1902, 1968, 2068, 2136, 2144, 2089, 2024, 1980, 1965, 1980, 2043, 2153, 2325, 2501, 2534, 2498, 2445, 2364, 2238, 2098, 1445, 1405, 1389, 1389, 1409, 1462, 1534, 1608, 1653, 1659, 1645, 1618, 1586, 1561, 1543, 1552, 1615, 1694, 1698, 1681, 1649, 1601, 1532, 1462, 33, 34, 34, 34, 34, 35, 36, 36, 36, 36, 35, 35, 34, 33, 34, 34, 34, 35, 36, 35, 34, 35, 34, 34, 3567, 3453, 3393, 3380, 3413, 3528, 3702, 3869, 4007, 4062, 4069, 4048, 4004, 3950, 3927, 3957, 4077, 4285, 4311, 4260, 4185, 4063, 3910, 3727, 1322, 1282, 1259, 1254, 1268, 1307, 1371, 1436, 1474, 1469, 1446, 1420, 1396, 1377, 1379, 1406, 1461, 1536, 1560, 1555, 1535, 1503, 1450, 1392, 1960, 1916, 1896, 1899, 1929, 1998, 2104, 2204, 2265, 2276, 2258, 2227, 2185, 2148, 2129, 2145, 2222, 2326, 2334, 2309, 2268, 2205, 2113, 2016, 1657, 1622, 1601, 1602, 1625, 1679, 1748, 1827, 1891, 1928, 1933, 1914, 1885, 1851, 1825, 1824, 1873, 1950, 1966, 1944, 1904, 1842, 1765, 1688, 4036, 3894, 3810, 3769, 3779, 3866, 3998, 4064, 4088, 4049, 3987, 3952, 3936, 3948, 4040, 4186, 4422, 4672, 4727, 4687, 4620, 4510, 4341, 4152, 124, 119, 117, 116, 116, 119, 125, 130, 133, 134, 134, 133, 133, 132, 133, 136, 144, 155, 157, 155, 152, 147, 140, 131, 75825, 74009, 73082, 72913, 73656, 75702, 78846, 81797, 83473, 83637, 82896, 81778, 80484, 79376, 78873, 79447, 81774, 85670, 86984, 86644, 85534, 83650, 80832, 77673, 0, 0, 0, 0, 0, 0, 0, 0, 0, 0, 0, 0, 0, 0, 0, 0, 0, 0, 0, 0, 0, 0, 0, 0, 0, 0, 0, 0, 0, 0, 0, 0, 0, 0, 0, 0, 0, 0, 0, 0, 0, 0, 0, 0, 0, 0, 0, 0, 0, 0, 0, 0, 0, 0, 0, 0, 0, 0, 0, 0, 0, 0, 0, 0, 0, 0, 0, 0, 0, 0, 0, 0, 0, 0, 0, 0, 0, 0, 0, 0, 0, 0, 0, 0, 0, 0, 0, 0, 0, 0, 0, 0, 0, 0, 0, 0, 0, 0, 0, 0, 0, 0, 0, 0, 0, 0, 0, 0, 0, 0, 0, 0, 0, 0, 0, 0, 0, 0, 0, 0, 0, 0, 0, 0, 0, 0, 0, 0, 0, 0, 0, 0, 0, 0, 0, 0, 0, 0, 0, 0, 0, 0, 0, 0, 0, 0, 0, 0, 0, 0, 0, 0, 0, 0, 0, 0, 0, 0, 0, 0, 0, 0, 0, 0, 0, 0, 0, 0, 17, 18, 20, 17, 19, 18, 10, 8, 18, 20, 17, 7, 18, 8, 14, 17, 18, 18, 10, 18, 17, 18, 0, 0, 0, 0, 0, 0, 0, 0, 0, 0, 0, 0, 0, 0, 0, 0, 0, 0, 0, 0, 0, 0, 0, 0, 0, 0, 0, 0, 0, 0, 0, 0, 0, 0, 0, 0
"2025-11-22", 481, 463, 457, 454, 457, 468, 484, 488, 480, 456, 441, 438, 443, 453, 478, 509, 561, 610, 613, 602, 584, 557, 518, 490, 3151, 3057, 3087, 3096, 3123, 3188, 3292, 3398, 3472, 3463, 3392, 3338, 3304, 3262, 3237, 3246, 3326, 3518, 3600, 3596, 3564, 3474, 3360, 3258, 4853, 4691, 4729, 4731, 4794, 4904, 5070, 5249, 5365, 5356, 5260, 5183, 5121, 5048, 5010, 5050, 5237, 5592, 5666, 5640, 5575, 5403, 5190, 5025, 3076, 2972, 2966, 2955, 2967, 3022, 3120, 3204, 3299, 3370, 3392, 3398, 3396, 3378, 3360, 3380, 3473, 3662, 3710, 3672, 3598, 3488, 3352, 3232, 2899, 2770, 2777, 2773, 2811, 2903, 3026, 3123, 3170, 3144, 3113, 3070, 3045, 3034, 3049, 3113, 3286, 3546, 3591, 3558, 3484, 3345, 3149, 2958, 8952, 8534, 8417, 8302, 8247, 8287, 8453, 8671, 8770, 8959, 9101, 9183, 9225, 9248, 9244, 9266, 9396, 9876, 10310, 10289, 10188, 9985, 9678, 9265, 1577, 1512, 1519, 1513, 1523, 1556, 1613, 1679, 1738, 1761, 1758, 1750, 1740, 1721, 1709, 1714, 1763, 1866, 1908, 1889, 1862, 1806, 1744, 1697, 2443, 2347, 2345, 2338, 2354, 2411, 2493, 2577, 2655, 2688, 2682, 2670, 2653, 2626, 2614, 2623, 2686, 2838, 2915, 2887, 2843, 2744, 2613, 2498, 10528, 10157, 10280, 10315, 10475, 10788, 11202, 11526, 11569, 11352, 11079, 10861, 10734, 10638, 10626, 10784, 11295, 12082, 12226, 12125, 11928, 11526, 11031, 10563, 861, 823, 836, 836, 850, 877, 920, 955, 963, 947, 921, 902, 891, 882, 887, 909, 973, 1053, 1056, 1041, 1017, 972, 919, 870, 1256, 1215, 1209, 1203, 1211, 1234, 1264, 1290, 1327, 1355, 1367, 1375, 1381, 1382, 1380, 1381, 1413, 1484, 1490, 1481, 1457, 1420, 1357, 1296, 1389, 1341, 1386, 1402, 1422, 1474, 1524, 1592, 1639, 1593, 1497, 1418, 1394, 1351, 1342, 1337, 1375, 1472, 1556, 1575, 1557, 1512, 1458, 1395, 1968, 1868, 1844, 1830, 1843, 1893, 1970, 2017, 2033, 2013, 1992, 1991, 1999, 2036, 2100, 2201, 2394, 2591, 2593, 2539, 2462, 2333, 2169, 2012, 1397, 1344, 1346, 1343, 1359, 1400, 1467, 1535, 1589, 1604, 1601, 1591, 1583, 1567, 1563, 1583, 1664, 1767, 1765, 1739, 1701, 1633, 1560, 1493, 35, 34, 34, 34, 34, 35, 36, 36, 37, 37, 36, 35, 35, 35, 36, 35, 36, 37, 36, 36, 35, 33, 34, 33, 3540, 3375, 3359, 3342, 3378, 3468, 3596, 3727, 3860, 3946, 3970, 3985, 3988, 3985, 3975, 4020, 4182, 4452, 4462, 4387, 4289, 4103, 3892, 3666, 1324, 1261, 1257, 1256, 1262, 1298, 1346, 1389, 1417, 1412, 1399, 1385, 1377, 1377, 1386, 1414, 1481, 1580, 1597, 1587, 1561, 1511, 1429, 1359, 1929, 1854, 1866, 1866, 1888, 1943, 2040, 2133, 2198, 2212, 2202, 2192, 2174, 2151, 2141, 2162, 2255, 2382, 2370, 2338, 2289, 2196, 2089, 2008, 1625, 1574, 1572, 1570, 1584, 1630, 1693, 1769, 1844, 1874, 1872, 1868, 1862, 1828, 1817, 1815, 1882, 1985, 1995, 1973, 1939, 1869, 1791, 1724, 3949, 3774, 3721, 3685, 3686, 3745, 3820, 3842, 3856, 3857, 3857, 3884, 3925, 4000, 4099, 4241, 4485, 4770, 4784, 4735, 4649, 4494, 4283, 4044, 123, 117, 115, 114, 115, 117, 120, 122, 125, 127, 127, 128, 129, 131, 133, 137, 147, 159, 160, 157, 153, 146, 136, 126, 74419, 71564, 71701, 71550, 72116, 73753, 76271, 78622, 80111, 80247, 79533, 78916, 78532, 78100, 78087, 78968, 81956, 87086, 88473, 87796, 86400, 83624, 80069, 76675, 0, 0, 0, 0, 0, 0, 0, 0, 0, 0, 0, 0, 0, 0, 0, 0, 0, 0, 0, 0, 0, 0, 0, 0, 0, 0, 0, 0, 0, 0, 0, 0, 0, 0, 0, 0, 0, 0, 0, 0, 0, 0, 0, 0, 0, 0, 0, 0, 0, 0, 0, 0, 0, 0, 0, 0, 0, 0, 0, 0, 0, 0, 0, 0, 0, 0, 0, 0, 0, 0, 0, 0, 0, 0, 0, 0, 0, 0, 0, 0, 0, 0, 0, 0, 0, 0, 0, 0, 0, 0, 0, 0, 0, 0, 0, 0, 0, 0, 0, 0, 0, 0, 0, 0, 0, 0, 0, 0, 0, 0, 0, 0, 0, 0, 0, 0, 0, 0, 0, 0, 0, 0, 0, 0, 0, 0, 0, 0, 0, 0, 0, 0, 0, 0, 0, 0, 0, 0, 0, 0, 0, 0, 0, 0, 0, 0, 0, 0, 0, 0, 0, 0, 0, 0, 0, 0, 0, 0, 0, 0, 0, 0, 0, 0, 0, 0, 0, 0, 19, 19, 18, 18, 19, 18, 18, 19, 20, 18, 18, 8, 18, 17, 2, 18, 19, 17, 18, 18, 18, 19, 0, 0, 0, 0, 0, 0, 0, 0, 0, 0, 0, 0, 0, 0, 0, 0, 0, 0, 0, 0, 0, 0, 0, 0, 0, 0, 0, 0, 0, 0, 0, 0, 0, 0, 0, 0
"2025-11-23", 463, 451, 446, 447, 459, 489, 542, 553, 529, 498, 475, 461, 461, 473, 497, 532, 585, 638, 641, 628, 608, 579, 534, 498, 3186, 3160, 3164, 3194, 3287, 3490, 3784, 3949, 3941, 3891, 3836, 3780, 3740, 3708, 3664, 3640, 3685, 3845, 3917, 3905, 3854, 3743, 3581, 3435, 4910, 4863, 4870, 4921, 5078, 5366, 5815, 6030, 6001, 5893, 5810, 5728, 5649, 5585, 5542, 5549, 5694, 6014, 6089, 6045, 5946, 5733, 5455, 5221, 3146, 3095, 3074, 3090, 3170, 3364, 3688, 3890, 3958, 3984, 3991, 3967, 3956, 3946, 3894, 3862, 3891, 4039, 4065, 4019, 3934, 3787, 3595, 3414, 2827, 2765, 2743, 2774, 2889, 3146, 3494, 3620, 3529, 3396, 3303, 3244, 3216, 3201, 3209, 3269, 3439, 3700, 3733, 3688, 3589, 3431, 3202, 2992, 8870, 8635, 8505, 8461, 8521, 8824, 9523, 10469, 10927, 11068, 11115, 11158, 11139, 11108, 11127, 11079, 11079, 11427, 11736, 11542, 11334, 11045, 10599, 10019, 1653, 1630, 1623, 1635, 1687, 1812, 1999, 2122, 2139, 2142, 2135, 2119, 2110, 2093, 2070, 2044, 2060, 2150, 2179, 2146, 2100, 2020, 1916, 1823, 2408, 2368, 2356, 2375, 2450, 2625, 2894, 3051, 3068, 3055, 3046, 3015, 2996, 2980, 2955, 2944, 2973, 3103, 3163, 3123, 3055, 2943, 2782, 2641, 10255, 10144, 10168, 10319, 10734, 11524, 12532, 12855, 12494, 12064, 11776, 11577, 11434, 11348, 11324, 11483, 11954, 12684, 12792, 12641, 12362, 11897, 11308, 10783, 837, 824, 823, 834, 865, 940, 1049, 1079, 1042, 1001, 973, 954, 941, 935, 940, 963, 1022, 1106, 1116, 1102, 1072, 1021, 957, 900, 1248, 1224, 1216, 1220, 1246, 1315, 1415, 1478, 1514, 1532, 1538, 1536, 1536, 1532, 1516, 1504, 1522, 1579, 1574, 1547, 1511, 1459, 1384, 1308, 1356, 1366, 1380, 1404, 1463, 1568, 1733, 1779, 1722, 1645, 1579, 1512, 1471, 1451, 1428, 1431, 1468, 1573, 1654, 1669, 1646, 1588, 1525, 1453, 1899, 1844, 1825, 1830, 1892, 2048, 2287, 2401, 2367, 2286, 2225, 2192, 2177, 2210, 2279, 2387, 2571, 2776, 2782, 2717, 2626, 2471, 2270, 2092, 1447, 1425, 1424, 1438, 1494, 1624, 1800, 1881, 1880, 1865, 1857, 1837, 1820, 1806, 1787, 1784, 1848, 1952, 1949, 1921, 1875, 1792, 1686, 1596, 33, 33, 32, 34, 33, 34, 37, 37, 39, 38, 37, 37, 37, 38, 37, 39, 40, 41, 42, 40, 41, 40, 39, 37, 3508, 3412, 3375, 3394, 3512, 3810, 4208, 4451, 4483, 4449, 4415, 4394, 4366, 4337, 4312, 4335, 4484, 4758, 4746, 4636, 4511, 4303, 4026, 3763, 1286, 1252, 1243, 1256, 1315, 1443, 1620, 1701, 1684, 1634, 1592, 1567, 1554, 1548, 1548, 1575, 1635, 1729, 1714, 1676, 1619, 1548, 1453, 1364, 1947, 1923, 1919, 1940, 2010, 2169, 2418, 2545, 2549, 2518, 2493, 2461, 2427, 2411, 2382, 2382, 2457, 2578, 2569, 2533, 2462, 2349, 2214, 2108, 1681, 1662, 1656, 1662, 1714, 1842, 2026, 2138, 2158, 2159, 2171, 2150, 2133, 2120, 2075, 2046, 2080, 2174, 2183, 2158, 2118, 2031, 1914, 1823, 3864, 3760, 3709, 3714, 3804, 4047, 4433, 4683, 4702, 4653, 4594, 4560, 4554, 4606, 4701, 4840, 5058, 5299, 5255, 5165, 5035, 4822, 4536, 4248, 119, 116, 115, 115, 118, 125, 140, 152, 157, 158, 157, 157, 155, 156, 157, 160, 168, 178, 177, 172, 166, 157, 144, 131, 74120, 72921, 72605, 73151, 75362, 80421, 88034, 92408, 92401, 91172, 90087, 89093, 88370, 87967, 87635, 88018, 90280, 94888, 95849, 94665, 92646, 89196, 84550, 80176, 0, 0, 0, 0, 0, 0, 0, 0, 0, 0, 0, 0, 0, 0, 0, 0, 0, 0, 0, 0, 0, 0, 0, 0, 0, 0, 0, 0, 0, 0, 0, 0, 0, 0, 0, 0, 0, 0, 0, 0, 0, 0, 0, 0, 0, 0, 0, 0, 0, 0, 0, 0, 0, 0, 0, 0, 0, 0, 0, 0, 0, 0, 0, 0, 0, 0, 0, 0, 0, 0, 0, 0, 0, 0, 0, 0, 0, 0, 0, 0, 0, 0, 0, 0, 0, 0, 0, 0, 0, 0, 0, 0, 0, 0, 0, 0, 0, 0, 0, 0, 0, 0, 0, 0, 0, 0, 0, 0, 0, 0, 0, 0, 0, 0, 0, 0, 0, 0, 0, 0, 0, 0, 0, 0, 0, 0, 0, 0, 0, 0, 0, 0, 0, 0, 0, 0, 0, 0, 0, 0, 0, 0, 0, 0, 0, 0, 0, 0, 0, 0, 0, 0, 0, 0, 0, 0, 0, 0, 0, 0, 0, 0, 0, 0, 0, 0, 0, 0, 18, 7, 7, 17, 7, 18, 18, 18, 7, 7, 17, 7, 18, 7, 21, 17, 7, 7, 7, 17, 17, 7, 0, 0, 0, 0, 0, 0, 0, 0, 0, 0, 0, 0, 0, 0, 0, 0, 0, 0, 0, 0, 0, 0, 0, 0, 0, 0, 0, 0, 0, 0, 0, 0, 0, 0, 0, 0
"2025-11-24", 480, 468, 461, 461, 471, 499, 549, 559, 537, 510, 489, 477, 479, 489, 512, 545, 593, 640, 646, 635, 618, 591, 546, 513, 3302, 3259, 3242, 3259, 3334, 3513, 3797, 3949, 3934, 3882, 3834, 3776, 3735, 3704, 3659, 3632, 3675, 3825, 3901, 3895, 3852, 3740, 3586, 3438, 5043, 4953, 4937, 4964, 5094, 5387, 5830, 6032, 5989, 5902, 5835, 5756, 5694, 5644, 5592, 5604, 5727, 6040, 6125, 6097, 6000, 5790, 5518, 5279, 3282, 3211, 3178, 3175, 3241, 3421, 3723, 3915, 3965, 3977, 3985, 3959, 3934, 3925, 3879, 3836, 3864, 4004, 4051, 4012, 3936, 3801, 3617, 3440, 2842, 2767, 2740, 2762, 2868, 3113, 3452, 3571, 3490, 3381, 3316, 3272, 3246, 3234, 3245, 3312, 3467, 3707, 3749, 3712, 3615, 3466, 3241, 3032, 9437, 9097, 8885, 8772, 8784, 9028, 9672, 10592, 11017, 11135, 11147, 11156, 11110, 11076, 11079, 11021, 11037, 11392, 11688, 11525, 11328, 11049, 10606, 10035, 1748, 1708, 1684, 1683, 1724, 1839, 2021, 2134, 2145, 2146, 2133, 2107, 2094, 2077, 2052, 2024, 2035, 2115, 2157, 2132, 2092, 2020, 1919, 1829, 2517, 2458, 2427, 2433, 2494, 2656, 2908, 3046, 3053, 3036, 3033, 3001, 2979, 2962, 2937, 2925, 2948, 3069, 3136, 3116, 3063, 2956, 2808, 2666, 10416, 10269, 10254, 10382, 10770, 11540, 12500, 12828, 12489, 12065, 11800, 11617, 11498, 11428, 11421, 11592, 12048, 12741, 12844, 12706, 12431, 11974, 11385, 10855, 861, 844, 839, 845, 874, 944, 1048, 1073, 1037, 997, 969, 952, 944, 940, 946, 971, 1027, 1107, 1120, 1107, 1079, 1029, 964, 908, 1254, 1229, 1215, 1217, 1242, 1311, 1415, 1483, 1513, 1530, 1539, 1538, 1537, 1535, 1526, 1518, 1534, 1591, 1593, 1573, 1539, 1484, 1412, 1341, 1384, 1369, 1376, 1391, 1425, 1525, 1675, 1716, 1661, 1604, 1544, 1488, 1462, 1435, 1409, 1413, 1459, 1555, 1633, 1647, 1637, 1587, 1526, 1455, 1961, 1900, 1873, 1876, 1929, 2077, 2324, 2437, 2409, 2343, 2297, 2276, 2263, 2288, 2347, 2441, 2612, 2797, 2810, 2756, 2664, 2511, 2309, 2128, 1535, 1505, 1494, 1503, 1553, 1676, 1849, 1920, 1915, 1892, 1879, 1864, 1847, 1837, 1816, 1816, 1872, 1969, 1972, 1952, 1906, 1822, 1717, 1622, 37, 35, 36, 36, 37, 38, 41, 41, 41, 41, 41, 42, 40, 39, 39, 39, 42, 40, 41, 39, 39, 38, 38, 38, 3565, 3455, 3408, 3414, 3522, 3809, 4195, 4429, 4471, 4437, 4419, 4403, 4382, 4367, 4351, 4386, 4526, 4786, 4778, 4686, 4566, 4353, 4069, 3805, 1289, 1253, 1238, 1245, 1294, 1420, 1597, 1682, 1671, 1632, 1598, 1577, 1567, 1562, 1566, 1589, 1650, 1731, 1718, 1682, 1627, 1559, 1469, 1378, 2028, 1990, 1974, 1987, 2050, 2205, 2458, 2570, 2568, 2532, 2507, 2478, 2451, 2440, 2417, 2412, 2479, 2598, 2593, 2561, 2494, 2384, 2245, 2135, 1763, 1724, 1711, 1715, 1754, 1889, 2078, 2187, 2196, 2191, 2196, 2179, 2156, 2147, 2103, 2073, 2103, 2185, 2203, 2183, 2144, 2065, 1947, 1850, 4022, 3894, 3832, 3819, 3892, 4119, 4494, 4730, 4741, 4701, 4670, 4653, 4645, 4704, 4780, 4891, 5090, 5321, 5290, 5206, 5075, 4867, 4585, 4294, 123, 118, 116, 116, 119, 127, 141, 153, 158, 159, 160, 159, 158, 158, 159, 162, 170, 179, 178, 174, 168, 158, 146, 133, 76661, 74974, 74268, 74476, 76328, 81089, 88448, 92611, 92496, 91308, 90365, 89428, 88724, 88380, 88053, 88369, 90508, 94852, 95962, 94983, 93088, 89740, 85167, 80787, 0, 0, 0, 0, 0, 0, 0, 0, 0, 0, 0, 0, 0, 0, 0, 0, 0, 0, 0, 0, 0, 0, 0, 0, 0, 0, 0, 0, 0, 0, 0, 0, 0, 0, 0, 0, 0, 0, 0, 0, 0, 0, 0, 0, 0, 0, 0, 0, 0, 0, 0, 0, 0, 0, 0, 0, 0, 0, 0, 0, 0, 0, 0, 0, 0, 0, 0, 0, 0, 0, 0, 0, 0, 0, 0, 0, 0, 0, 0, 0, 0, 0, 0, 0, 0, 0, 0, 0, 0, 0, 0, 0, 0, 0, 0, 0, 0, 0, 0, 0, 0, 0, 0, 0, 0, 0, 0, 0, 0, 0, 0, 0, 0, 0, 0, 0, 0, 0, 0, 0, 0, 0, 0, 0, 0, 0, 0, 0, 0, 0, 0, 0, 0, 0, 0, 0, 0, 0, 0, 0, 0, 0, 0, 0, 0, 0, 0, 0, 0, 0, 0, 0, 0, 0, 0, 0, 0, 0, 0, 0, 0, 0, 0, 0, 0, 0, 0, 0, 18, 18, 19, 17, 18, 18, 18, 18, 19, 19, 17, 22, 18, 18, 11, 17, 17, 18, 17, 17, 17, 18, 0, 0, 0, 0, 0, 0, 0, 0, 0, 0, 0, 0, 0, 0, 0, 0, 0, 0, 0, 0, 0, 0, 0, 0, 0, 0, 0, 0, 0, 0, 0, 0, 0, 0, 0, 0
"2025-11-25", 482, 469, 462, 461, 471, 500, 549, 566, 536, 507, 482, 467, 467, 478, 502, 538, 589, 637, 644, 634, 615, 588, 548, 513, 3341, 3292, 3276, 3289, 3360, 3537, 3810, 3952, 3943, 3885, 3839, 3773, 3726, 3692, 3644, 3615, 3656, 3796, 3860, 3854, 3813, 3714, 3553, 3402, 5112, 5029, 5006, 5035, 5177, 5461, 5905, 6106, 6040, 5933, 5814, 5725, 5651, 5603, 5550, 5563, 5692, 5970, 6040, 6028, 5932, 5743, 5464, 5226, 3318, 3245, 3209, 3204, 3267, 3434, 3734, 3925, 3975, 3989, 4001, 3978, 3949, 3940, 3890, 3848, 3869, 3989, 4024, 3982, 3904, 3772, 3579, 3393, 2867, 2797, 2773, 2796, 2902, 3153, 3500, 3628, 3542, 3409, 3319, 3252, 3213, 3205, 3218, 3284, 3439, 3671, 3711, 3676, 3590, 3445, 3230, 3027, 9511, 9148, 8929, 8795, 8792, 9025, 9656, 10558, 11006, 11140, 11167, 11190, 11155, 11107, 11105, 11031, 11027, 11352, 11647, 11488, 11286, 11005, 10570, 9988, 1773, 1729, 1705, 1703, 1742, 1851, 2025, 2138, 2155, 2151, 2144, 2120, 2104, 2090, 2064, 2031, 2046, 2118, 2146, 2120, 2077, 2004, 1896, 1795, 2569, 2513, 2482, 2480, 2532, 2686, 2932, 3081, 3101, 3083, 3073, 3040, 3018, 2998, 2967, 2946, 2961, 3068, 3122, 3095, 3042, 2941, 2792, 2646, 10475, 10332, 10318, 10455, 10842, 11621, 12598, 12966, 12649, 12201, 11888, 11673, 11499, 11402, 11375, 11536, 11991, 12654, 12776, 12658, 12400, 11965, 11382, 10864, 864, 846, 842, 849, 877, 947, 1051, 1080, 1048, 1007, 977, 953, 940, 933, 939, 961, 1018, 1096, 1110, 1100, 1073, 1027, 964, 907, 1288, 1260, 1249, 1249, 1272, 1342, 1445, 1513, 1543, 1553, 1558, 1557, 1552, 1548, 1533, 1523, 1536, 1582, 1582, 1560, 1530, 1476, 1403, 1335, 1417, 1397, 1403, 1410, 1435, 1510, 1655, 1690, 1646, 1580, 1517, 1458, 1420, 1388, 1363, 1363, 1402, 1499, 1588, 1605, 1602, 1566, 1494, 1428, 1995, 1929, 1898, 1897, 1947, 2093, 2342, 2452, 2415, 2330, 2266, 2228, 2215, 2253, 2323, 2423, 2600, 2774, 2789, 2731, 2646, 2503, 2308, 2134, 1551, 1517, 1504, 1512, 1561, 1682, 1851, 1924, 1914, 1885, 1871, 1852, 1830, 1818, 1796, 1795, 1851, 1937, 1939, 1918, 1878, 1794, 1687, 1587, 38, 38, 37, 38, 38, 38, 41, 43, 42, 42, 39, 40, 38, 38, 38, 38, 40, 39, 40, 41, 39, 39, 38, 38, 3597, 3483, 3432, 3440, 3548, 3841, 4229, 4470, 4503, 4459, 4423, 4392, 4362, 4336, 4314, 4348, 4493, 4722, 4727, 4635, 4514, 4318, 4039, 3787, 1300, 1262, 1252, 1258, 1310, 1433, 1612, 1698, 1686, 1641, 1596, 1569, 1555, 1548, 1550, 1578, 1635, 1722, 1708, 1671, 1619, 1557, 1465, 1380, 2046, 2008, 1992, 2004, 2064, 2219, 2472, 2593, 2582, 2538, 2507, 2473, 2443, 2429, 2404, 2401, 2466, 2570, 2570, 2537, 2470, 2365, 2224, 2118, 1786, 1744, 1726, 1733, 1777, 1897, 2092, 2198, 2210, 2201, 2211, 2186, 2159, 2143, 2105, 2070, 2099, 2169, 2178, 2152, 2117, 2037, 1920, 1825, 4063, 3930, 3862, 3844, 3914, 4136, 4519, 4752, 4754, 4680, 4617, 4574, 4561, 4625, 4722, 4848, 5057, 5272, 5252, 5171, 5046, 4850, 4574, 4291, 124, 119, 117, 117, 120, 127, 141, 154, 158, 159, 159, 158, 157, 158, 159, 161, 169, 177, 177, 173, 167, 159, 146, 134, 77479, 75720, 74991, 75141, 76942, 81603, 88924, 93121, 93024, 91632, 90474, 89345, 88474, 88062, 87704, 87990, 90095, 94122, 95174, 94219, 92391, 89229, 84635, 80256, 0, 0, 0, 0, 0, 0, 0, 0, 0, 0, 0, 0, 0, 0, 0, 0, 0, 0, 0, 0, 0, 0, 0, 0, 0, 0, 0, 0, 0, 0, 0, 0, 0, 0, 0, 0, 0, 0, 0, 0, 0, 0, 0, 0, 0, 0, 0, 0, 0, 0, 0, 0, 0, 0, 0, 0, 0, 0, 0, 0, 0, 0, 0, 0, 0, 0, 0, 0, 0, 0, 0, 0, 0, 0, 0, 0, 0, 0, 0, 0, 0, 0, 0, 0, 0, 0, 0, 0, 0, 0, 0, 0, 0, 0, 0, 0, 0, 0, 0, 0, 0, 0, 0, 0, 0, 0, 0, 0, 0, 0, 0, 0, 0, 0, 0, 0, 0, 0, 0, 0, 0, 0, 0, 0, 0, 0, 0, 0, 0, 0, 0, 0, 0, 0, 0, 0, 0, 0, 0, 0, 0, 0, 0, 0, 0, 0, 0, 0, 0, 0, 0, 0, 0, 0, 0, 0, 0, 0, 0, 0, 0, 0, 0, 0, 0, 0, 0, 0, 18, 18, 7, 18, 7, 18, 17, 7, 7, 7, 17, 6, 18, 17, 7, 17, 7, 7, 17, 17, 17, 7, 0, 0, 0, 0, 0, 0, 0, 0, 0, 0, 0, 0, 0, 0, 0, 0, 0, 0, 0, 0, 0, 0, 0, 0, 0, 0, 0, 0, 0, 0, 0, 0, 0, 0, 0, 0
"2025-11-26", 480, 464, 455, 452, 462, 485, 531, 541, 525, 502, 479, 469, 467, 480, 499, 530, 566, 606, 611, 604, 589, 563, 521, 495, 3288, 3225, 3217, 3217, 3281, 3435, 3696, 3834, 3848, 3805, 3772, 3713, 3645, 3591, 3531, 3499, 3521, 3632, 3689, 3703, 3661, 3583, 3439, 3307, 5042, 4950, 4918, 4948, 5064, 5319, 5704, 5900, 5892, 5837, 5758, 5679, 5588, 5481, 5397, 5370, 5453, 5679, 5763, 5755, 5672, 5509, 5265, 5046, 3251, 3179, 3136, 3131, 3180, 3323, 3575, 3749, 3819, 3861, 3885, 3867, 3834, 3804, 3739, 3689, 3699, 3801, 3832, 3807, 3756, 3638, 3474, 3309, 2873, 2800, 2770, 2786, 2883, 3107, 3414, 3538, 3485, 3385, 3306, 3258, 3235, 3224, 3214, 3243, 3349, 3535, 3563, 3533, 3461, 3334, 3146, 2961, 9379, 9010, 8777, 8635, 8606, 8796, 9325, 10087, 10463, 10589, 10646, 10698, 10704, 10669, 10659, 10592, 10578, 10843, 11086, 10955, 10791, 10567, 10205, 9696, 1717, 1673, 1645, 1641, 1671, 1767, 1920, 2025, 2053, 2069, 2075, 2056, 2030, 1997, 1962, 1929, 1932, 1989, 2013, 2003, 1972, 1910, 1824, 1740, 2524, 2460, 2425, 2423, 2472, 2603, 2820, 2963, 2995, 3006, 3016, 2998, 2977, 2944, 2901, 2872, 2869, 2944, 2985, 2964, 2924, 2838, 2708, 2574, 10498, 10338, 10307, 10412, 10745, 11443, 12344, 12719, 12490, 12144, 11886, 11696, 11533, 11406, 11330, 11415, 11730, 12233, 12311, 12211, 12000, 11625, 11107, 10627, 867, 849, 844, 849, 873, 934, 1025, 1059, 1036, 1002, 980, 959, 945, 936, 934, 947, 987, 1048, 1060, 1051, 1032, 991, 934, 881, 1281, 1253, 1239, 1237, 1256, 1313, 1404, 1463, 1488, 1507, 1518, 1518, 1513, 1503, 1487, 1476, 1486, 1521, 1521, 1508, 1480, 1437, 1371, 1308, 1375, 1356, 1373, 1372, 1409, 1493, 1636, 1671, 1650, 1611, 1552, 1508, 1461, 1408, 1374, 1366, 1402, 1464, 1531, 1556, 1559, 1531, 1475, 1411, 1993, 1927, 1893, 1884, 1932, 2057, 2261, 2371, 2362, 2301, 2248, 2217, 2199, 2220, 2275, 2356, 2491, 2639, 2659, 2612, 2545, 2421, 2252, 2090, 1522, 1491, 1474, 1481, 1521, 1624, 1773, 1846, 1855, 1846, 1839, 1817, 1782, 1755, 1724, 1713, 1752, 1826, 1833, 1816, 1782, 1713, 1619, 1533, 37, 37, 36, 36, 36, 38, 40, 40, 41, 40, 40, 37, 38, 38, 37, 38, 38, 40, 39, 39, 38, 37, 35, 35, 3588, 3475, 3424, 3426, 3519, 3774, 4117, 4339, 4396, 4379, 4368, 4357, 4339, 4305, 4271, 4268, 4358, 4537, 4529, 4447, 4352, 4191, 3949, 3721, 1307, 1266, 1252, 1257, 1301, 1408, 1565, 1647, 1645, 1610, 1579, 1563, 1553, 1544, 1545, 1559, 1599, 1663, 1642, 1613, 1567, 1513, 1432, 1352, 2026, 1987, 1971, 1975, 2026, 2159, 2379, 2492, 2507, 2486, 2472, 2438, 2390, 2353, 2317, 2303, 2349, 2435, 2439, 2409, 2362, 2269, 2144, 2047, 1749, 1715, 1698, 1695, 1734, 1836, 1999, 2096, 2129, 2137, 2153, 2137, 2092, 2057, 2011, 1976, 1990, 2059, 2072, 2056, 2026, 1960, 1864, 1766, 4064, 3933, 3859, 3842, 3896, 4082, 4385, 4583, 4605, 4555, 4502, 4471, 4464, 4506, 4591, 4692, 4862, 5049, 5027, 4948, 4842, 4682, 4456, 4194, 125, 120, 117, 117, 119, 126, 137, 148, 152, 154, 154, 154, 154, 155, 155, 157, 163, 170, 170, 166, 162, 154, 143, 132, 76718, 74867, 74075, 74070, 75611, 79671, 86142, 90033, 90443, 89634, 88877, 87984, 87007, 86204, 85515, 85449, 86866, 90085, 90951, 90275, 88790, 86118, 82121, 78169, 0, 0, 0, 0, 0, 0, 0, 0, 0, 0, 0, 0, 0, 0, 0, 0, 0, 0, 0, 0, 0, 0, 0, 0, 0, 0, 0, 0, 0, 0, 0, 0, 0, 0, 0, 0, 0, 0, 0, 0, 0, 0, 0, 0, 0, 0, 0, 0, 0, 0, 0, 0, 0, 0, 0, 0, 0, 0, 0, 0, 0, 0, 0, 0, 0, 0, 0, 0, 0, 0, 0, 0, 0, 0, 0, 0, 0, 0, 0, 0, 0, 0, 0, 0, 0, 0, 0, 0, 0, 0, 0, 0, 0, 0, 0, 0, 0, 0, 0, 0, 0, 0, 0, 0, 0, 0, 0, 0, 0, 0, 0, 0, 0, 0, 0, 0, 0, 0, 0, 0, 0, 0, 0, 0, 0, 0, 0, 0, 0, 0, 0, 0, 0, 0, 0, 0, 0, 0, 0, 0, 0, 0, 0, 0, 0, 0, 0, 0, 0, 0, 0, 0, 0, 0, 0, 0, 0, 0, 0, 0, 0, 0, 0, 0, 0, 0, 0, 0, 17, 18, 7, 17, 17, 18, 10, 17, 7, 7, 17, 7, 18, 17, 10, 17, 17, 17, 17, 17, 17, 7, 0, 0, 0, 0, 0, 0, 0, 0, 0, 0, 0, 0, 0, 0, 0, 0, 0, 0, 0, 0, 0, 0, 0, 0, 0, 0, 0, 0, 0, 0, 0, 0, 0, 0, 0, 0
"2025-11-27", 470, 454, 447, 446, 454, 479, 519, 535, 520, 497, 479, 469, 463, 470, 490, 521, 565, 610, 617, 608, 593, 574, 541, 509, 3203, 3151, 3134, 3146, 3209, 3363, 3611, 3751, 3771, 3750, 3708, 3656, 3607, 3566, 3518, 3484, 3519, 3632, 3674, 3663, 3629, 3557, 3446, 3315, 4857, 4765, 4742, 4766, 4874, 5111, 5501, 5722, 5747, 5709, 5650, 5571, 5492, 5426, 5366, 5354, 5460, 5686, 5742, 5708, 5635, 5495, 5286, 5074, 3180, 3110, 3075, 3073, 3123, 3279, 3540, 3720, 3781, 3818, 3837, 3814, 3795, 3773, 3723, 3687, 3707, 3807, 3821, 3782, 3720, 3616, 3466, 3292, 2807, 2733, 2702, 2715, 2804, 3019, 3318, 3448, 3425, 3356, 3297, 3250, 3201, 3198, 3205, 3256, 3386, 3577, 3592, 3542, 3463, 3353, 3198, 3036, 9207, 8892, 8685, 8574, 8575, 8785, 9339, 10135, 10524, 10661, 10716, 10733, 10708, 10652, 10638, 10576, 10587, 10900, 11163, 11075, 10893, 10658, 10335, 9852, 1677, 1638, 1616, 1617, 1651, 1747, 1902, 2009, 2034, 2043, 2043, 2011, 1994, 1974, 1940, 1907, 1919, 1975, 1993, 1972, 1941, 1890, 1808, 1719, 2476, 2415, 2387, 2385, 2438, 2573, 2792, 2941, 2970, 2972, 2967, 2939, 2899, 2873, 2840, 2821, 2833, 2915, 2947, 2921, 2881, 2813, 2709, 2595, 10252, 10088, 10035, 10119, 10443, 11102, 11947, 12315, 12207, 11937, 11707, 11504, 11347, 11263, 11245, 11385, 11764, 12292, 12344, 12203, 12000, 11693, 11278, 10857, 837, 819, 813, 819, 844, 904, 995, 1030, 1014, 988, 966, 947, 930, 927, 931, 951, 999, 1063, 1071, 1060, 1041, 1009, 964, 916, 1252, 1227, 1214, 1211, 1234, 1296, 1389, 1453, 1484, 1505, 1515, 1513, 1505, 1499, 1483, 1472, 1484, 1522, 1520, 1499, 1474, 1433, 1376, 1318, 1363, 1349, 1336, 1359, 1393, 1484, 1614, 1649, 1632, 1594, 1533, 1482, 1431, 1403, 1369, 1361, 1390, 1459, 1520, 1536, 1538, 1520, 1481, 1446, 1961, 1891, 1858, 1853, 1894, 2018, 2218, 2333, 2337, 2291, 2239, 2216, 2202, 2219, 2274, 2369, 2520, 2670, 2677, 2621, 2549, 2439, 2289, 2135, 1466, 1433, 1419, 1425, 1466, 1567, 1713, 1791, 1804, 1794, 1784, 1764, 1741, 1724, 1698, 1694, 1738, 1808, 1807, 1782, 1746, 1684, 1599, 1512, 34, 34, 34, 35, 36, 38, 39, 40, 38, 38, 38, 37, 38, 37, 36, 37, 36, 38, 36, 36, 36, 35, 35, 33, 3514, 3403, 3350, 3350, 3443, 3699, 4025, 4257, 4322, 4324, 4318, 4304, 4280, 4256, 4231, 4255, 4359, 4553, 4539, 4431, 4330, 4167, 3963, 3755, 1278, 1242, 1226, 1228, 1271, 1379, 1533, 1618, 1628, 1600, 1577, 1553, 1537, 1531, 1537, 1557, 1608, 1678, 1655, 1618, 1566, 1518, 1449, 1383, 1956, 1912, 1896, 1906, 1958, 2089, 2308, 2427, 2447, 2431, 2412, 2382, 2353, 2329, 2299, 2289, 2349, 2438, 2431, 2394, 2340, 2263, 2150, 2045, 1697, 1659, 1641, 1644, 1684, 1787, 1946, 2050, 2082, 2089, 2096, 2090, 2058, 2029, 1986, 1965, 1989, 2040, 2047, 2017, 1982, 1914, 1818, 1726, 3995, 3864, 3790, 3769, 3826, 4016, 4333, 4538, 4588, 4557, 4525, 4506, 4496, 4523, 4597, 4704, 4886, 5080, 5069, 4980, 4869, 4707, 4488, 4250, 123, 118, 116, 116, 118, 124, 135, 145, 151, 153, 153, 153, 152, 153, 153, 155, 162, 170, 170, 165, 160, 154, 144, 133, 74877, 73131, 72321, 72407, 73958, 78017, 84377, 88425, 89141, 88628, 87894, 86967, 86066, 85493, 85031, 85189, 86975, 90327, 90972, 89987, 88462, 86071, 82660, 78925, 0, 0, 0, 0, 0, 0, 0, 0, 0, 0, 0, 0, 0, 0, 0, 0, 0, 0, 0, 0, 0, 0, 0, 0, 0, 0, 0, 0, 0, 0, 0, 0, 0, 0, 0, 0, 0, 0, 0, 0, 0, 0, 0, 0, 0, 0, 0, 0, 0, 0, 0, 0, 0, 0, 0, 0, 0, 0, 0, 0, 0, 0, 0, 0, 0, 0, 0, 0, 0, 0, 0, 0, 0, 0, 0, 0, 0, 0, 0, 0, 0, 0, 0, 0, 0, 0, 0, 0, 0, 0, 0, 0, 0, 0, 0, 0, 0, 0, 0, 0, 0, 0, 0, 0, 0, 0, 0, 0, 0, 0, 0, 0, 0, 0, 0, 0, 0, 0, 0, 0, 0, 0, 0, 0, 0, 0, 0, 0, 0, 0, 0, 0, 0, 0, 0, 0, 0, 0, 0, 0, 0, 0, 0, 0, 0, 0, 0, 0, 0, 0, 0, 0, 0, 0, 0, 0, 0, 0, 0, 0, 0, 0, 0, 0, 0, 0, 0, 0, 18, 8, 7, 17, 17, 18, 10, 7, 7, 7, 18, 6, 18, 7, 12, 17, 7, 7, 7, 17, 17, 7, 0, 0, 0, 0, 0, 0, 0, 0, 0, 0, 0, 0, 0, 0, 0, 0, 0, 0, 0, 0, 0, 0, 0, 0, 0, 0, 0, 0, 0, 0, 0, 0, 0, 0, 0, 0
"2024-11-18", 463, 451, 446, 447, 459, 489, 542, 553, 529, 498, 475, 461, 461, 473, 497, 532, 585, 638, 641, 628, 608, 579, 534, 498, 3186, 3160, 3164, 3194, 3287, 3490, 3784, 3949, 3941, 3891, 3836, 3780, 3740, 3708, 3664, 3640, 3685, 3845, 3917, 3905, 3854, 3743, 3581, 3435, 4910, 4863, 4870, 4921, 5078, 5366, 5815, 6030, 6001, 5893, 5810, 5728, 5649, 5585, 5542, 5549, 5694, 6014, 6089, 6045, 5946, 5733, 5455, 5221, 3146, 3095, 3074, 3090, 3170, 3364, 3688, 3890, 3958, 3984, 3991, 3967, 3956, 3946, 3894, 3862, 3891, 4039, 4065, 4019, 3934, 3787, 3595, 3414, 2827, 2765, 2743, 2774, 2889, 3146, 3494, 3620, 3529, 3396, 3303, 3244, 3216, 3201, 3209, 3269, 3439, 3700, 3733, 3688, 3589, 3431, 3202, 2992, 8870, 8635, 8505, 8461, 8521, 8824, 9523, 10469, 10927, 11068, 11115, 11158, 11139, 11108, 11127, 11079, 11079, 11427, 11736, 11542, 11334, 11045, 10599, 10019, 1653, 1630, 1623, 1635, 1687, 1812, 1999, 2122, 2139, 2142, 2135, 2119, 2110, 2093, 2070, 2044, 2060, 2150, 2179, 2146, 2100, 2020, 1916, 1823, 2408, 2368, 2356, 2375, 2450, 2625, 2894, 3051, 3068, 3055, 3046, 3015, 2996, 2980, 2955, 2944, 2973, 3103, 3163, 3123, 3055, 2943, 2782, 2641, 10255, 10144, 10168, 10319, 10734, 11524, 12532, 12855, 12494, 12064, 11776, 11577, 11434, 11348, 11324, 11483, 11954, 12684, 12792, 12641, 12362, 11897, 11308, 10783, 837, 824, 823, 834, 865, 940, 1049, 1079, 1042, 1001, 973, 954, 941, 935, 940, 963, 1022, 1106, 1116, 1102, 1072, 1021, 957, 900, 1248, 1224, 1216, 1220, 1246, 1315, 1415, 1478, 1514, 1532, 1538, 1536, 1536, 1532, 1516, 1504, 1522, 1579, 1574, 1547, 1511, 1459, 1384, 1308, 1356, 1366, 1380, 1404, 1463, 1568, 1733, 1779, 1722, 1645, 1579, 1512, 1471, 1451, 1428, 1431, 1468, 1573, 1654, 1669, 1646, 1588, 1525, 1453, 1899, 1844, 1825, 1830, 1892, 2048, 2287, 2401, 2367, 2286, 2225, 2192, 2177, 2210, 2279, 2387, 2571, 2776, 2782, 2717, 2626, 2471, 2270, 2092, 1447, 1425, 1424, 1438, 1494, 1624, 1800, 1881, 1880, 1865, 1857, 1837, 1820, 1806, 1787, 1784, 1848, 1952, 1949, 1921, 1875, 1792, 1686, 1596, 33, 33, 32, 34, 33, 34, 37, 37, 39, 38, 37, 37, 37, 38, 37, 39, 40, 41, 42, 40, 41, 40, 39, 37, 3508, 3412, 3375, 3394, 3512, 3810, 4208, 4451, 4483, 4449, 4415, 4394, 4366, 4337, 4312, 4335, 4484, 4758, 4746, 4636, 4511, 4303, 4026, 3763, 1286, 1252, 1243, 1256, 1315, 1443, 1620, 1701, 1684, 1634, 1592, 1567, 1554, 1548, 1548, 1575, 1635, 1729, 1714, 1676, 1619, 1548, 1453, 1364, 1947, 1923, 1919, 1940, 2010, 2169, 2418, 2545, 2549, 2518, 2493, 2461, 2427, 2411, 2382, 2382, 2457, 2578, 2569, 2533, 2462, 2349, 2214, 2108, 1681, 1662, 1656, 1662, 1714, 1842, 2026, 2138, 2158, 2159, 2171, 2150, 2133, 2120, 2075, 2046, 2080, 2174, 2183, 2158, 2118, 2031, 1914, 1823, 3864, 3760, 3709, 3714, 3804, 4047, 4433, 4683, 4702, 4653, 4594, 4560, 4554, 4606, 4701, 4840, 5058, 5299, 5255, 5165, 5035, 4822, 4536, 4248, 119, 116, 115, 115, 118, 125, 140, 152, 157, 158, 157, 157, 155, 156, 157, 160, 168, 178, 177, 172, 166, 157, 144, 131, 74120, 72921, 72605, 73151, 75362, 80421, 88034, 92408, 92401, 91172, 90087, 89093, 88370, 87967, 87635, 88018, 90280, 94888, 95849, 94665, 92646, 89196, 84550, 80176, 0, 0, 0, 0, 0, 0, 0, 0, 0, 0, 0, 0, 0, 0, 0, 0, 0, 0, 0, 0, 0, 0, 0, 0, 0, 0, 0, 0, 0, 0, 0, 0, 0, 0, 0, 0, 0, 0, 0, 0, 0, 0, 0, 0, 0, 0, 0, 0, 0, 0, 0, 0, 0, 0, 0, 0, 0, 0, 0, 0, 0, 0, 0, 0, 0, 0, 0, 0, 0, 0, 0, 0, 0, 0, 0, 0, 0, 0, 0, 0, 0, 0, 0, 0, 0, 0, 0, 0, 0, 0, 0, 0, 0, 0, 0, 0, 0, 0, 0, 0, 0, 0, 0, 0, 0, 0, 0, 0, 0, 0, 0, 0, 0, 0, 0, 0, 0, 0, 0, 0, 0, 0, 0, 0, 0, 0, 0, 0, 0, 0, 0, 0, 0, 0, 0, 0, 0, 0, 0, 0, 0, 0, 0, 0, 0, 0, 0, 0, 0, 0, 0, 0, 0, 0, 0, 0, 0, 0, 0, 0, 0, 0, 0, 0, 0, 0, 0, 0, 18, 7, 7, 17, 7, 18, 18, 18, 7, 7, 17, 7, 18, 7, 21, 17, 7, 7, 7, 17, 17, 7, 0, 0, 0, 0, 0, 0, 0, 0, 0, 0, 0, 0, 0, 0, 0, 0, 0, 0, 0, 0, 0, 0, 0, 0, 0, 0, 0, 0, 0, 0, 0, 0, 0, 0, 0, 0
"2024-11-19", 480, 468, 461, 461, 471, 499, 549, 559, 537, 510, 489, 477, 479, 489, 512, 545, 593, 640, 646, 635, 618, 591, 546, 513, 3302, 3259, 3242, 3259, 3334, 3513, 3797, 3949, 3934, 3882, 3834, 3776, 3735, 3704, 3659, 3632, 3675, 3825, 3901, 3895, 3852, 3740, 3586, 3438, 5043, 4953, 4937, 4964, 5094, 5387, 5830, 6032, 5989, 5902, 5835, 5756, 5694, 5644, 5592, 5604, 5727, 6040, 6125, 6097, 6000, 5790, 5518, 5279, 3282, 3211, 3178, 3175, 3241, 3421, 3723, 3915, 3965, 3977, 3985, 3959, 3934, 3925, 3879, 3836, 3864, 4004, 4051, 4012, 3936, 3801, 3617, 3440, 2842, 2767, 2740, 2762, 2868, 3113, 3452, 3571, 3490, 3381, 3316, 3272, 3246, 3234, 3245, 3312, 3467, 3707, 3749, 3712, 3615, 3466, 3241, 3032, 9437, 9097, 8885, 8772, 8784, 9028, 9672, 10592, 11017, 11135, 11147, 11156, 11110, 11076, 11079, 11021, 11037, 11392, 11688, 11525, 11328, 11049, 10606, 10035, 1748, 1708, 1684, 1683, 1724, 1839, 2021, 2134, 2145, 2146, 2133, 2107, 2094, 2077, 2052, 2024, 2035, 2115, 2157, 2132, 2092, 2020, 1919, 1829, 2517, 2458, 2427, 2433, 2494, 2656, 2908, 3046, 3053, 3036, 3033, 3001, 2979, 2962, 2937, 2925, 2948, 3069, 3136, 3116, 3063, 2956, 2808, 2666, 10416, 10269, 10254, 10382, 10770, 11540, 12500, 12828, 12489, 12065, 11800, 11617, 11498, 11428, 11421, 11592, 12048, 12741, 12844, 12706, 12431, 11974, 11385, 10855, 861, 844, 839, 845, 874, 944, 1048, 1073, 1037, 997, 969, 952, 944, 940, 946, 971, 1027, 1107, 1120, 1107, 1079, 1029, 964, 908, 1254, 1229, 1215, 1217, 1242, 1311, 1415, 1483, 1513, 1530, 1539, 1538, 1537, 1535, 1526, 1518, 1534, 1591, 1593, 1573, 1539, 1484, 1412, 1341, 1384, 1369, 1376, 1391, 1425, 1525, 1675, 1716, 1661, 1604, 1544, 1488, 1462, 1435, 1409, 1413, 1459, 1555, 1633, 1647, 1637, 1587, 1526, 1455, 1961, 1900, 1873, 1876, 1929, 2077, 2324, 2437, 2409, 2343, 2297, 2276, 2263, 2288, 2347, 2441, 2612, 2797, 2810, 2756, 2664, 2511, 2309, 2128, 1535, 1505, 1494, 1503, 1553, 1676, 1849, 1920, 1915, 1892, 1879, 1864, 1847, 1837, 1816, 1816, 1872, 1969, 1972, 1952, 1906, 1822, 1717, 1622, 37, 35, 36, 36, 37, 38, 41, 41, 41, 41, 41, 42, 40, 39, 39, 39, 42, 40, 41, 39, 39, 38, 38, 38, 3565, 3455, 3408, 3414, 3522, 3809, 4195, 4429, 4471, 4437, 4419, 4403, 4382, 4367, 4351, 4386, 4526, 4786, 4778, 4686, 4566, 4353, 4069, 3805, 1289, 1253, 1238, 1245, 1294, 1420, 1597, 1682, 1671, 1632, 1598, 1577, 1567, 1562, 1566, 1589, 1650, 1731, 1718, 1682, 1627, 1559, 1469, 1378, 2028, 1990, 1974, 1987, 2050, 2205, 2458, 2570, 2568, 2532, 2507, 2478, 2451, 2440, 2417, 2412, 2479, 2598, 2593, 2561, 2494, 2384, 2245, 2135, 1763, 1724, 1711, 1715, 1754, 1889, 2078, 2187, 2196, 2191, 2196, 2179, 2156, 2147, 2103, 2073, 2103, 2185, 2203, 2183, 2144, 2065, 1947, 1850, 4022, 3894, 3832, 3819, 3892, 4119, 4494, 4730, 4741, 4701, 4670, 4653, 4645, 4704, 4780, 4891, 5090, 5321, 5290, 5206, 5075, 4867, 4585, 4294, 123, 118, 116, 116, 119, 127, 141, 153, 158, 159, 160, 159, 158, 158, 159, 162, 170, 179, 178, 174, 168, 158, 146, 133, 76661, 74974, 74268, 74476, 76328, 81089, 88448, 92611, 92496, 91308, 90365, 89428, 88724, 88380, 88053, 88369, 90508, 94852, 95962, 94983, 93088, 89740, 85167, 80787, 0, 0, 0, 0, 0, 0, 0, 0, 0, 0, 0, 0, 0, 0, 0, 0, 0, 0, 0, 0, 0, 0, 0, 0, 0, 0, 0, 0, 0, 0, 0, 0, 0, 0, 0, 0, 0, 0, 0, 0, 0, 0, 0, 0, 0, 0, 0, 0, 0, 0, 0, 0, 0, 0, 0, 0, 0, 0, 0, 0, 0, 0, 0, 0, 0, 0, 0, 0, 0, 0, 0, 0, 0, 0, 0, 0, 0, 0, 0, 0, 0, 0, 0, 0, 0, 0, 0, 0, 0, 0, 0, 0, 0, 0, 0, 0, 0, 0, 0, 0, 0, 0, 0, 0, 0, 0, 0, 0, 0, 0, 0, 0, 0, 0, 0, 0, 0, 0, 0, 0, 0, 0, 0, 0, 0, 0, 0, 0, 0, 0, 0, 0, 0, 0, 0, 0, 0, 0, 0, 0, 0, 0, 0, 0, 0, 0, 0, 0, 0, 0, 0, 0, 0, 0, 0, 0, 0, 0, 0, 0, 0, 0, 0, 0, 0, 0, 0, 0, 18, 18, 19, 17, 18, 18, 18, 18, 19, 19, 17, 22, 18, 18, 11, 17, 17, 18, 17, 17, 17, 18, 0, 0, 0, 0, 0, 0, 0, 0, 0, 0, 0, 0, 0, 0, 0, 0, 0, 0, 0, 0, 0, 0, 0, 0, 0, 0, 0, 0, 0, 0, 0, 0, 0, 0, 0, 0
"2024-11-20", 482, 469, 462, 461, 471, 500, 549, 566, 536, 507, 482, 467, 467, 478, 502, 538, 589, 637, 644, 634, 615, 588, 548, 513, 3341, 3292, 3276, 3289, 3360, 3537, 3810, 3952, 3943, 3885, 3839, 3773, 3726, 3692, 3644, 3615, 3656, 3796, 3860, 3854, 3813, 3714, 3553, 3402, 5112, 5029, 5006, 5035, 5177, 5461, 5905, 6106, 6040, 5933, 5814, 5725, 5651, 5603, 5550, 5563, 5692, 5970, 6040, 6028, 5932, 5743, 5464, 5226, 3318, 3245, 3209, 3204, 3267, 3434, 3734, 3925, 3975, 3989, 4001, 3978, 3949, 3940, 3890, 3848, 3869, 3989, 4024, 3982, 3904, 3772, 3579, 3393, 2867, 2797, 2773, 2796, 2902, 3153, 3500, 3628, 3542, 3409, 3319, 3252, 3213, 3205, 3218, 3284, 3439, 3671, 3711, 3676, 3590, 3445, 3230, 3027, 9511, 9148, 8929, 8795, 8792, 9025, 9656, 10558, 11006, 11140, 11167, 11190, 11155, 11107, 11105, 11031, 11027, 11352, 11647, 11488, 11286, 11005, 10570, 9988, 1773, 1729, 1705, 1703, 1742, 1851, 2025, 2138, 2155, 2151, 2144, 2120, 2104, 2090, 2064, 2031, 2046, 2118, 2146, 2120, 2077, 2004, 1896, 1795, 2569, 2513, 2482, 2480, 2532, 2686, 2932, 3081, 3101, 3083, 3073, 3040, 3018, 2998, 2967, 2946, 2961, 3068, 3122, 3095, 3042, 2941, 2792, 2646, 10475, 10332, 10318, 10455, 10842, 11621, 12598, 12966, 12649, 12201, 11888, 11673, 11499, 11402, 11375, 11536, 11991, 12654, 12776, 12658, 12400, 11965, 11382, 10864, 864, 846, 842, 849, 877, 947, 1051, 1080, 1048, 1007, 977, 953, 940, 933, 939, 961, 1018, 1096, 1110, 1100, 1073, 1027, 964, 907, 1288, 1260, 1249, 1249, 1272, 1342, 1445, 1513, 1543, 1553, 1558, 1557, 1552, 1548, 1533, 1523, 1536, 1582, 1582, 1560, 1530, 1476, 1403, 1335, 1417, 1397, 1403, 1410, 1435, 1510, 1655, 1690, 1646, 1580, 1517, 1458, 1420, 1388, 1363, 1363, 1402, 1499, 1588, 1605, 1602, 1566, 1494, 1428, 1995, 1929, 1898, 1897, 1947, 2093, 2342, 2452, 2415, 2330, 2266, 2228, 2215, 2253, 2323, 2423, 2600, 2774, 2789, 2731, 2646, 2503, 2308, 2134, 1551, 1517, 1504, 1512, 1561, 1682, 1851, 1924, 1914, 1885, 1871, 1852, 1830, 1818, 1796, 1795, 1851, 1937, 1939, 1918, 1878, 1794, 1687, 1587, 38, 38, 37, 38, 38, 38, 41, 43, 42, 42, 39, 40, 38, 38, 38, 38, 40, 39, 40, 41, 39, 39, 38, 38, 3597, 3483, 3432, 3440, 3548, 3841, 4229, 4470, 4503, 4459, 4423, 4392, 4362, 4336, 4314, 4348, 4493, 4722, 4727, 4635, 4514, 4318, 4039, 3787, 1300, 1262, 1252, 1258, 1310, 1433, 1612, 1698, 1686, 1641, 1596, 1569, 1555, 1548, 1550, 1578, 1635, 1722, 1708, 1671, 1619, 1557, 1465, 1380, 2046, 2008, 1992, 2004, 2064, 2219, 2472, 2593, 2582, 2538, 2507, 2473, 2443, 2429, 2404, 2401, 2466, 2570, 2570, 2537, 2470, 2365, 2224, 2118, 1786, 1744, 1726, 1733, 1777, 1897, 2092, 2198, 2210, 2201, 2211, 2186, 2159, 2143, 2105, 2070, 2099, 2169, 2178, 2152, 2117, 2037, 1920, 1825, 4063, 3930, 3862, 3844, 3914, 4136, 4519, 4752, 4754, 4680, 4617, 4574, 4561, 4625, 4722, 4848, 5057, 5272, 5252, 5171, 5046, 4850, 4574, 4291, 124, 119, 117, 117, 120, 127, 141, 154, 158, 159, 159, 158, 157, 158, 159, 161, 169, 177, 177, 173, 167, 159, 146, 134, 77479, 75720, 74991, 75141, 76942, 81603, 88924, 93121, 93024, 91632, 90474, 89345, 88474, 88062, 87704, 87990, 90095, 94122, 95174, 94219, 92391, 89229, 84635, 80256, 0, 0, 0, 0, 0, 0, 0, 0, 0, 0, 0, 0, 0, 0, 0, 0, 0, 0, 0, 0, 0, 0, 0, 0, 0, 0, 0, 0, 0, 0, 0, 0, 0, 0, 0, 0, 0, 0, 0, 0, 0, 0, 0, 0, 0, 0, 0, 0, 0, 0, 0, 0, 0, 0, 0, 0, 0, 0, 0, 0, 0, 0, 0, 0, 0, 0, 0, 0, 0, 0, 0, 0, 0, 0, 0, 0, 0, 0, 0, 0, 0, 0, 0, 0, 0, 0, 0, 0, 0, 0, 0, 0, 0, 0, 0, 0, 0, 0, 0, 0, 0, 0, 0, 0, 0, 0, 0, 0, 0, 0, 0, 0, 0, 0, 0, 0, 0, 0, 0, 0, 0, 0, 0, 0, 0, 0, 0, 0, 0, 0, 0, 0, 0, 0, 0, 0, 0, 0, 0, 0, 0, 0, 0, 0, 0, 0, 0, 0, 0, 0, 0, 0, 0, 0, 0, 0, 0, 0, 0, 0, 0, 0, 0, 0, 0, 0, 0, 0, 18, 18, 7, 18, 7, 18, 17, 7, 7, 7, 17, 6, 18, 17, 7, 17, 7, 7, 17, 17, 17, 7, 0, 0, 0, 0, 0, 0, 0, 0, 0, 0, 0, 0, 0, 0, 0, 0, 0, 0, 0, 0, 0, 0, 0, 0, 0, 0, 0, 0, 0, 0, 0, 0, 0, 0, 0, 0
"2024-11-21", 480, 464, 455, 452, 462, 485, 531, 541, 525, 502, 479, 469, 467, 480, 499, 530, 566, 606, 611, 604, 589, 563, 521, 495, 3288, 3225, 3217, 3217, 3281, 3435, 3696, 3834, 3848, 3805, 3772, 3713, 3645, 3591, 3531, 3499, 3521, 3632, 3689, 3703, 3661, 3583, 3439, 3307, 5042, 4950, 4918, 4948, 5064, 5319, 5704, 5900, 5892, 5837, 5758, 5679, 5588, 5481, 5397, 5370, 5453, 5679, 5763, 5755, 5672, 5509, 5265, 5046, 3251, 3179, 3136, 3131, 3180, 3323, 3575, 3749, 3819, 3861, 3885, 3867, 3834, 3804, 3739, 3689, 3699, 3801, 3832, 3807, 3756, 3638, 3474, 3309, 2873, 2800, 2770, 2786, 2883, 3107, 3414, 3538, 3485, 3385, 3306, 3258, 3235, 3224, 3214, 3243, 3349, 3535, 3563, 3533, 3461, 3334, 3146, 2961, 9379, 9010, 8777, 8635, 8606, 8796, 9325, 10087, 10463, 10589, 10646, 10698, 10704, 10669, 10659, 10592, 10578, 10843, 11086, 10955, 10791, 10567, 10205, 9696, 1717, 1673, 1645, 1641, 1671, 1767, 1920, 2025, 2053, 2069, 2075, 2056, 2030, 1997, 1962, 1929, 1932, 1989, 2013, 2003, 1972, 1910, 1824, 1740, 2524, 2460, 2425, 2423, 2472, 2603, 2820, 2963, 2995, 3006, 3016, 2998, 2977, 2944, 2901, 2872, 2869, 2944, 2985, 2964, 2924, 2838, 2708, 2574, 10498, 10338, 10307, 10412, 10745, 11443, 12344, 12719, 12490, 12144, 11886, 11696, 11533, 11406, 11330, 11415, 11730, 12233, 12311, 12211, 12000, 11625, 11107, 10627, 867, 849, 844, 849, 873, 934, 1025, 1059, 1036, 1002, 980, 959, 945, 936, 934, 947, 987, 1048, 1060, 1051, 1032, 991, 934, 881, 1281, 1253, 1239, 1237, 1256, 1313, 1404, 1463, 1488, 1507, 1518, 1518, 1513, 1503, 1487, 1476, 1486, 1521, 1521, 1508, 1480, 1437, 1371, 1308, 1375, 1356, 1373, 1372, 1409, 1493, 1636, 1671, 1650, 1611, 1552, 1508, 1461, 1408, 1374, 1366, 1402, 1464, 1531, 1556, 1559, 1531, 1475, 1411, 1993, 1927, 1893, 1884, 1932, 2057, 2261, 2371, 2362, 2301, 2248, 2217, 2199, 2220, 2275, 2356, 2491, 2639, 2659, 2612, 2545, 2421, 2252, 2090, 1522, 1491, 1474, 1481, 1521, 1624, 1773, 1846, 1855, 1846, 1839, 1817, 1782, 1755, 1724, 1713, 1752, 1826, 1833, 1816, 1782, 1713, 1619, 1533, 37, 37, 36, 36, 36, 38, 40, 40, 41, 40, 40, 37, 38, 38, 37, 38, 38, 40, 39, 39, 38, 37, 35, 35, 3588, 3475, 3424, 3426, 3519, 3774, 4117, 4339, 4396, 4379, 4368, 4357, 4339, 4305, 4271, 4268, 4358, 4537, 4529, 4447, 4352, 4191, 3949, 3721, 1307, 1266, 1252, 1257, 1301, 1408, 1565, 1647, 1645, 1610, 1579, 1563, 1553, 1544, 1545, 1559, 1599, 1663, 1642, 1613, 1567, 1513, 1432, 1352, 2026, 1987, 1971, 1975, 2026, 2159, 2379, 2492, 2507, 2486, 2472, 2438, 2390, 2353, 2317, 2303, 2349, 2435, 2439, 2409, 2362, 2269, 2144, 2047, 1749, 1715, 1698, 1695, 1734, 1836, 1999, 2096, 2129, 2137, 2153, 2137, 2092, 2057, 2011, 1976, 1990, 2059, 2072, 2056, 2026, 1960, 1864, 1766, 4064, 3933, 3859, 3842, 3896, 4082, 4385, 4583, 4605, 4555, 4502, 4471, 4464, 4506, 4591, 4692, 4862, 5049, 5027, 4948, 4842, 4682, 4456, 4194, 125, 120, 117, 117, 119, 126, 137, 148, 152, 154, 154, 154, 154, 155, 155, 157, 163, 170, 170, 166, 162, 154, 143, 132, 76718, 74867, 74075, 74070, 75611, 79671, 86142, 90033, 90443, 89634, 88877, 87984, 87007, 86204, 85515, 85449, 86866, 90085, 90951, 90275, 88790, 86118, 82121, 78169, 0, 0, 0, 0, 0, 0, 0, 0, 0, 0, 0, 0, 0, 0, 0, 0, 0, 0, 0, 0, 0, 0, 0, 0, 0, 0, 0, 0, 0, 0, 0, 0, 0, 0, 0, 0, 0, 0, 0, 0, 0, 0, 0, 0, 0, 0, 0, 0, 0, 0, 0, 0, 0, 0, 0, 0, 0, 0, 0, 0, 0, 0, 0, 0, 0, 0, 0, 0, 0, 0, 0, 0, 0, 0, 0, 0, 0, 0, 0, 0, 0, 0, 0, 0, 0, 0, 0, 0, 0, 0, 0, 0, 0, 0, 0, 0, 0, 0, 0, 0, 0, 0, 0, 0, 0, 0, 0, 0, 0, 0, 0, 0, 0, 0, 0, 0, 0, 0, 0, 0, 0, 0, 0, 0, 0, 0, 0, 0, 0, 0, 0, 0, 0, 0, 0, 0, 0, 0, 0, 0, 0, 0, 0, 0, 0, 0, 0, 0, 0, 0, 0, 0, 0, 0, 0, 0, 0, 0, 0, 0, 0, 0, 0, 0, 0, 0, 0, 0, 17, 18, 7, 17, 17, 18, 10, 17, 7, 7, 17, 7, 18, 17, 10, 17, 17, 17, 17, 17, 17, 7, 0, 0, 0, 0, 0, 0, 0, 0, 0, 0, 0, 0, 0, 0, 0, 0, 0, 0, 0, 0, 0, 0, 0, 0, 0, 0, 0, 0, 0, 0, 0, 0, 0, 0, 0, 0
"2024-11-22", 470, 454, 447, 446, 454, 479, 519, 535, 520, 497, 479, 469, 463, 470, 490, 521, 565, 610, 617, 608, 593, 574, 541, 509, 3203, 3151, 3134, 3146, 3209, 3363, 3611, 3751, 3771, 3750, 3708, 3656, 3607, 3566, 3518, 3484, 3519, 3632, 3674, 3663, 3629, 3557, 3446, 3315, 4857, 4765, 4742, 4766, 4874, 5111, 5501, 5722, 5747, 5709, 5650, 5571, 5492, 5426, 5366, 5354, 5460, 5686, 5742, 5708, 5635, 5495, 5286, 5074, 3180, 3110, 3075, 3073, 3123, 3279, 3540, 3720, 3781, 3818, 3837, 3814, 3795, 3773, 3723, 3687, 3707, 3807, 3821, 3782, 3720, 3616, 3466, 3292, 2807, 2733, 2702, 2715, 2804, 3019, 3318, 3448, 3425, 3356, 3297, 3250, 3201, 3198, 3205, 3256, 3386, 3577, 3592, 3542, 3463, 3353, 3198, 3036, 9207, 8892, 8685, 8574, 8575, 8785, 9339, 10135, 10524, 10661, 10716, 10733, 10708, 10652, 10638, 10576, 10587, 10900, 11163, 11075, 10893, 10658, 10335, 9852, 1677, 1638, 1616, 1617, 1651, 1747, 1902, 2009, 2034, 2043, 2043, 2011, 1994, 1974, 1940, 1907, 1919, 1975, 1993, 1972, 1941, 1890, 1808, 1719, 2476, 2415, 2387, 2385, 2438, 2573, 2792, 2941, 2970, 2972, 2967, 2939, 2899, 2873, 2840, 2821, 2833, 2915, 2947, 2921, 2881, 2813, 2709, 2595, 10252, 10088, 10035, 10119, 10443, 11102, 11947, 12315, 12207, 11937, 11707, 11504, 11347, 11263, 11245, 11385, 11764, 12292, 12344, 12203, 12000, 11693, 11278, 10857, 837, 819, 813, 819, 844, 904, 995, 1030, 1014, 988, 966, 947, 930, 927, 931, 951, 999, 1063, 1071, 1060, 1041, 1009, 964, 916, 1252, 1227, 1214, 1211, 1234, 1296, 1389, 1453, 1484, 1505, 1515, 1513, 1505, 1499, 1483, 1472, 1484, 1522, 1520, 1499, 1474, 1433, 1376, 1318, 1363, 1349, 1336, 1359, 1393, 1484, 1614, 1649, 1632, 1594, 1533, 1482, 1431, 1403, 1369, 1361, 1390, 1459, 1520, 1536, 1538, 1520, 1481, 1446, 1961, 1891, 1858, 1853, 1894, 2018, 2218, 2333, 2337, 2291, 2239, 2216, 2202, 2219, 2274, 2369, 2520, 2670, 2677, 2621, 2549, 2439, 2289, 2135, 1466, 1433, 1419, 1425, 1466, 1567, 1713, 1791, 1804, 1794, 1784, 1764, 1741, 1724, 1698, 1694, 1738, 1808, 1807, 1782, 1746, 1684, 1599, 1512, 34, 34, 34, 35, 36, 38, 39, 40, 38, 38, 38, 37, 38, 37, 36, 37, 36, 38, 36, 36, 36, 35, 35, 33, 3514, 3403, 3350, 3350, 3443, 3699, 4025, 4257, 4322, 4324, 4318, 4304, 4280, 4256, 4231, 4255, 4359, 4553, 4539, 4431, 4330, 4167, 3963, 3755, 1278, 1242, 1226, 1228, 1271, 1379, 1533, 1618, 1628, 1600, 1577, 1553, 1537, 1531, 1537, 1557, 1608, 1678, 1655, 1618, 1566, 1518, 1449, 1383, 1956, 1912, 1896, 1906, 1958, 2089, 2308, 2427, 2447, 2431, 2412, 2382, 2353, 2329, 2299, 2289, 2349, 2438, 2431, 2394, 2340, 2263, 2150, 2045, 1697, 1659, 1641, 1644, 1684, 1787, 1946, 2050, 2082, 2089, 2096, 2090, 2058, 2029, 1986, 1965, 1989, 2040, 2047, 2017, 1982, 1914, 1818, 1726, 3995, 3864, 3790, 3769, 3826, 4016, 4333, 4538, 4588, 4557, 4525, 4506, 4496, 4523, 4597, 4704, 4886, 5080, 5069, 4980, 4869, 4707, 4488, 4250, 123, 118, 116, 116, 118, 124, 135, 145, 151, 153, 153, 153, 152, 153, 153, 155, 162, 170, 170, 165, 160, 154, 144, 133, 74877, 73131, 72321, 72407, 73958, 78017, 84377, 88425, 89141, 88628, 87894, 86967, 86066, 85493, 85031, 85189, 86975, 90327, 90972, 89987, 88462, 86071, 82660, 78925, 0, 0, 0, 0, 0, 0, 0, 0, 0, 0, 0, 0, 0, 0, 0, 0, 0, 0, 0, 0, 0, 0, 0, 0, 0, 0, 0, 0, 0, 0, 0, 0, 0, 0, 0, 0, 0, 0, 0, 0, 0, 0, 0, 0, 0, 0, 0, 0, 0, 0, 0, 0, 0, 0, 0, 0, 0, 0, 0, 0, 0, 0, 0, 0, 0, 0, 0, 0, 0, 0, 0, 0, 0, 0, 0, 0, 0, 0, 0, 0, 0, 0, 0, 0, 0, 0, 0, 0, 0, 0, 0, 0, 0, 0, 0, 0, 0, 0, 0, 0, 0, 0, 0, 0, 0, 0, 0, 0, 0, 0, 0, 0, 0, 0, 0, 0, 0, 0, 0, 0, 0, 0, 0, 0, 0, 0, 0, 0, 0, 0, 0, 0, 0, 0, 0, 0, 0, 0, 0, 0, 0, 0, 0, 0, 0, 0, 0, 0, 0, 0, 0, 0, 0, 0, 0, 0, 0, 0, 0, 0, 0, 0, 0, 0, 0, 0, 0, 0, 18, 8, 7, 17, 17, 18, 10, 7, 7, 7, 18, 6, 18, 7, 12, 17, 7, 7, 7, 17, 17, 7, 0, 0, 0, 0, 0, 0, 0, 0, 0, 0, 0, 0, 0, 0, 0, 0, 0, 0, 0, 0, 0, 0, 0, 0, 0, 0, 0, 0, 0, 0, 0, 0, 0, 0, 0, 0
"2024-11-23", 484, 469, 458, 456, 460, 471, 492, 502, 488, 461, 433, 415, 412, 422, 450, 488, 541, 590, 599, 591, 579, 562, 535, 506, 3216, 3167, 3144, 3147, 3185, 3268, 3386, 3503, 3583, 3596, 3561, 3500, 3423, 3355, 3307, 3292, 3348, 3485, 3544, 3548, 3520, 3456, 3360, 3251, 4906, 4833, 4803, 4824, 4885, 5024, 5234, 5426, 5541, 5533, 5462, 5361, 5249, 5153, 5093, 5120, 5250, 5515, 5591, 5581, 5520, 5398, 5227, 5040, 3164, 3091, 3049, 3033, 3058, 3134, 3255, 3378, 3476, 3545, 3567, 3549, 3505, 3462, 3428, 3423, 3479, 3606, 3639, 3615, 3555, 3467, 3334, 3200, 2898, 2818, 2784, 2782, 2829, 2940, 3096, 3212, 3271, 3230, 3152, 3091, 3034, 2999, 3003, 3062, 3211, 3419, 3473, 3457, 3408, 3328, 3195, 3052, 9360, 9002, 8780, 8639, 8584, 8662, 8931, 9325, 9552, 9769, 9888, 9915, 9878, 9781, 9627, 9547, 9593, 9955, 10288, 10308, 10187, 10029, 9780, 9407, 1642, 1599, 1576, 1569, 1586, 1636, 1713, 1797, 1858, 1889, 1891, 1867, 1826, 1793, 1764, 1749, 1775, 1840, 1865, 1855, 1826, 1782, 1715, 1644, 2495, 2437, 2401, 2396, 2417, 2486, 2594, 2710, 2795, 2839, 2841, 2813, 2766, 2713, 2673, 2656, 2691, 2789, 2839, 2831, 2800, 2742, 2650, 2545, 10547, 10379, 10323, 10378, 10562, 10924, 11391, 11748, 11821, 11624, 11372, 11136, 10922, 10759, 10719, 10891, 11333, 11914, 12076, 12041, 11918, 11686, 11339, 10969, 877, 858, 850, 852, 866, 898, 945, 983, 986, 963, 932, 904, 880, 868, 872, 897, 953, 1022, 1035, 1028, 1014, 988, 947, 905, 1271, 1241, 1227, 1219, 1229, 1258, 1300, 1337, 1374, 1403, 1413, 1415, 1410, 1399, 1391, 1387, 1409, 1463, 1473, 1464, 1446, 1412, 1363, 1308, 1418, 1399, 1403, 1415, 1442, 1491, 1561, 1616, 1660, 1641, 1590, 1527, 1459, 1407, 1370, 1364, 1383, 1456, 1515, 1533, 1529, 1509, 1471, 1433, 2008, 1935, 1899, 1884, 1902, 1968, 2068, 2136, 2144, 2089, 2024, 1980, 1965, 1980, 2043, 2153, 2325, 2501, 2534, 2498, 2445, 2364, 2238, 2098, 1445, 1405, 1389, 1389, 1409, 1462, 1534, 1608, 1653, 1659, 1645, 1618, 1586, 1561, 1543, 1552, 1615, 1694, 1698, 1681, 1649, 1601, 1532, 1462, 33, 34, 34, 34, 34, 35, 36, 36, 36, 36, 35, 35, 34, 33, 34, 34, 34, 35, 36, 35, 34, 35, 34, 34, 3567, 3453, 3393, 3380, 3413, 3528, 3702, 3869, 4007, 4062, 4069, 4048, 4004, 3950, 3927, 3957, 4077, 4285, 4311, 4260, 4185, 4063, 3910, 3727, 1322, 1282, 1259, 1254, 1268, 1307, 1371, 1436, 1474, 1469, 1446, 1420, 1396, 1377, 1379, 1406, 1461, 1536, 1560, 1555, 1535, 1503, 1450, 1392, 1960, 1916, 1896, 1899, 1929, 1998, 2104, 2204, 2265, 2276, 2258, 2227, 2185, 2148, 2129, 2145, 2222, 2326, 2334, 2309, 2268, 2205, 2113, 2016, 1657, 1622, 1601, 1602, 1625, 1679, 1748, 1827, 1891, 1928, 1933, 1914, 1885, 1851, 1825, 1824, 1873, 1950, 1966, 1944, 1904, 1842, 1765, 1688, 4036, 3894, 3810, 3769, 3779, 3866, 3998, 4064, 4088, 4049, 3987, 3952, 3936, 3948, 4040, 4186, 4422, 4672, 4727, 4687, 4620, 4510, 4341, 4152, 124, 119, 117, 116, 116, 119, 125, 130, 133, 134, 134, 133, 133, 132, 133, 136, 144, 155, 157, 155, 152, 147, 140, 131, 75825, 74009, 73082, 72913, 73656, 75702, 78846, 81797, 83473, 83637, 82896, 81778, 80484, 79376, 78873, 79447, 81774, 85670, 86984, 86644, 85534, 83650, 80832, 77673, 0, 0, 0, 0, 0, 0, 0, 0, 0, 0, 0, 0, 0, 0, 0, 0, 0, 0, 0, 0, 0, 0, 0, 0, 0, 0, 0, 0, 0, 0, 0, 0, 0, 0, 0, 0, 0, 0, 0, 0, 0, 0, 0, 0, 0, 0, 0, 0, 0, 0, 0, 0, 0, 0, 0, 0, 0, 0, 0, 0, 0, 0, 0, 0, 0, 0, 0, 0, 0, 0, 0, 0, 0, 0, 0, 0, 0, 0, 0, 0, 0, 0, 0, 0, 0, 0, 0, 0, 0, 0, 0, 0, 0, 0, 0, 0, 0, 0, 0, 0, 0, 0, 0, 0, 0, 0, 0, 0, 0, 0, 0, 0, 0, 0, 0, 0, 0, 0, 0, 0, 0, 0, 0, 0, 0, 0, 0, 0, 0, 0, 0, 0, 0, 0, 0, 0, 0, 0, 0, 0, 0, 0, 0, 0, 0, 0, 0, 0, 0, 0, 0, 0, 0, 0, 0, 0, 0, 0, 0, 0, 0, 0, 0, 0, 0, 0, 0, 0, 17, 18, 20, 17, 19, 18, 10, 8, 18, 20, 17, 7, 18, 8, 14, 17, 18, 18, 10, 18, 17, 18, 0, 0, 0, 0, 0, 0, 0, 0, 0, 0, 0, 0, 0, 0, 0, 0, 0, 0, 0, 0, 0, 0, 0, 0, 0, 0, 0, 0, 0, 0, 0, 0, 0, 0, 0, 0
"2024-11-24", 481, 463, 457, 454, 457, 468, 484, 488, 480, 456, 441, 438, 443, 453, 478, 509, 561, 610, 613, 602, 584, 557, 518, 490, 3151, 3057, 3087, 3096, 3123, 3188, 3292, 3398, 3472, 3463, 3392, 3338, 3304, 3262, 3237, 3246, 3326, 3518, 3600, 3596, 3564, 3474, 3360, 3258, 4853, 4691, 4729, 4731, 4794, 4904, 5070, 5249, 5365, 5356, 5260, 5183, 5121, 5048, 5010, 5050, 5237, 5592, 5666, 5640, 5575, 5403, 5190, 5025, 3076, 2972, 2966, 2955, 2967, 3022, 3120, 3204, 3299, 3370, 3392, 3398, 3396, 3378, 3360, 3380, 3473, 3662, 3710, 3672, 3598, 3488, 3352, 3232, 2899, 2770, 2777, 2773, 2811, 2903, 3026, 3123, 3170, 3144, 3113, 3070, 3045, 3034, 3049, 3113, 3286, 3546, 3591, 3558, 3484, 3345, 3149, 2958, 8952, 8534, 8417, 8302, 8247, 8287, 8453, 8671, 8770, 8959, 9101, 9183, 9225, 9248, 9244, 9266, 9396, 9876, 10310, 10289, 10188, 9985, 9678, 9265, 1577, 1512, 1519, 1513, 1523, 1556, 1613, 1679, 1738, 1761, 1758, 1750, 1740, 1721, 1709, 1714, 1763, 1866, 1908, 1889, 1862, 1806, 1744, 1697, 2443, 2347, 2345, 2338, 2354, 2411, 2493, 2577, 2655, 2688, 2682, 2670, 2653, 2626, 2614, 2623, 2686, 2838, 2915, 2887, 2843, 2744, 2613, 2498, 10528, 10157, 10280, 10315, 10475, 10788, 11202, 11526, 11569, 11352, 11079, 10861, 10734, 10638, 10626, 10784, 11295, 12082, 12226, 12125, 11928, 11526, 11031, 10563, 861, 823, 836, 836, 850, 877, 920, 955, 963, 947, 921, 902, 891, 882, 887, 909, 973, 1053, 1056, 1041, 1017, 972, 919, 870, 1256, 1215, 1209, 1203, 1211, 1234, 1264, 1290, 1327, 1355, 1367, 1375, 1381, 1382, 1380, 1381, 1413, 1484, 1490, 1481, 1457, 1420, 1357, 1296, 1389, 1341, 1386, 1402, 1422, 1474, 1524, 1592, 1639, 1593, 1497, 1418, 1394, 1351, 1342, 1337, 1375, 1472, 1556, 1575, 1557, 1512, 1458, 1395, 1968, 1868, 1844, 1830, 1843, 1893, 1970, 2017, 2033, 2013, 1992, 1991, 1999, 2036, 2100, 2201, 2394, 2591, 2593, 2539, 2462, 2333, 2169, 2012, 1397, 1344, 1346, 1343, 1359, 1400, 1467, 1535, 1589, 1604, 1601, 1591, 1583, 1567, 1563, 1583, 1664, 1767, 1765, 1739, 1701, 1633, 1560, 1493, 35, 34, 34, 34, 34, 35, 36, 36, 37, 37, 36, 35, 35, 35, 36, 35, 36, 37, 36, 36, 35, 33, 34, 33, 3540, 3375, 3359, 3342, 3378, 3468, 3596, 3727, 3860, 3946, 3970, 3985, 3988, 3985, 3975, 4020, 4182, 4452, 4462, 4387, 4289, 4103, 3892, 3666, 1324, 1261, 1257, 1256, 1262, 1298, 1346, 1389, 1417, 1412, 1399, 1385, 1377, 1377, 1386, 1414, 1481, 1580, 1597, 1587, 1561, 1511, 1429, 1359, 1929, 1854, 1866, 1866, 1888, 1943, 2040, 2133, 2198, 2212, 2202, 2192, 2174, 2151, 2141, 2162, 2255, 2382, 2370, 2338, 2289, 2196, 2089, 2008, 1625, 1574, 1572, 1570, 1584, 1630, 1693, 1769, 1844, 1874, 1872, 1868, 1862, 1828, 1817, 1815, 1882, 1985, 1995, 1973, 1939, 1869, 1791, 1724, 3949, 3774, 3721, 3685, 3686, 3745, 3820, 3842, 3856, 3857, 3857, 3884, 3925, 4000, 4099, 4241, 4485, 4770, 4784, 4735, 4649, 4494, 4283, 4044, 123, 117, 115, 114, 115, 117, 120, 122, 125, 127, 127, 128, 129, 131, 133, 137, 147, 159, 160, 157, 153, 146, 136, 126, 74419, 71564, 71701, 71550, 72116, 73753, 76271, 78622, 80111, 80247, 79533, 78916, 78532, 78100, 78087, 78968, 81956, 87086, 88473, 87796, 86400, 83624, 80069, 76675, 0, 0, 0, 0, 0, 0, 0, 0, 0, 0, 0, 0, 0, 0, 0, 0, 0, 0, 0, 0, 0, 0, 0, 0, 0, 0, 0, 0, 0, 0, 0, 0, 0, 0, 0, 0, 0, 0, 0, 0, 0, 0, 0, 0, 0, 0, 0, 0, 0, 0, 0, 0, 0, 0, 0, 0, 0, 0, 0, 0, 0, 0, 0, 0, 0, 0, 0, 0, 0, 0, 0, 0, 0, 0, 0, 0, 0, 0, 0, 0, 0, 0, 0, 0, 0, 0, 0, 0, 0, 0, 0, 0, 0, 0, 0, 0, 0, 0, 0, 0, 0, 0, 0, 0, 0, 0, 0, 0, 0, 0, 0, 0, 0, 0, 0, 0, 0, 0, 0, 0, 0, 0, 0, 0, 0, 0, 0, 0, 0, 0, 0, 0, 0, 0, 0, 0, 0, 0, 0, 0, 0, 0, 0, 0, 0, 0, 0, 0, 0, 0, 0, 0, 0, 0, 0, 0, 0, 0, 0, 0, 0, 0, 0, 0, 0, 0, 0, 0, 19, 19, 18, 18, 19, 18, 18, 19, 20, 18, 18, 8, 18, 17, 2, 18, 19, 17, 18, 18, 18, 19, 0, 0, 0, 0, 0, 0, 0, 0, 0, 0, 0, 0, 0, 0, 0, 0, 0, 0, 0, 0, 0, 0, 0, 0, 0, 0, 0, 0, 0, 0, 0, 0, 0, 0, 0, 0
"2024-11-25", 463, 451, 446, 447, 459, 489, 542, 553, 529, 498, 475, 461, 461, 473, 497, 532, 585, 638, 641, 628, 608, 579, 534, 498, 3186, 3160, 3164, 3194, 3287, 3490, 3784, 3949, 3941, 3891, 3836, 3780, 3740, 3708, 3664, 3640, 3685, 3845, 3917, 3905, 3854, 3743, 3581, 3435, 4910, 4863, 4870, 4921, 5078, 5366, 5815, 6030, 6001, 5893, 5810, 5728, 5649, 5585, 5542, 5549, 5694, 6014, 6089, 6045, 5946, 5733, 5455, 5221, 3146, 3095, 3074, 3090, 3170, 3364, 3688, 3890, 3958, 3984, 3991, 3967, 3956, 3946, 3894, 3862, 3891, 4039, 4065, 4019, 3934, 3787, 3595, 3414, 2827, 2765, 2743, 2774, 2889, 3146, 3494, 3620, 3529, 3396, 3303, 3244, 3216, 3201, 3209, 3269, 3439, 3700, 3733, 3688, 3589, 3431, 3202, 2992, 8870, 8635, 8505, 8461, 8521, 8824, 9523, 10469, 10927, 11068, 11115, 11158, 11139, 11108, 11127, 11079, 11079, 11427, 11736, 11542, 11334, 11045, 10599, 10019, 1653, 1630, 1623, 1635, 1687, 1812, 1999, 2122, 2139, 2142, 2135, 2119, 2110, 2093, 2070, 2044, 2060, 2150, 2179, 2146, 2100, 2020, 1916, 1823, 2408, 2368, 2356, 2375, 2450, 2625, 2894, 3051, 3068, 3055, 3046, 3015, 2996, 2980, 2955, 2944, 2973, 3103, 3163, 3123, 3055, 2943, 2782, 2641, 10255, 10144, 10168, 10319, 10734, 11524, 12532, 12855, 12494, 12064, 11776, 11577, 11434, 11348, 11324, 11483, 11954, 12684, 12792, 12641, 12362, 11897, 11308, 10783, 837, 824, 823, 834, 865, 940, 1049, 1079, 1042, 1001, 973, 954, 941, 935, 940, 963, 1022, 1106, 1116, 1102, 1072, 1021, 957, 900, 1248, 1224, 1216, 1220, 1246, 1315, 1415, 1478, 1514, 1532, 1538, 1536, 1536, 1532, 1516, 1504, 1522, 1579, 1574, 1547, 1511, 1459, 1384, 1308, 1356, 1366, 1380, 1404, 1463, 1568, 1733, 1779, 1722, 1645, 1579, 1512, 1471, 1451, 1428, 1431, 1468, 1573, 1654, 1669, 1646, 1588, 1525, 1453, 1899, 1844, 1825, 1830, 1892, 2048, 2287, 2401, 2367, 2286, 2225, 2192, 2177, 2210, 2279, 2387, 2571, 2776, 2782, 2717, 2626, 2471, 2270, 2092, 1447, 1425, 1424, 1438, 1494, 1624, 1800, 1881, 1880, 1865, 1857, 1837, 1820, 1806, 1787, 1784, 1848, 1952, 1949, 1921, 1875, 1792, 1686, 1596, 33, 33, 32, 34, 33, 34, 37, 37, 39, 38, 37, 37, 37, 38, 37, 39, 40, 41, 42, 40, 41, 40, 39, 37, 3508, 3412, 3375, 3394, 3512, 3810, 4208, 4451, 4483, 4449, 4415, 4394, 4366, 4337, 4312, 4335, 4484, 4758, 4746, 4636, 4511, 4303, 4026, 3763, 1286, 1252, 1243, 1256, 1315, 1443, 1620, 1701, 1684, 1634, 1592, 1567, 1554, 1548, 1548, 1575, 1635, 1729, 1714, 1676, 1619, 1548, 1453, 1364, 1947, 1923, 1919, 1940, 2010, 2169, 2418, 2545, 2549, 2518, 2493, 2461, 2427, 2411, 2382, 2382, 2457, 2578, 2569, 2533, 2462, 2349, 2214, 2108, 1681, 1662, 1656, 1662, 1714, 1842, 2026, 2138, 2158, 2159, 2171, 2150, 2133, 2120, 2075, 2046, 2080, 2174, 2183, 2158, 2118, 2031, 1914, 1823, 3864, 3760, 3709, 3714, 3804, 4047, 4433, 4683, 4702, 4653, 4594, 4560, 4554, 4606, 4701, 4840, 5058, 5299, 5255, 5165, 5035, 4822, 4536, 4248, 119, 116, 115, 115, 118, 125, 140, 152, 157, 158, 157, 157, 155, 156, 157, 160, 168, 178, 177, 172, 166, 157, 144, 131, 74120, 72921, 72605, 73151, 75362, 80421, 88034, 92408, 92401, 91172, 90087, 89093, 88370, 87967, 87635, 88018, 90280, 94888, 95849, 94665, 92646, 89196, 84550, 80176, 0, 0, 0, 0, 0, 0, 0, 0, 0, 0, 0, 0, 0, 0, 0, 0, 0, 0, 0, 0, 0, 0, 0, 0, 0, 0, 0, 0, 0, 0, 0, 0, 0, 0, 0, 0, 0, 0, 0, 0, 0, 0, 0, 0, 0, 0, 0, 0, 0, 0, 0, 0, 0, 0, 0, 0, 0, 0, 0, 0, 0, 0, 0, 0, 0, 0, 0, 0, 0, 0, 0, 0, 0, 0, 0, 0, 0, 0, 0, 0, 0, 0, 0, 0, 0, 0, 0, 0, 0, 0, 0, 0, 0, 0, 0, 0, 0, 0, 0, 0, 0, 0, 0, 0, 0, 0, 0, 0, 0, 0, 0, 0, 0, 0, 0, 0, 0, 0, 0, 0, 0, 0, 0, 0, 0, 0, 0, 0, 0, 0, 0, 0, 0, 0, 0, 0, 0, 0, 0, 0, 0, 0, 0, 0, 0, 0, 0, 0, 0, 0, 0, 0, 0, 0, 0, 0, 0, 0, 0, 0, 0, 0, 0, 0, 0, 0, 0, 0, 18, 7, 7, 17, 7, 18, 18, 18, 7, 7, 17, 7, 18, 7, 21, 17, 7, 7, 7, 17, 17, 7, 0, 0, 0, 0, 0, 0, 0, 0, 0, 0, 0, 0, 0, 0, 0, 0, 0, 0, 0, 0, 0, 0, 0, 0, 0, 0, 0, 0, 0, 0, 0, 0, 0, 0, 0, 0
"2024-11-26", 480, 468, 461, 461, 471, 499, 549, 559, 537, 510, 489, 477, 479, 489, 512, 545, 593, 640, 646, 635, 618, 591, 546, 513, 3302, 3259, 3242, 3259, 3334, 3513, 3797, 3949, 3934, 3882, 3834, 3776, 3735, 3704, 3659, 3632, 3675, 3825, 3901, 3895, 3852, 3740, 3586, 3438, 5043, 4953, 4937, 4964, 5094, 5387, 5830, 6032, 5989, 5902, 5835, 5756, 5694, 5644, 5592, 5604, 5727, 6040, 6125, 6097, 6000, 5790, 5518, 5279, 3282, 3211, 3178, 3175, 3241, 3421, 3723, 3915, 3965, 3977, 3985, 3959, 3934, 3925, 3879, 3836, 3864, 4004, 4051, 4012, 3936, 3801, 3617, 3440, 2842, 2767, 2740, 2762, 2868, 3113, 3452, 3571, 3490, 3381, 3316, 3272, 3246, 3234, 3245, 3312, 3467, 3707, 3749, 3712, 3615, 3466, 3241, 3032, 9437, 9097, 8885, 8772, 8784, 9028, 9672, 10592, 11017, 11135, 11147, 11156, 11110, 11076, 11079, 11021, 11037, 11392, 11688, 11525, 11328, 11049, 10606, 10035, 1748, 1708, 1684, 1683, 1724, 1839, 2021, 2134, 2145, 2146, 2133, 2107, 2094, 2077, 2052, 2024, 2035, 2115, 2157, 2132, 2092, 2020, 1919, 1829, 2517, 2458, 2427, 2433, 2494, 2656, 2908, 3046, 3053, 3036, 3033, 3001, 2979, 2962, 2937, 2925, 2948, 3069, 3136, 3116, 3063, 2956, 2808, 2666, 10416, 10269, 10254, 10382, 10770, 11540, 12500, 12828, 12489, 12065, 11800, 11617, 11498, 11428, 11421, 11592, 12048, 12741, 12844, 12706, 12431, 11974, 11385, 10855, 861, 844, 839, 845, 874, 944, 1048, 1073, 1037, 997, 969, 952, 944, 940, 946, 971, 1027, 1107, 1120, 1107, 1079, 1029, 964, 908, 1254, 1229, 1215, 1217, 1242, 1311, 1415, 1483, 1513, 1530, 1539, 1538, 1537, 1535, 1526, 1518, 1534, 1591, 1593, 1573, 1539, 1484, 1412, 1341, 1384, 1369, 1376, 1391, 1425, 1525, 1675, 1716, 1661, 1604, 1544, 1488, 1462, 1435, 1409, 1413, 1459, 1555, 1633, 1647, 1637, 1587, 1526, 1455, 1961, 1900, 1873, 1876, 1929, 2077, 2324, 2437, 2409, 2343, 2297, 2276, 2263, 2288, 2347, 2441, 2612, 2797, 2810, 2756, 2664, 2511, 2309, 2128, 1535, 1505, 1494, 1503, 1553, 1676, 1849, 1920, 1915, 1892, 1879, 1864, 1847, 1837, 1816, 1816, 1872, 1969, 1972, 1952, 1906, 1822, 1717, 1622, 37, 35, 36, 36, 37, 38, 41, 41, 41, 41, 41, 42, 40, 39, 39, 39, 42, 40, 41, 39, 39, 38, 38, 38, 3565, 3455, 3408, 3414, 3522, 3809, 4195, 4429, 4471, 4437, 4419, 4403, 4382, 4367, 4351, 4386, 4526, 4786, 4778, 4686, 4566, 4353, 4069, 3805, 1289, 1253, 1238, 1245, 1294, 1420, 1597, 1682, 1671, 1632, 1598, 1577, 1567, 1562, 1566, 1589, 1650, 1731, 1718, 1682, 1627, 1559, 1469, 1378, 2028, 1990, 1974, 1987, 2050, 2205, 2458, 2570, 2568, 2532, 2507, 2478, 2451, 2440, 2417, 2412, 2479, 2598, 2593, 2561, 2494, 2384, 2245, 2135, 1763, 1724, 1711, 1715, 1754, 1889, 2078, 2187, 2196, 2191, 2196, 2179, 2156, 2147, 2103, 2073, 2103, 2185, 2203, 2183, 2144, 2065, 1947, 1850, 4022, 3894, 3832, 3819, 3892, 4119, 4494, 4730, 4741, 4701, 4670, 4653, 4645, 4704, 4780, 4891, 5090, 5321, 5290, 5206, 5075, 4867, 4585, 4294, 123, 118, 116, 116, 119, 127, 141, 153, 158, 159, 160, 159, 158, 158, 159, 162, 170, 179, 178, 174, 168, 158, 146, 133, 76661, 74974, 74268, 74476, 76328, 81089, 88448, 92611, 92496, 91308, 90365, 89428, 88724, 88380, 88053, 88369, 90508, 94852, 95962, 94983, 93088, 89740, 85167, 80787, 0, 0, 0, 0, 0, 0, 0, 0, 0, 0, 0, 0, 0, 0, 0, 0, 0, 0, 0, 0, 0, 0, 0, 0, 0, 0, 0, 0, 0, 0, 0, 0, 0, 0, 0, 0, 0, 0, 0, 0, 0, 0, 0, 0, 0, 0, 0, 0, 0, 0, 0, 0, 0, 0, 0, 0, 0, 0, 0, 0, 0, 0, 0, 0, 0, 0, 0, 0, 0, 0, 0, 0, 0, 0, 0, 0, 0, 0, 0, 0, 0, 0, 0, 0, 0, 0, 0, 0, 0, 0, 0, 0, 0, 0, 0, 0, 0, 0, 0, 0, 0, 0, 0, 0, 0, 0, 0, 0, 0, 0, 0, 0, 0, 0, 0, 0, 0, 0, 0, 0, 0, 0, 0, 0, 0, 0, 0, 0, 0, 0, 0, 0, 0, 0, 0, 0, 0, 0, 0, 0, 0, 0, 0, 0, 0, 0, 0, 0, 0, 0, 0, 0, 0, 0, 0, 0, 0, 0, 0, 0, 0, 0, 0, 0, 0, 0, 0, 0, 18, 18, 19, 17, 18, 18, 18, 18, 19, 19, 17, 22, 18, 18, 11, 17, 17, 18, 17, 17, 17, 18, 0, 0, 0, 0, 0, 0, 0, 0, 0, 0, 0, 0, 0, 0, 0, 0, 0, 0, 0, 0, 0, 0, 0, 0, 0, 0, 0, 0, 0, 0, 0, 0, 0, 0, 0, 0
"2024-11-27", 482, 469, 462, 461, 471, 500, 549, 566, 536, 507, 482, 467, 467, 478, 502, 538, 589, 637, 644, 634, 615, 588, 548, 513, 3341, 3292, 3276, 3289, 3360, 3537, 3810, 3952, 3943, 3885, 3839, 3773, 3726, 3692, 3644, 3615, 3656, 3796, 3860, 3854, 3813, 3714, 3553, 3402, 5112, 5029, 5006, 5035, 5177, 5461, 5905, 6106, 6040, 5933, 5814, 5725, 5651, 5603, 5550, 5563, 5692, 5970, 6040, 6028, 5932, 5743, 5464, 5226, 3318, 3245, 3209, 3204, 3267, 3434, 3734, 3925, 3975, 3989, 4001, 3978, 3949, 3940, 3890, 3848, 3869, 3989, 4024, 3982, 3904, 3772, 3579, 3393, 2867, 2797, 2773, 2796, 2902, 3153, 3500, 3628, 3542, 3409, 3319, 3252, 3213, 3205, 3218, 3284, 3439, 3671, 3711, 3676, 3590, 3445, 3230, 3027, 9511, 9148, 8929, 8795, 8792, 9025, 9656, 10558, 11006, 11140, 11167, 11190, 11155, 11107, 11105, 11031, 11027, 11352, 11647, 11488, 11286, 11005, 10570, 9988, 1773, 1729, 1705, 1703, 1742, 1851, 2025, 2138, 2155, 2151, 2144, 2120, 2104, 2090, 2064, 2031, 2046, 2118, 2146, 2120, 2077, 2004, 1896, 1795, 2569, 2513, 2482, 2480, 2532, 2686, 2932, 3081, 3101, 3083, 3073, 3040, 3018, 2998, 2967, 2946, 2961, 3068, 3122, 3095, 3042, 2941, 2792, 2646, 10475, 10332, 10318, 10455, 10842, 11621, 12598, 12966, 12649, 12201, 11888, 11673, 11499, 11402, 11375, 11536, 11991, 12654, 12776, 12658, 12400, 11965, 11382, 10864, 864, 846, 842, 849, 877, 947, 1051, 1080, 1048, 1007, 977, 953, 940, 933, 939, 961, 1018, 1096, 1110, 1100, 1073, 1027, 964, 907, 1288, 1260, 1249, 1249, 1272, 1342, 1445, 1513, 1543, 1553, 1558, 1557, 1552, 1548, 1533, 1523, 1536, 1582, 1582, 1560, 1530, 1476, 1403, 1335, 1417, 1397, 1403, 1410, 1435, 1510, 1655, 1690, 1646, 1580, 1517, 1458, 1420, 1388, 1363, 1363, 1402, 1499, 1588, 1605, 1602, 1566, 1494, 1428, 1995, 1929, 1898, 1897, 1947, 2093, 2342, 2452, 2415, 2330, 2266, 2228, 2215, 2253, 2323, 2423, 2600, 2774, 2789, 2731, 2646, 2503, 2308, 2134, 1551, 1517, 1504, 1512, 1561, 1682, 1851, 1924, 1914, 1885, 1871, 1852, 1830, 1818, 1796, 1795, 1851, 1937, 1939, 1918, 1878, 1794, 1687, 1587, 38, 38, 37, 38, 38, 38, 41, 43, 42, 42, 39, 40, 38, 38, 38, 38, 40, 39, 40, 41, 39, 39, 38, 38, 3597, 3483, 3432, 3440, 3548, 3841, 4229, 4470, 4503, 4459, 4423, 4392, 4362, 4336, 4314, 4348, 4493, 4722, 4727, 4635, 4514, 4318, 4039, 3787, 1300, 1262, 1252, 1258, 1310, 1433, 1612, 1698, 1686, 1641, 1596, 1569, 1555, 1548, 1550, 1578, 1635, 1722, 1708, 1671, 1619, 1557, 1465, 1380, 2046, 2008, 1992, 2004, 2064, 2219, 2472, 2593, 2582, 2538, 2507, 2473, 2443, 2429, 2404, 2401, 2466, 2570, 2570, 2537, 2470, 2365, 2224, 2118, 1786, 1744, 1726, 1733, 1777, 1897, 2092, 2198, 2210, 2201, 2211, 2186, 2159, 2143, 2105, 2070, 2099, 2169, 2178, 2152, 2117, 2037, 1920, 1825, 4063, 3930, 3862, 3844, 3914, 4136, 4519, 4752, 4754, 4680, 4617, 4574, 4561, 4625, 4722, 4848, 5057, 5272, 5252, 5171, 5046, 4850, 4574, 4291, 124, 119, 117, 117, 120, 127, 141, 154, 158, 159, 159, 158, 157, 158, 159, 161, 169, 177, 177, 173, 167, 159, 146, 134, 77479, 75720, 74991, 75141, 76942, 81603, 88924, 93121, 93024, 91632, 90474, 89345, 88474, 88062, 87704, 87990, 90095, 94122, 95174, 94219, 92391, 89229, 84635, 80256, 0, 0, 0, 0, 0, 0, 0, 0, 0, 0, 0, 0, 0, 0, 0, 0, 0, 0, 0, 0, 0, 0, 0, 0, 0, 0, 0, 0, 0, 0, 0, 0, 0, 0, 0, 0, 0, 0, 0, 0, 0, 0, 0, 0, 0, 0, 0, 0, 0, 0, 0, 0, 0, 0, 0, 0, 0, 0, 0, 0, 0, 0, 0, 0, 0, 0, 0, 0, 0, 0, 0, 0, 0, 0, 0, 0, 0, 0, 0, 0, 0, 0, 0, 0, 0, 0, 0, 0, 0, 0, 0, 0, 0, 0, 0, 0, 0, 0, 0, 0, 0, 0, 0, 0, 0, 0, 0, 0, 0, 0, 0, 0, 0, 0, 0, 0, 0, 0, 0, 0, 0, 0, 0, 0, 0, 0, 0, 0, 0, 0, 0, 0, 0, 0, 0, 0, 0, 0, 0, 0, 0, 0, 0, 0, 0, 0, 0, 0, 0, 0, 0, 0, 0, 0, 0, 0, 0, 0, 0, 0, 0, 0, 0, 0, 0, 0, 0, 0, 18, 18, 7, 18, 7, 18, 17, 7, 7, 7, 17, 6, 18, 17, 7, 17, 7, 7, 17, 17, 17, 7, 0, 0, 0, 0, 0, 0, 0, 0, 0, 0, 0, 0, 0, 0, 0, 0, 0, 0, 0, 0, 0, 0, 0, 0, 0, 0, 0, 0, 0, 0, 0, 0, 0, 0, 0, 0
"2024-11-01", 470, 454, 447, 446, 454, 479, 519, 535, 520, 497, 479, 469, 463, 470, 490, 521, 565, 610, 617, 608, 593, 574, 541, 509, 3203, 3151, 3134, 3146, 3209, 3363, 3611, 3751, 3771, 3750, 3708, 3656, 3607, 3566, 3518, 3484, 3519, 3632, 3674, 3663, 3629, 3557, 3446, 3315, 4857, 4765, 4742, 4766, 4874, 5111, 5501, 5722, 5747, 5709, 5650, 5571, 5492, 5426, 5366, 5354, 5460, 5686, 5742, 5708, 5635, 5495, 5286, 5074, 3180, 3110, 3075, 3073, 3123, 3279, 3540, 3720, 3781, 3818, 3837, 3814, 3795, 3773, 3723, 3687, 3707, 3807, 3821, 3782, 3720, 3616, 3466, 3292, 2807, 2733, 2702, 2715, 2804, 3019, 3318, 3448, 3425, 3356, 3297, 3250, 3201, 3198, 3205, 3256, 3386, 3577, 3592, 3542, 3463, 3353, 3198, 3036, 9207, 8892, 8685, 8574, 8575, 8785, 9339, 10135, 10524, 10661, 10716, 10733, 10708, 10652, 10638, 10576, 10587, 10900, 11163, 11075, 10893, 10658, 10335, 9852, 1677, 1638, 1616, 1617, 1651, 1747, 1902, 2009, 2034, 2043, 2043, 2011, 1994, 1974, 1940, 1907, 1919, 1975, 1993, 1972, 1941, 1890, 1808, 1719, 2476, 2415, 2387, 2385, 2438, 2573, 2792, 2941, 2970, 2972, 2967, 2939, 2899, 2873, 2840, 2821, 2833, 2915, 2947, 2921, 2881, 2813, 2709, 2595, 10252, 10088, 10035, 10119, 10443, 11102, 11947, 12315, 12207, 11937, 11707, 11504, 11347, 11263, 11245, 11385, 11764, 12292, 12344, 12203, 12000, 11693, 11278, 10857, 837, 819, 813, 819, 844, 904, 995, 1030, 1014, 988, 966, 947, 930, 927, 931, 951, 999, 1063, 1071, 1060, 1041, 1009, 964, 916, 1252, 1227, 1214, 1211, 1234, 1296, 1389, 1453, 1484, 1505, 1515, 1513, 1505, 1499, 1483, 1472, 1484, 1522, 1520, 1499, 1474, 1433, 1376, 1318, 1363, 1349, 1336, 1359, 1393, 1484, 1614, 1649, 1632, 1594, 1533, 1482, 1431, 1403, 1369, 1361, 1390, 1459, 1520, 1536, 1538, 1520, 1481, 1446, 1961, 1891, 1858, 1853, 1894, 2018, 2218, 2333, 2337, 2291, 2239, 2216, 2202, 2219, 2274, 2369, 2520, 2670, 2677, 2621, 2549, 2439, 2289, 2135, 1466, 1433, 1419, 1425, 1466, 1567, 1713, 1791, 1804, 1794, 1784, 1764, 1741, 1724, 1698, 1694, 1738, 1808, 1807, 1782, 1746, 1684, 1599, 1512, 34, 34, 34, 35, 36, 38, 39, 40, 38, 38, 38, 37, 38, 37, 36, 37, 36, 38, 36, 36, 36, 35, 35, 33, 3514, 3403, 3350, 3350, 3443, 3699, 4025, 4257, 4322, 4324, 4318, 4304, 4280, 4256, 4231, 4255, 4359, 4553, 4539, 4431, 4330, 4167, 3963, 3755, 1278, 1242, 1226, 1228, 1271, 1379, 1533, 1618, 1628, 1600, 1577, 1553, 1537, 1531, 1537, 1557, 1608, 1678, 1655, 1618, 1566, 1518, 1449, 1383, 1956, 1912, 1896, 1906, 1958, 2089, 2308, 2427, 2447, 2431, 2412, 2382, 2353, 2329, 2299, 2289, 2349, 2438, 2431, 2394, 2340, 2263, 2150, 2045, 1697, 1659, 1641, 1644, 1684, 1787, 1946, 2050, 2082, 2089, 2096, 2090, 2058, 2029, 1986, 1965, 1989, 2040, 2047, 2017, 1982, 1914, 1818, 1726, 3995, 3864, 3790, 3769, 3826, 4016, 4333, 4538, 4588, 4557, 4525, 4506, 4496, 4523, 4597, 4704, 4886, 5080, 5069, 4980, 4869, 4707, 4488, 4250, 123, 118, 116, 116, 118, 124, 135, 145, 151, 153, 153, 153, 152, 153, 153, 155, 162, 170, 170, 165, 160, 154, 144, 133, 74877, 73131, 72321, 72407, 73958, 78017, 84377, 88425, 89141, 88628, 87894, 86967, 86066, 85493, 85031, 85189, 86975, 90327, 90972, 89987, 88462, 86071, 82660, 78925, 0, 0, 0, 0, 0, 0, 0, 0, 0, 0, 0, 0, 0, 0, 0, 0, 0, 0, 0, 0, 0, 0, 0, 0, 0, 0, 0, 0, 0, 0, 0, 0, 0, 0, 0, 0, 0, 0, 0, 0, 0, 0, 0, 0, 0, 0, 0, 0, 0, 0, 0, 0, 0, 0, 0, 0, 0, 0, 0, 0, 0, 0, 0, 0, 0, 0, 0, 0, 0, 0, 0, 0, 0, 0, 0, 0, 0, 0, 0, 0, 0, 0, 0, 0, 0, 0, 0, 0, 0, 0, 0, 0, 0, 0, 0, 0, 0, 0, 0, 0, 0, 0, 0, 0, 0, 0, 0, 0, 0, 0, 0, 0, 0, 0, 0, 0, 0, 0, 0, 0, 0, 0, 0, 0, 0, 0, 0, 0, 0, 0, 0, 0, 0, 0, 0, 0, 0, 0, 0, 0, 0, 0, 0, 0, 0, 0, 0, 0, 0, 0, 0, 0, 0, 0, 0, 0, 0, 0, 0, 0, 0, 0, 0, 0, 0, 0, 0, 0, 18, 8, 7, 17, 17, 18, 10, 7, 7, 7, 18, 6, 18, 7, 12, 17, 7, 7, 7, 17, 17, 7, 0, 0, 0, 0, 0, 0, 0, 0, 0, 0, 0, 0, 0, 0, 0, 0, 0, 0, 0, 0, 0, 0, 0, 0, 0, 0, 0, 0, 0, 0, 0, 0, 0, 0, 0, 0
"2024-11-02", 484, 469, 458, 456, 460, 471, 492, 502, 488, 461, 433, 415, 412, 422, 450, 488, 541, 590, 599, 591, 579, 562, 535, 506, 3216, 3167, 3144, 3147, 3185, 3268, 3386, 3503, 3583, 3596, 3561, 3500, 3423, 3355, 3307, 3292, 3348, 3485, 3544, 3548, 3520, 3456, 3360, 3251, 4906, 4833, 4803, 4824, 4885, 5024, 5234, 5426, 5541, 5533, 5462, 5361, 5249, 5153, 5093, 5120, 5250, 5515, 5591, 5581, 5520, 5398, 5227, 5040, 3164, 3091, 3049, 3033, 3058, 3134, 3255, 3378, 3476, 3545, 3567, 3549, 3505, 3462, 3428, 3423, 3479, 3606, 3639, 3615, 3555, 3467, 3334, 3200, 2898, 2818, 2784, 2782, 2829, 2940, 3096, 3212, 3271, 3230, 3152, 3091, 3034, 2999, 3003, 3062, 3211, 3419, 3473, 3457, 3408, 3328, 3195, 3052, 9360, 9002, 8780, 8639, 8584, 8662, 8931, 9325, 9552, 9769, 9888, 9915, 9878, 9781, 9627, 9547, 9593, 9955, 10288, 10308, 10187, 10029, 9780, 9407, 1642, 1599, 1576, 1569, 1586, 1636, 1713, 1797, 1858, 1889, 1891, 1867, 1826, 1793, 1764, 1749, 1775, 1840, 1865, 1855, 1826, 1782, 1715, 1644, 2495, 2437, 2401, 2396, 2417, 2486, 2594, 2710, 2795, 2839, 2841, 2813, 2766, 2713, 2673, 2656, 2691, 2789, 2839, 2831, 2800, 2742, 2650, 2545, 10547, 10379, 10323, 10378, 10562, 10924, 11391, 11748, 11821, 11624, 11372, 11136, 10922, 10759, 10719, 10891, 11333, 11914, 12076, 12041, 11918, 11686, 11339, 10969, 877, 858, 850, 852, 866, 898, 945, 983, 986, 963, 932, 904, 880, 868, 872, 897, 953, 1022, 1035, 1028, 1014, 988, 947, 905, 1271, 1241, 1227, 1219, 1229, 1258, 1300, 1337, 1374, 1403, 1413, 1415, 1410, 1399, 1391, 1387, 1409, 1463, 1473, 1464, 1446, 1412, 1363, 1308, 1418, 1399, 1403, 1415, 1442, 1491, 1561, 1616, 1660, 1641, 1590, 1527, 1459, 1407, 1370, 1364, 1383, 1456, 1515, 1533, 1529, 1509, 1471, 1433, 2008, 1935, 1899, 1884, 1902, 1968, 2068, 2136, 2144, 2089, 2024, 1980, 1965, 1980, 2043, 2153, 2325, 2501, 2534, 2498, 2445, 2364, 2238, 2098, 1445, 1405, 1389, 1389, 1409, 1462, 1534, 1608, 1653, 1659, 1645, 1618, 1586, 1561, 1543, 1552, 1615, 1694, 1698, 1681, 1649, 1601, 1532, 1462, 33, 34, 34, 34, 34, 35, 36, 36, 36, 36, 35, 35, 34, 33, 34, 34, 34, 35, 36, 35, 34, 35, 34, 34, 3567, 3453, 3393, 3380, 3413, 3528, 3702, 3869, 4007, 4062, 4069, 4048, 4004, 3950, 3927, 3957, 4077, 4285, 4311, 4260, 4185, 4063, 3910, 3727, 1322, 1282, 1259, 1254, 1268, 1307, 1371, 1436, 1474, 1469, 1446, 1420, 1396, 1377, 1379, 1406, 1461, 1536, 1560, 1555, 1535, 1503, 1450, 1392, 1960, 1916, 1896, 1899, 1929, 1998, 2104, 2204, 2265, 2276, 2258, 2227, 2185, 2148, 2129, 2145, 2222, 2326, 2334, 2309, 2268, 2205, 2113, 2016, 1657, 1622, 1601, 1602, 1625, 1679, 1748, 1827, 1891, 1928, 1933, 1914, 1885, 1851, 1825, 1824, 1873, 1950, 1966, 1944, 1904, 1842, 1765, 1688, 4036, 3894, 3810, 3769, 3779, 3866, 3998, 4064, 4088, 4049, 3987, 3952, 3936, 3948, 4040, 4186, 4422, 4672, 4727, 4687, 4620, 4510, 4341, 4152, 124, 119, 117, 116, 116, 119, 125, 130, 133, 134, 134, 133, 133, 132, 133, 136, 144, 155, 157, 155, 152, 147, 140, 131, 75825, 74009, 73082, 72913, 73656, 75702, 78846, 81797, 83473, 83637, 82896, 81778, 80484, 79376, 78873, 79447, 81774, 85670, 86984, 86644, 85534, 83650, 80832, 77673, 0, 0, 0, 0, 0, 0, 0, 0, 0, 0, 0, 0, 0, 0, 0, 0, 0, 0, 0, 0, 0, 0, 0, 0, 0, 0, 0, 0, 0, 0, 0, 0, 0, 0, 0, 0, 0, 0, 0, 0, 0, 0, 0, 0, 0, 0, 0, 0, 0, 0, 0, 0, 0, 0, 0, 0, 0, 0, 0, 0, 0, 0, 0, 0, 0, 0, 0, 0, 0, 0, 0, 0, 0, 0, 0, 0, 0, 0, 0, 0, 0, 0, 0, 0, 0, 0, 0, 0, 0, 0, 0, 0, 0, 0, 0, 0, 0, 0, 0, 0, 0, 0, 0, 0, 0, 0, 0, 0, 0, 0, 0, 0, 0, 0, 0, 0, 0, 0, 0, 0, 0, 0, 0, 0, 0, 0, 0, 0, 0, 0, 0, 0, 0, 0, 0, 0, 0, 0, 0, 0, 0, 0, 0, 0, 0, 0, 0, 0, 0, 0, 0, 0, 0, 0, 0, 0, 0, 0, 0, 0, 0, 0, 0, 0, 0, 0, 0, 0, 17, 18, 20, 17, 19, 18, 10, 8, 18, 20, 17, 7, 18, 8, 14, 17, 18, 18, 10, 18, 17, 18, 0, 0, 0, 0, 0, 0, 0, 0, 0, 0, 0, 0, 0, 0, 0, 0, 0, 0, 0, 0, 0, 0, 0, 0, 0, 0, 0, 0, 0, 0, 0, 0, 0, 0, 0, 0
"2024-11-03", 481, 463, 457, 454, 457, 468, 484, 488, 480, 456, 441, 438, 443, 453, 478, 509, 561, 610, 613, 602, 584, 557, 518, 490, 3151, 3057, 3087, 3096, 3123, 3188, 3292, 3398, 3472, 3463, 3392, 3338, 3304, 3262, 3237, 3246, 3326, 3518, 3600, 3596, 3564, 3474, 3360, 3258, 4853, 4691, 4729, 4731, 4794, 4904, 5070, 5249, 5365, 5356, 5260, 5183, 5121, 5048, 5010, 5050, 5237, 5592, 5666, 5640, 5575, 5403, 5190, 5025, 3076, 2972, 2966, 2955, 2967, 3022, 3120, 3204, 3299, 3370, 3392, 3398, 3396, 3378, 3360, 3380, 3473, 3662, 3710, 3672, 3598, 3488, 3352, 3232, 2899, 2770, 2777, 2773, 2811, 2903, 3026, 3123, 3170, 3144, 3113, 3070, 3045, 3034, 3049, 3113, 3286, 3546, 3591, 3558, 3484, 3345, 3149, 2958, 8952, 8534, 8417, 8302, 8247, 8287, 8453, 8671, 8770, 8959, 9101, 9183, 9225, 9248, 9244, 9266, 9396, 9876, 10310, 10289, 10188, 9985, 9678, 9265, 1577, 1512, 1519, 1513, 1523, 1556, 1613, 1679, 1738, 1761, 1758, 1750, 1740, 1721, 1709, 1714, 1763, 1866, 1908, 1889, 1862, 1806, 1744, 1697, 2443, 2347, 2345, 2338, 2354, 2411, 2493, 2577, 2655, 2688, 2682, 2670, 2653, 2626, 2614, 2623, 2686, 2838, 2915, 2887, 2843, 2744, 2613, 2498, 10528, 10157, 10280, 10315, 10475, 10788, 11202, 11526, 11569, 11352, 11079, 10861, 10734, 10638, 10626, 10784, 11295, 12082, 12226, 12125, 11928, 11526, 11031, 10563, 861, 823, 836, 836, 850, 877, 920, 955, 963, 947, 921, 902, 891, 882, 887, 909, 973, 1053, 1056, 1041, 1017, 972, 919, 870, 1256, 1215, 1209, 1203, 1211, 1234, 1264, 1290, 1327, 1355, 1367, 1375, 1381, 1382, 1380, 1381, 1413, 1484, 1490, 1481, 1457, 1420, 1357, 1296, 1389, 1341, 1386, 1402, 1422, 1474, 1524, 1592, 1639, 1593, 1497, 1418, 1394, 1351, 1342, 1337, 1375, 1472, 1556, 1575, 1557, 1512, 1458, 1395, 1968, 1868, 1844, 1830, 1843, 1893, 1970, 2017, 2033, 2013, 1992, 1991, 1999, 2036, 2100, 2201, 2394, 2591, 2593, 2539, 2462, 2333, 2169, 2012, 1397, 1344, 1346, 1343, 1359, 1400, 1467, 1535, 1589, 1604, 1601, 1591, 1583, 1567, 1563, 1583, 1664, 1767, 1765, 1739, 1701, 1633, 1560, 1493, 35, 34, 34, 34, 34, 35, 36, 36, 37, 37, 36, 35, 35, 35, 36, 35, 36, 37, 36, 36, 35, 33, 34, 33, 3540, 3375, 3359, 3342, 3378, 3468, 3596, 3727, 3860, 3946, 3970, 3985, 3988, 3985, 3975, 4020, 4182, 4452, 4462, 4387, 4289, 4103, 3892, 3666, 1324, 1261, 1257, 1256, 1262, 1298, 1346, 1389, 1417, 1412, 1399, 1385, 1377, 1377, 1386, 1414, 1481, 1580, 1597, 1587, 1561, 1511, 1429, 1359, 1929, 1854, 1866, 1866, 1888, 1943, 2040, 2133, 2198, 2212, 2202, 2192, 2174, 2151, 2141, 2162, 2255, 2382, 2370, 2338, 2289, 2196, 2089, 2008, 1625, 1574, 1572, 1570, 1584, 1630, 1693, 1769, 1844, 1874, 1872, 1868, 1862, 1828, 1817, 1815, 1882, 1985, 1995, 1973, 1939, 1869, 1791, 1724, 3949, 3774, 3721, 3685, 3686, 3745, 3820, 3842, 3856, 3857, 3857, 3884, 3925, 4000, 4099, 4241, 4485, 4770, 4784, 4735, 4649, 4494, 4283, 4044, 123, 117, 115, 114, 115, 117, 120, 122, 125, 127, 127, 128, 129, 131, 133, 137, 147, 159, 160, 157, 153, 146, 136, 126, 74419, 71564, 71701, 71550, 72116, 73753, 76271, 78622, 80111, 80247, 79533, 78916, 78532, 78100, 78087, 78968, 81956, 87086, 88473, 87796, 86400, 83624, 80069, 76675, 0, 0, 0, 0, 0, 0, 0, 0, 0, 0, 0, 0, 0, 0, 0, 0, 0, 0, 0, 0, 0, 0, 0, 0, 0, 0, 0, 0, 0, 0, 0, 0, 0, 0, 0, 0, 0, 0, 0, 0, 0, 0, 0, 0, 0, 0, 0, 0, 0, 0, 0, 0, 0, 0, 0, 0, 0, 0, 0, 0, 0, 0, 0, 0, 0, 0, 0, 0, 0, 0, 0, 0, 0, 0, 0, 0, 0, 0, 0, 0, 0, 0, 0, 0, 0, 0, 0, 0, 0, 0, 0, 0, 0, 0, 0, 0, 0, 0, 0, 0, 0, 0, 0, 0, 0, 0, 0, 0, 0, 0, 0, 0, 0, 0, 0, 0, 0, 0, 0, 0, 0, 0, 0, 0, 0, 0, 0, 0, 0, 0, 0, 0, 0, 0, 0, 0, 0, 0, 0, 0, 0, 0, 0, 0, 0, 0, 0, 0, 0, 0, 0, 0, 0, 0, 0, 0, 0, 0, 0, 0, 0, 0, 0, 0, 0, 0, 0, 0, 19, 19, 18, 18, 19, 18, 18, 19, 20, 18, 18, 8, 18, 17, 2, 18, 19, 17, 18, 18, 18, 19, 0, 0, 0, 0, 0, 0, 0, 0, 0, 0, 0, 0, 0, 0, 0, 0, 0, 0, 0, 0, 0, 0, 0, 0, 0, 0, 0, 0, 0, 0, 0, 0, 0, 0, 0, 0
"2024-11-04", 463, 451, 446, 447, 459, 489, 542, 553, 529, 498, 475, 461, 461, 473, 497, 532, 585, 638, 641, 628, 608, 579, 534, 498, 3186, 3160, 3164, 3194, 3287, 3490, 3784, 3949, 3941, 3891, 3836, 3780, 3740, 3708, 3664, 3640, 3685, 3845, 3917, 3905, 3854, 3743, 3581, 3435, 4910, 4863, 4870, 4921, 5078, 5366, 5815, 6030, 6001, 5893, 5810, 5728, 5649, 5585, 5542, 5549, 5694, 6014, 6089, 6045, 5946, 5733, 5455, 5221, 3146, 3095, 3074, 3090, 3170, 3364, 3688, 3890, 3958, 3984, 3991, 3967, 3956, 3946, 3894, 3862, 3891, 4039, 4065, 4019, 3934, 3787, 3595, 3414, 2827, 2765, 2743, 2774, 2889, 3146, 3494, 3620, 3529, 3396, 3303, 3244, 3216, 3201, 3209, 3269, 3439, 3700, 3733, 3688, 3589, 3431, 3202, 2992, 8870, 8635, 8505, 8461, 8521, 8824, 9523, 10469, 10927, 11068, 11115, 11158, 11139, 11108, 11127, 11079, 11079, 11427, 11736, 11542, 11334, 11045, 10599, 10019, 1653, 1630, 1623, 1635, 1687, 1812, 1999, 2122, 2139, 2142, 2135, 2119, 2110, 2093, 2070, 2044, 2060, 2150, 2179, 2146, 2100, 2020, 1916, 1823, 2408, 2368, 2356, 2375, 2450, 2625, 2894, 3051, 3068, 3055, 3046, 3015, 2996, 2980, 2955, 2944, 2973, 3103, 3163, 3123, 3055, 2943, 2782, 2641, 10255, 10144, 10168, 10319, 10734, 11524, 12532, 12855, 12494, 12064, 11776, 11577, 11434, 11348, 11324, 11483, 11954, 12684, 12792, 12641, 12362, 11897, 11308, 10783, 837, 824, 823, 834, 865, 940, 1049, 1079, 1042, 1001, 973, 954, 941, 935, 940, 963, 1022, 1106, 1116, 1102, 1072, 1021, 957, 900, 1248, 1224, 1216, 1220, 1246, 1315, 1415, 1478, 1514, 1532, 1538, 1536, 1536, 1532, 1516, 1504, 1522, 1579, 1574, 1547, 1511, 1459, 1384, 1308, 1356, 1366, 1380, 1404, 1463, 1568, 1733, 1779, 1722, 1645, 1579, 1512, 1471, 1451, 1428, 1431, 1468, 1573, 1654, 1669, 1646, 1588, 1525, 1453, 1899, 1844, 1825, 1830, 1892, 2048, 2287, 2401, 2367, 2286, 2225, 2192, 2177, 2210, 2279, 2387, 2571, 2776, 2782, 2717, 2626, 2471, 2270, 2092, 1447, 1425, 1424, 1438, 1494, 1624, 1800, 1881, 1880, 1865, 1857, 1837, 1820, 1806, 1787, 1784, 1848, 1952, 1949, 1921, 1875, 1792, 1686, 1596, 33, 33, 32, 34, 33, 34, 37, 37, 39, 38, 37, 37, 37, 38, 37, 39, 40, 41, 42, 40, 41, 40, 39, 37, 3508, 3412, 3375, 3394, 3512, 3810, 4208, 4451, 4483, 4449, 4415, 4394, 4366, 4337, 4312, 4335, 4484, 4758, 4746, 4636, 4511, 4303, 4026, 3763, 1286, 1252, 1243, 1256, 1315, 1443, 1620, 1701, 1684, 1634, 1592, 1567, 1554, 1548, 1548, 1575, 1635, 1729, 1714, 1676, 1619, 1548, 1453, 1364, 1947, 1923, 1919, 1940, 2010, 2169, 2418, 2545, 2549, 2518, 2493, 2461, 2427, 2411, 2382, 2382, 2457, 2578, 2569, 2533, 2462, 2349, 2214, 2108, 1681, 1662, 1656, 1662, 1714, 1842, 2026, 2138, 2158, 2159, 2171, 2150, 2133, 2120, 2075, 2046, 2080, 2174, 2183, 2158, 2118, 2031, 1914, 1823, 3864, 3760, 3709, 3714, 3804, 4047, 4433, 4683, 4702, 4653, 4594, 4560, 4554, 4606, 4701, 4840, 5058, 5299, 5255, 5165, 5035, 4822, 4536, 4248, 119, 116, 115, 115, 118, 125, 140, 152, 157, 158, 157, 157, 155, 156, 157, 160, 168, 178, 177, 172, 166, 157, 144, 131, 74120, 72921, 72605, 73151, 75362, 80421, 88034, 92408, 92401, 91172, 90087, 89093, 88370, 87967, 87635, 88018, 90280, 94888, 95849, 94665, 92646, 89196, 84550, 80176, 0, 0, 0, 0, 0, 0, 0, 0, 0, 0, 0, 0, 0, 0, 0, 0, 0, 0, 0, 0, 0, 0, 0, 0, 0, 0, 0, 0, 0, 0, 0, 0, 0, 0, 0, 0, 0, 0, 0, 0, 0, 0, 0, 0, 0, 0, 0, 0, 0, 0, 0, 0, 0, 0, 0, 0, 0, 0, 0, 0, 0, 0, 0, 0, 0, 0, 0, 0, 0, 0, 0, 0, 0, 0, 0, 0, 0, 0, 0, 0, 0, 0, 0, 0, 0, 0, 0, 0, 0, 0, 0, 0, 0, 0, 0, 0, 0, 0, 0, 0, 0, 0, 0, 0, 0, 0, 0, 0, 0, 0, 0, 0, 0, 0, 0, 0, 0, 0, 0, 0, 0, 0, 0, 0, 0, 0, 0, 0, 0, 0, 0, 0, 0, 0, 0, 0, 0, 0, 0, 0, 0, 0, 0, 0, 0, 0, 0, 0, 0, 0, 0, 0, 0, 0, 0, 0, 0, 0, 0, 0, 0, 0, 0, 0, 0, 0, 0, 0, 18, 7, 7, 17, 7, 18, 18, 18, 7, 7, 17, 7, 18, 7, 21, 17, 7, 7, 7, 17, 17, 7, 0, 0, 0, 0, 0, 0, 0, 0, 0, 0, 0, 0, 0, 0, 0, 0, 0, 0, 0, 0, 0, 0, 0, 0, 0, 0, 0, 0, 0, 0, 0, 0, 0, 0, 0, 0
"2024-11-05", 480, 468, 461, 461, 471, 499, 549, 559, 537, 510, 489, 477, 479, 489, 512, 545, 593, 640, 646, 635, 618, 591, 546, 513, 3302, 3259, 3242, 3259, 3334, 3513, 3797, 3949, 3934, 3882, 3834, 3776, 3735, 3704, 3659, 3632, 3675, 3825, 3901, 3895, 3852, 3740, 3586, 3438, 5043, 4953, 4937, 4964, 5094, 5387, 5830, 6032, 5989, 5902, 5835, 5756, 5694, 5644, 5592, 5604, 5727, 6040, 6125, 6097, 6000, 5790, 5518, 5279, 3282, 3211, 3178, 3175, 3241, 3421, 3723, 3915, 3965, 3977, 3985, 3959, 3934, 3925, 3879, 3836, 3864, 4004, 4051, 4012, 3936, 3801, 3617, 3440, 2842, 2767, 2740, 2762, 2868, 3113, 3452, 3571, 3490, 3381, 3316, 3272, 3246, 3234, 3245, 3312, 3467, 3707, 3749, 3712, 3615, 3466, 3241, 3032, 9437, 9097, 8885, 8772, 8784, 9028, 9672, 10592, 11017, 11135, 11147, 11156, 11110, 11076, 11079, 11021, 11037, 11392, 11688, 11525, 11328, 11049, 10606, 10035, 1748, 1708, 1684, 1683, 1724, 1839, 2021, 2134, 2145, 2146, 2133, 2107, 2094, 2077, 2052, 2024, 2035, 2115, 2157, 2132, 2092, 2020, 1919, 1829, 2517, 2458, 2427, 2433, 2494, 2656, 2908, 3046, 3053, 3036, 3033, 3001, 2979, 2962, 2937, 2925, 2948, 3069, 3136, 3116, 3063, 2956, 2808, 2666, 10416, 10269, 10254, 10382, 10770, 11540, 12500, 12828, 12489, 12065, 11800, 11617, 11498, 11428, 11421, 11592, 12048, 12741, 12844, 12706, 12431, 11974, 11385, 10855, 861, 844, 839, 845, 874, 944, 1048, 1073, 1037, 997, 969, 952, 944, 940, 946, 971, 1027, 1107, 1120, 1107, 1079, 1029, 964, 908, 1254, 1229, 1215, 1217, 1242, 1311, 1415, 1483, 1513, 1530, 1539, 1538, 1537, 1535, 1526, 1518, 1534, 1591, 1593, 1573, 1539, 1484, 1412, 1341, 1384, 1369, 1376, 1391, 1425, 1525, 1675, 1716, 1661, 1604, 1544, 1488, 1462, 1435, 1409, 1413, 1459, 1555, 1633, 1647, 1637, 1587, 1526, 1455, 1961, 1900, 1873, 1876, 1929, 2077, 2324, 2437, 2409, 2343, 2297, 2276, 2263, 2288, 2347, 2441, 2612, 2797, 2810, 2756, 2664, 2511, 2309, 2128, 1535, 1505, 1494, 1503, 1553, 1676, 1849, 1920, 1915, 1892, 1879, 1864, 1847, 1837, 1816, 1816, 1872, 1969, 1972, 1952, 1906, 1822, 1717, 1622, 37, 35, 36, 36, 37, 38, 41, 41, 41, 41, 41, 42, 40, 39, 39, 39, 42, 40, 41, 39, 39, 38, 38, 38, 3565, 3455, 3408, 3414, 3522, 3809, 4195, 4429, 4471, 4437, 4419, 4403, 4382, 4367, 4351, 4386, 4526, 4786, 4778, 4686, 4566, 4353, 4069, 3805, 1289, 1253, 1238, 1245, 1294, 1420, 1597, 1682, 1671, 1632, 1598, 1577, 1567, 1562, 1566, 1589, 1650, 1731, 1718, 1682, 1627, 1559, 1469, 1378, 2028, 1990, 1974, 1987, 2050, 2205, 2458, 2570, 2568, 2532, 2507, 2478, 2451, 2440, 2417, 2412, 2479, 2598, 2593, 2561, 2494, 2384, 2245, 2135, 1763, 1724, 1711, 1715, 1754, 1889, 2078, 2187, 2196, 2191, 2196, 2179, 2156, 2147, 2103, 2073, 2103, 2185, 2203, 2183, 2144, 2065, 1947, 1850, 4022, 3894, 3832, 3819, 3892, 4119, 4494, 4730, 4741, 4701, 4670, 4653, 4645, 4704, 4780, 4891, 5090, 5321, 5290, 5206, 5075, 4867, 4585, 4294, 123, 118, 116, 116, 119, 127, 141, 153, 158, 159, 160, 159, 158, 158, 159, 162, 170, 179, 178, 174, 168, 158, 146, 133, 76661, 74974, 74268, 74476, 76328, 81089, 88448, 92611, 92496, 91308, 90365, 89428, 88724, 88380, 88053, 88369, 90508, 94852, 95962, 94983, 93088, 89740, 85167, 80787, 0, 0, 0, 0, 0, 0, 0, 0, 0, 0, 0, 0, 0, 0, 0, 0, 0, 0, 0, 0, 0, 0, 0, 0, 0, 0, 0, 0, 0, 0, 0, 0, 0, 0, 0, 0, 0, 0, 0, 0, 0, 0, 0, 0, 0, 0, 0, 0, 0, 0, 0, 0, 0, 0, 0, 0, 0, 0, 0, 0, 0, 0, 0, 0, 0, 0, 0, 0, 0, 0, 0, 0, 0, 0, 0, 0, 0, 0, 0, 0, 0, 0, 0, 0, 0, 0, 0, 0, 0, 0, 0, 0, 0, 0, 0, 0, 0, 0, 0, 0, 0, 0, 0, 0, 0, 0, 0, 0, 0, 0, 0, 0, 0, 0, 0, 0, 0, 0, 0, 0, 0, 0, 0, 0, 0, 0, 0, 0, 0, 0, 0, 0, 0, 0, 0, 0, 0, 0, 0, 0, 0, 0, 0, 0, 0, 0, 0, 0, 0, 0, 0, 0, 0, 0, 0, 0, 0, 0, 0, 0, 0, 0, 0, 0, 0, 0, 0, 0, 18, 18, 19, 17, 18, 18, 18, 18, 19, 19, 17, 22, 18, 18, 11, 17, 17, 18, 17, 17, 17, 18, 0, 0, 0, 0, 0, 0, 0, 0, 0, 0, 0, 0, 0, 0, 0, 0, 0, 0, 0, 0, 0, 0, 0, 0, 0, 0, 0, 0, 0, 0, 0, 0, 0, 0, 0, 0
"2024-11-06", 482, 469, 462, 461, 471, 500, 549, 566, 536, 507, 482, 467, 467, 478, 502, 538, 589, 637, 644, 634, 615, 588, 548, 513, 3341, 3292, 3276, 3289, 3360, 3537, 3810, 3952, 3943, 3885, 3839, 3773, 3726, 3692, 3644, 3615, 3656, 3796, 3860, 3854, 3813, 3714, 3553, 3402, 5112, 5029, 5006, 5035, 5177, 5461, 5905, 6106, 6040, 5933, 5814, 5725, 5651, 5603, 5550, 5563, 5692, 5970, 6040, 6028, 5932, 5743, 5464, 5226, 3318, 3245, 3209, 3204, 3267, 3434, 3734, 3925, 3975, 3989, 4001, 3978, 3949, 3940, 3890, 3848, 3869, 3989, 4024, 3982, 3904, 3772, 3579, 3393, 2867, 2797, 2773, 2796, 2902, 3153, 3500, 3628, 3542, 3409, 3319, 3252, 3213, 3205, 3218, 3284, 3439, 3671, 3711, 3676, 3590, 3445, 3230, 3027, 9511, 9148, 8929, 8795, 8792, 9025, 9656, 10558, 11006, 11140, 11167, 11190, 11155, 11107, 11105, 11031, 11027, 11352, 11647, 11488, 11286, 11005, 10570, 9988, 1773, 1729, 1705, 1703, 1742, 1851, 2025, 2138, 2155, 2151, 2144, 2120, 2104, 2090, 2064, 2031, 2046, 2118, 2146, 2120, 2077, 2004, 1896, 1795, 2569, 2513, 2482, 2480, 2532, 2686, 2932, 3081, 3101, 3083, 3073, 3040, 3018, 2998, 2967, 2946, 2961, 3068, 3122, 3095, 3042, 2941, 2792, 2646, 10475, 10332, 10318, 10455, 10842, 11621, 12598, 12966, 12649, 12201, 11888, 11673, 11499, 11402, 11375, 11536, 11991, 12654, 12776, 12658, 12400, 11965, 11382, 10864, 864, 846, 842, 849, 877, 947, 1051, 1080, 1048, 1007, 977, 953, 940, 933, 939, 961, 1018, 1096, 1110, 1100, 1073, 1027, 964, 907, 1288, 1260, 1249, 1249, 1272, 1342, 1445, 1513, 1543, 1553, 1558, 1557, 1552, 1548, 1533, 1523, 1536, 1582, 1582, 1560, 1530, 1476, 1403, 1335, 1417, 1397, 1403, 1410, 1435, 1510, 1655, 1690, 1646, 1580, 1517, 1458, 1420, 1388, 1363, 1363, 1402, 1499, 1588, 1605, 1602, 1566, 1494, 1428, 1995, 1929, 1898, 1897, 1947, 2093, 2342, 2452, 2415, 2330, 2266, 2228, 2215, 2253, 2323, 2423, 2600, 2774, 2789, 2731, 2646, 2503, 2308, 2134, 1551, 1517, 1504, 1512, 1561, 1682, 1851, 1924, 1914, 1885, 1871, 1852, 1830, 1818, 1796, 1795, 1851, 1937, 1939, 1918, 1878, 1794, 1687, 1587, 38, 38, 37, 38, 38, 38, 41, 43, 42, 42, 39, 40, 38, 38, 38, 38, 40, 39, 40, 41, 39, 39, 38, 38, 3597, 3483, 3432, 3440, 3548, 3841, 4229, 4470, 4503, 4459, 4423, 4392, 4362, 4336, 4314, 4348, 4493, 4722, 4727, 4635, 4514, 4318, 4039, 3787, 1300, 1262, 1252, 1258, 1310, 1433, 1612, 1698, 1686, 1641, 1596, 1569, 1555, 1548, 1550, 1578, 1635, 1722, 1708, 1671, 1619, 1557, 1465, 1380, 2046, 2008, 1992, 2004, 2064, 2219, 2472, 2593, 2582, 2538, 2507, 2473, 2443, 2429, 2404, 2401, 2466, 2570, 2570, 2537, 2470, 2365, 2224, 2118, 1786, 1744, 1726, 1733, 1777, 1897, 2092, 2198, 2210, 2201, 2211, 2186, 2159, 2143, 2105, 2070, 2099, 2169, 2178, 2152, 2117, 2037, 1920, 1825, 4063, 3930, 3862, 3844, 3914, 4136, 4519, 4752, 4754, 4680, 4617, 4574, 4561, 4625, 4722, 4848, 5057, 5272, 5252, 5171, 5046, 4850, 4574, 4291, 124, 119, 117, 117, 120, 127, 141, 154, 158, 159, 159, 158, 157, 158, 159, 161, 169, 177, 177, 173, 167, 159, 146, 134, 77479, 75720, 74991, 75141, 76942, 81603, 88924, 93121, 93024, 91632, 90474, 89345, 88474, 88062, 87704, 87990, 90095, 94122, 95174, 94219, 92391, 89229, 84635, 80256, 0, 0, 0, 0, 0, 0, 0, 0, 0, 0, 0, 0, 0, 0, 0, 0, 0, 0, 0, 0, 0, 0, 0, 0, 0, 0, 0, 0, 0, 0, 0, 0, 0, 0, 0, 0, 0, 0, 0, 0, 0, 0, 0, 0, 0, 0, 0, 0, 0, 0, 0, 0, 0, 0, 0, 0, 0, 0, 0, 0, 0, 0, 0, 0, 0, 0, 0, 0, 0, 0, 0, 0, 0, 0, 0, 0, 0, 0, 0, 0, 0, 0, 0, 0, 0, 0, 0, 0, 0, 0, 0, 0, 0, 0, 0, 0, 0, 0, 0, 0, 0, 0, 0, 0, 0, 0, 0, 0, 0, 0, 0, 0, 0, 0, 0, 0, 0, 0, 0, 0, 0, 0, 0, 0, 0, 0, 0, 0, 0, 0, 0, 0, 0, 0, 0, 0, 0, 0, 0, 0, 0, 0, 0, 0, 0, 0, 0, 0, 0, 0, 0, 0, 0, 0, 0, 0, 0, 0, 0, 0, 0, 0, 0, 0, 0, 0, 0, 0, 18, 18, 7, 18, 7, 18, 17, 7, 7, 7, 17, 6, 18, 17, 7, 17, 7, 7, 17, 17, 17, 7, 0, 0, 0, 0, 0, 0, 0, 0, 0, 0, 0, 0, 0, 0, 0, 0, 0, 0, 0, 0, 0, 0, 0, 0, 0, 0, 0, 0, 0, 0, 0, 0, 0, 0, 0, 0
"2024-11-07", 480, 464, 455, 452, 462, 485, 531, 541, 525, 502, 479, 469, 467, 480, 499, 530, 566, 606, 611, 604, 589, 563, 521, 495, 3288, 3225, 3217, 3217, 3281, 3435, 3696, 3834, 3848, 3805, 3772, 3713, 3645, 3591, 3531, 3499, 3521, 3632, 3689, 3703, 3661, 3583, 3439, 3307, 5042, 4950, 4918, 4948, 5064, 5319, 5704, 5900, 5892, 5837, 5758, 5679, 5588, 5481, 5397, 5370, 5453, 5679, 5763, 5755, 5672, 5509, 5265, 5046, 3251, 3179, 3136, 3131, 3180, 3323, 3575, 3749, 3819, 3861, 3885, 3867, 3834, 3804, 3739, 3689, 3699, 3801, 3832, 3807, 3756, 3638, 3474, 3309, 2873, 2800, 2770, 2786, 2883, 3107, 3414, 3538, 3485, 3385, 3306, 3258, 3235, 3224, 3214, 3243, 3349, 3535, 3563, 3533, 3461, 3334, 3146, 2961, 9379, 9010, 8777, 8635, 8606, 8796, 9325, 10087, 10463, 10589, 10646, 10698, 10704, 10669, 10659, 10592, 10578, 10843, 11086, 10955, 10791, 10567, 10205, 9696, 1717, 1673, 1645, 1641, 1671, 1767, 1920, 2025, 2053, 2069, 2075, 2056, 2030, 1997, 1962, 1929, 1932, 1989, 2013, 2003, 1972, 1910, 1824, 1740, 2524, 2460, 2425, 2423, 2472, 2603, 2820, 2963, 2995, 3006, 3016, 2998, 2977, 2944, 2901, 2872, 2869, 2944, 2985, 2964, 2924, 2838, 2708, 2574, 10498, 10338, 10307, 10412, 10745, 11443, 12344, 12719, 12490, 12144, 11886, 11696, 11533, 11406, 11330, 11415, 11730, 12233, 12311, 12211, 12000, 11625, 11107, 10627, 867, 849, 844, 849, 873, 934, 1025, 1059, 1036, 1002, 980, 959, 945, 936, 934, 947, 987, 1048, 1060, 1051, 1032, 991, 934, 881, 1281, 1253, 1239, 1237, 1256, 1313, 1404, 1463, 1488, 1507, 1518, 1518, 1513, 1503, 1487, 1476, 1486, 1521, 1521, 1508, 1480, 1437, 1371, 1308, 1375, 1356, 1373, 1372, 1409, 1493, 1636, 1671, 1650, 1611, 1552, 1508, 1461, 1408, 1374, 1366, 1402, 1464, 1531, 1556, 1559, 1531, 1475, 1411, 1993, 1927, 1893, 1884, 1932, 2057, 2261, 2371, 2362, 2301, 2248, 2217, 2199, 2220, 2275, 2356, 2491, 2639, 2659, 2612, 2545, 2421, 2252, 2090, 1522, 1491, 1474, 1481, 1521, 1624, 1773, 1846, 1855, 1846, 1839, 1817, 1782, 1755, 1724, 1713, 1752, 1826, 1833, 1816, 1782, 1713, 1619, 1533, 37, 37, 36, 36, 36, 38, 40, 40, 41, 40, 40, 37, 38, 38, 37, 38, 38, 40, 39, 39, 38, 37, 35, 35, 3588, 3475, 3424, 3426, 3519, 3774, 4117, 4339, 4396, 4379, 4368, 4357, 4339, 4305, 4271, 4268, 4358, 4537, 4529, 4447, 4352, 4191, 3949, 3721, 1307, 1266, 1252, 1257, 1301, 1408, 1565, 1647, 1645, 1610, 1579, 1563, 1553, 1544, 1545, 1559, 1599, 1663, 1642, 1613, 1567, 1513, 1432, 1352, 2026, 1987, 1971, 1975, 2026, 2159, 2379, 2492, 2507, 2486, 2472, 2438, 2390, 2353, 2317, 2303, 2349, 2435, 2439, 2409, 2362, 2269, 2144, 2047, 1749, 1715, 1698, 1695, 1734, 1836, 1999, 2096, 2129, 2137, 2153, 2137, 2092, 2057, 2011, 1976, 1990, 2059, 2072, 2056, 2026, 1960, 1864, 1766, 4064, 3933, 3859, 3842, 3896, 4082, 4385, 4583, 4605, 4555, 4502, 4471, 4464, 4506, 4591, 4692, 4862, 5049, 5027, 4948, 4842, 4682, 4456, 4194, 125, 120, 117, 117, 119, 126, 137, 148, 152, 154, 154, 154, 154, 155, 155, 157, 163, 170, 170, 166, 162, 154, 143, 132, 76718, 74867, 74075, 74070, 75611, 79671, 86142, 90033, 90443, 89634, 88877, 87984, 87007, 86204, 85515, 85449, 86866, 90085, 90951, 90275, 88790, 86118, 82121, 78169, 0, 0, 0, 0, 0, 0, 0, 0, 0, 0, 0, 0, 0, 0, 0, 0, 0, 0, 0, 0, 0, 0, 0, 0, 0, 0, 0, 0, 0, 0, 0, 0, 0, 0, 0, 0, 0, 0, 0, 0, 0, 0, 0, 0, 0, 0, 0, 0, 0, 0, 0, 0, 0, 0, 0, 0, 0, 0, 0, 0, 0, 0, 0, 0, 0, 0, 0, 0, 0, 0, 0, 0, 0, 0, 0, 0, 0, 0, 0, 0, 0, 0, 0, 0, 0, 0, 0, 0, 0, 0, 0, 0, 0, 0, 0, 0, 0, 0, 0, 0, 0, 0, 0, 0, 0, 0, 0, 0, 0, 0, 0, 0, 0, 0, 0, 0, 0, 0, 0, 0, 0, 0, 0, 0, 0, 0, 0, 0, 0, 0, 0, 0, 0, 0, 0, 0, 0, 0, 0, 0, 0, 0, 0, 0, 0, 0, 0, 0, 0, 0, 0, 0, 0, 0, 0, 0, 0, 0, 0, 0, 0, 0, 0, 0, 0, 0, 0, 0, 17, 18, 7, 17, 17, 18, 10, 17, 7, 7, 17, 7, 18, 17, 10, 17, 17, 17, 17, 17, 17, 7, 0, 0, 0, 0, 0, 0, 0, 0, 0, 0, 0, 0, 0, 0, 0, 0, 0, 0, 0, 0, 0, 0, 0, 0, 0, 0, 0, 0, 0, 0, 0, 0, 0, 0, 0, 0
"2024-11-08", 470, 454, 447, 446, 454, 479, 519, 535, 520, 497, 479, 469, 463, 470, 490, 521, 565, 610, 617, 608, 593, 574, 541, 509, 3203, 3151, 3134, 3146, 3209, 3363, 3611, 3751, 3771, 3750, 3708, 3656, 3607, 3566, 3518, 3484, 3519, 3632, 3674, 3663, 3629, 3557, 3446, 3315, 4857, 4765, 4742, 4766, 4874, 5111, 5501, 5722, 5747, 5709, 5650, 5571, 5492, 5426, 5366, 5354, 5460, 5686, 5742, 5708, 5635, 5495, 5286, 5074, 3180, 3110, 3075, 3073, 3123, 3279, 3540, 3720, 3781, 3818, 3837, 3814, 3795, 3773, 3723, 3687, 3707, 3807, 3821, 3782, 3720, 3616, 3466, 3292, 2807, 2733, 2702, 2715, 2804, 3019, 3318, 3448, 3425, 3356, 3297, 3250, 3201, 3198, 3205, 3256, 3386, 3577, 3592, 3542, 3463, 3353, 3198, 3036, 9207, 8892, 8685, 8574, 8575, 8785, 9339, 10135, 10524, 10661, 10716, 10733, 10708, 10652, 10638, 10576, 10587, 10900, 11163, 11075, 10893, 10658, 10335, 9852, 1677, 1638, 1616, 1617, 1651, 1747, 1902, 2009, 2034, 2043, 2043, 2011, 1994, 1974, 1940, 1907, 1919, 1975, 1993, 1972, 1941, 1890, 1808, 1719, 2476, 2415, 2387, 2385, 2438, 2573, 2792, 2941, 2970, 2972, 2967, 2939, 2899, 2873, 2840, 2821, 2833, 2915, 2947, 2921, 2881, 2813, 2709, 2595, 10252, 10088, 10035, 10119, 10443, 11102, 11947, 12315, 12207, 11937, 11707, 11504, 11347, 11263, 11245, 11385, 11764, 12292, 12344, 12203, 12000, 11693, 11278, 10857, 837, 819, 813, 819, 844, 904, 995, 1030, 1014, 988, 966, 947, 930, 927, 931, 951, 999, 1063, 1071, 1060, 1041, 1009, 964, 916, 1252, 1227, 1214, 1211, 1234, 1296, 1389, 1453, 1484, 1505, 1515, 1513, 1505, 1499, 1483, 1472, 1484, 1522, 1520, 1499, 1474, 1433, 1376, 1318, 1363, 1349, 1336, 1359, 1393, 1484, 1614, 1649, 1632, 1594, 1533, 1482, 1431, 1403, 1369, 1361, 1390, 1459, 1520, 1536, 1538, 1520, 1481, 1446, 1961, 1891, 1858, 1853, 1894, 2018, 2218, 2333, 2337, 2291, 2239, 2216, 2202, 2219, 2274, 2369, 2520, 2670, 2677, 2621, 2549, 2439, 2289, 2135, 1466, 1433, 1419, 1425, 1466, 1567, 1713, 1791, 1804, 1794, 1784, 1764, 1741, 1724, 1698, 1694, 1738, 1808, 1807, 1782, 1746, 1684, 1599, 1512, 34, 34, 34, 35, 36, 38, 39, 40, 38, 38, 38, 37, 38, 37, 36, 37, 36, 38, 36, 36, 36, 35, 35, 33, 3514, 3403, 3350, 3350, 3443, 3699, 4025, 4257, 4322, 4324, 4318, 4304, 4280, 4256, 4231, 4255, 4359, 4553, 4539, 4431, 4330, 4167, 3963, 3755, 1278, 1242, 1226, 1228, 1271, 1379, 1533, 1618, 1628, 1600, 1577, 1553, 1537, 1531, 1537, 1557, 1608, 1678, 1655, 1618, 1566, 1518, 1449, 1383, 1956, 1912, 1896, 1906, 1958, 2089, 2308, 2427, 2447, 2431, 2412, 2382, 2353, 2329, 2299, 2289, 2349, 2438, 2431, 2394, 2340, 2263, 2150, 2045, 1697, 1659, 1641, 1644, 1684, 1787, 1946, 2050, 2082, 2089, 2096, 2090, 2058, 2029, 1986, 1965, 1989, 2040, 2047, 2017, 1982, 1914, 1818, 1726, 3995, 3864, 3790, 3769, 3826, 4016, 4333, 4538, 4588, 4557, 4525, 4506, 4496, 4523, 4597, 4704, 4886, 5080, 5069, 4980, 4869, 4707, 4488, 4250, 123, 118, 116, 116, 118, 124, 135, 145, 151, 153, 153, 153, 152, 153, 153, 155, 162, 170, 170, 165, 160, 154, 144, 133, 74877, 73131, 72321, 72407, 73958, 78017, 84377, 88425, 89141, 88628, 87894, 86967, 86066, 85493, 85031, 85189, 86975, 90327, 90972, 89987, 88462, 86071, 82660, 78925, 0, 0, 0, 0, 0, 0, 0, 0, 0, 0, 0, 0, 0, 0, 0, 0, 0, 0, 0, 0, 0, 0, 0, 0, 0, 0, 0, 0, 0, 0, 0, 0, 0, 0, 0, 0, 0, 0, 0, 0, 0, 0, 0, 0, 0, 0, 0, 0, 0, 0, 0, 0, 0, 0, 0, 0, 0, 0, 0, 0, 0, 0, 0, 0, 0, 0, 0, 0, 0, 0, 0, 0, 0, 0, 0, 0, 0, 0, 0, 0, 0, 0, 0, 0, 0, 0, 0, 0, 0, 0, 0, 0, 0, 0, 0, 0, 0, 0, 0, 0, 0, 0, 0, 0, 0, 0, 0, 0, 0, 0, 0, 0, 0, 0, 0, 0, 0, 0, 0, 0, 0, 0, 0, 0, 0, 0, 0, 0, 0, 0, 0, 0, 0, 0, 0, 0, 0, 0, 0, 0, 0, 0, 0, 0, 0, 0, 0, 0, 0, 0, 0, 0, 0, 0, 0, 0, 0, 0, 0, 0, 0, 0, 0, 0, 0, 0, 0, 0, 18, 8, 7, 17, 17, 18, 10, 7, 7, 7, 18, 6, 18, 7, 12, 17, 7, 7, 7, 17, 17, 7, 0, 0, 0, 0, 0, 0, 0, 0, 0, 0, 0, 0, 0, 0, 0, 0, 0, 0, 0, 0, 0, 0, 0, 0, 0, 0, 0, 0, 0, 0, 0, 0, 0, 0, 0, 0
"2024-11-09", 484, 469, 458, 456, 460, 471, 492, 502, 488, 461, 433, 415, 412, 422, 450, 488, 541, 590, 599, 591, 579, 562, 535, 506, 3216, 3167, 3144, 3147, 3185, 3268, 3386, 3503, 3583, 3596, 3561, 3500, 3423, 3355, 3307, 3292, 3348, 3485, 3544, 3548, 3520, 3456, 3360, 3251, 4906, 4833, 4803, 4824, 4885, 5024, 5234, 5426, 5541, 5533, 5462, 5361, 5249, 5153, 5093, 5120, 5250, 5515, 5591, 5581, 5520, 5398, 5227, 5040, 3164, 3091, 3049, 3033, 3058, 3134, 3255, 3378, 3476, 3545, 3567, 3549, 3505, 3462, 3428, 3423, 3479, 3606, 3639, 3615, 3555, 3467, 3334, 3200, 2898, 2818, 2784, 2782, 2829, 2940, 3096, 3212, 3271, 3230, 3152, 3091, 3034, 2999, 3003, 3062, 3211, 3419, 3473, 3457, 3408, 3328, 3195, 3052, 9360, 9002, 8780, 8639, 8584, 8662, 8931, 9325, 9552, 9769, 9888, 9915, 9878, 9781, 9627, 9547, 9593, 9955, 10288, 10308, 10187, 10029, 9780, 9407, 1642, 1599, 1576, 1569, 1586, 1636, 1713, 1797, 1858, 1889, 1891, 1867, 1826, 1793, 1764, 1749, 1775, 1840, 1865, 1855, 1826, 1782, 1715, 1644, 2495, 2437, 2401, 2396, 2417, 2486, 2594, 2710, 2795, 2839, 2841, 2813, 2766, 2713, 2673, 2656, 2691, 2789, 2839, 2831, 2800, 2742, 2650, 2545, 10547, 10379, 10323, 10378, 10562, 10924, 11391, 11748, 11821, 11624, 11372, 11136, 10922, 10759, 10719, 10891, 11333, 11914, 12076, 12041, 11918, 11686, 11339, 10969, 877, 858, 850, 852, 866, 898, 945, 983, 986, 963, 932, 904, 880, 868, 872, 897, 953, 1022, 1035, 1028, 1014, 988, 947, 905, 1271, 1241, 1227, 1219, 1229, 1258, 1300, 1337, 1374, 1403, 1413, 1415, 1410, 1399, 1391, 1387, 1409, 1463, 1473, 1464, 1446, 1412, 1363, 1308, 1418, 1399, 1403, 1415, 1442, 1491, 1561, 1616, 1660, 1641, 1590, 1527, 1459, 1407, 1370, 1364, 1383, 1456, 1515, 1533, 1529, 1509, 1471, 1433, 2008, 1935, 1899, 1884, 1902, 1968, 2068, 2136, 2144, 2089, 2024, 1980, 1965, 1980, 2043, 2153, 2325, 2501, 2534, 2498, 2445, 2364, 2238, 2098, 1445, 1405, 1389, 1389, 1409, 1462, 1534, 1608, 1653, 1659, 1645, 1618, 1586, 1561, 1543, 1552, 1615, 1694, 1698, 1681, 1649, 1601, 1532, 1462, 33, 34, 34, 34, 34, 35, 36, 36, 36, 36, 35, 35, 34, 33, 34, 34, 34, 35, 36, 35, 34, 35, 34, 34, 3567, 3453, 3393, 3380, 3413, 3528, 3702, 3869, 4007, 4062, 4069, 4048, 4004, 3950, 3927, 3957, 4077, 4285, 4311, 4260, 4185, 4063, 3910, 3727, 1322, 1282, 1259, 1254, 1268, 1307, 1371, 1436, 1474, 1469, 1446, 1420, 1396, 1377, 1379, 1406, 1461, 1536, 1560, 1555, 1535, 1503, 1450, 1392, 1960, 1916, 1896, 1899, 1929, 1998, 2104, 2204, 2265, 2276, 2258, 2227, 2185, 2148, 2129, 2145, 2222, 2326, 2334, 2309, 2268, 2205, 2113, 2016, 1657, 1622, 1601, 1602, 1625, 1679, 1748, 1827, 1891, 1928, 1933, 1914, 1885, 1851, 1825, 1824, 1873, 1950, 1966, 1944, 1904, 1842, 1765, 1688, 4036, 3894, 3810, 3769, 3779, 3866, 3998, 4064, 4088, 4049, 3987, 3952, 3936, 3948, 4040, 4186, 4422, 4672, 4727, 4687, 4620, 4510, 4341, 4152, 124, 119, 117, 116, 116, 119, 125, 130, 133, 134, 134, 133, 133, 132, 133, 136, 144, 155, 157, 155, 152, 147, 140, 131, 75825, 74009, 73082, 72913, 73656, 75702, 78846, 81797, 83473, 83637, 82896, 81778, 80484, 79376, 78873, 79447, 81774, 85670, 86984, 86644, 85534, 83650, 80832, 77673, 0, 0, 0, 0, 0, 0, 0, 0, 0, 0, 0, 0, 0, 0, 0, 0, 0, 0, 0, 0, 0, 0, 0, 0, 0, 0, 0, 0, 0, 0, 0, 0, 0, 0, 0, 0, 0, 0, 0, 0, 0, 0, 0, 0, 0, 0, 0, 0, 0, 0, 0, 0, 0, 0, 0, 0, 0, 0, 0, 0, 0, 0, 0, 0, 0, 0, 0, 0, 0, 0, 0, 0, 0, 0, 0, 0, 0, 0, 0, 0, 0, 0, 0, 0, 0, 0, 0, 0, 0, 0, 0, 0, 0, 0, 0, 0, 0, 0, 0, 0, 0, 0, 0, 0, 0, 0, 0, 0, 0, 0, 0, 0, 0, 0, 0, 0, 0, 0, 0, 0, 0, 0, 0, 0, 0, 0, 0, 0, 0, 0, 0, 0, 0, 0, 0, 0, 0, 0, 0, 0, 0, 0, 0, 0, 0, 0, 0, 0, 0, 0, 0, 0, 0, 0, 0, 0, 0, 0, 0, 0, 0, 0, 0, 0, 0, 0, 0, 0, 17, 18, 20, 17, 19, 18, 10, 8, 18, 20, 17, 7, 18, 8, 14, 17, 18, 18, 10, 18, 17, 18, 0, 0, 0, 0, 0, 0, 0, 0, 0, 0, 0, 0, 0, 0, 0, 0, 0, 0, 0, 0, 0, 0, 0, 0, 0, 0, 0, 0, 0, 0, 0, 0, 0, 0, 0, 0
"2024-11-10", 481, 463, 457, 454, 457, 468, 484, 488, 480, 456, 441, 438, 443, 453, 478, 509, 561, 610, 613, 602, 584, 557, 518, 490, 3151, 3057, 3087, 3096, 3123, 3188, 3292, 3398, 3472, 3463, 3392, 3338, 3304, 3262, 3237, 3246, 3326, 3518, 3600, 3596, 3564, 3474, 3360, 3258, 4853, 4691, 4729, 4731, 4794, 4904, 5070, 5249, 5365, 5356, 5260, 5183, 5121, 5048, 5010, 5050, 5237, 5592, 5666, 5640, 5575, 5403, 5190, 5025, 3076, 2972, 2966, 2955, 2967, 3022, 3120, 3204, 3299, 3370, 3392, 3398, 3396, 3378, 3360, 3380, 3473, 3662, 3710, 3672, 3598, 3488, 3352, 3232, 2899, 2770, 2777, 2773, 2811, 2903, 3026, 3123, 3170, 3144, 3113, 3070, 3045, 3034, 3049, 3113, 3286, 3546, 3591, 3558, 3484, 3345, 3149, 2958, 8952, 8534, 8417, 8302, 8247, 8287, 8453, 8671, 8770, 8959, 9101, 9183, 9225, 9248, 9244, 9266, 9396, 9876, 10310, 10289, 10188, 9985, 9678, 9265, 1577, 1512, 1519, 1513, 1523, 1556, 1613, 1679, 1738, 1761, 1758, 1750, 1740, 1721, 1709, 1714, 1763, 1866, 1908, 1889, 1862, 1806, 1744, 1697, 2443, 2347, 2345, 2338, 2354, 2411, 2493, 2577, 2655, 2688, 2682, 2670, 2653, 2626, 2614, 2623, 2686, 2838, 2915, 2887, 2843, 2744, 2613, 2498, 10528, 10157, 10280, 10315, 10475, 10788, 11202, 11526, 11569, 11352, 11079, 10861, 10734, 10638, 10626, 10784, 11295, 12082, 12226, 12125, 11928, 11526, 11031, 10563, 861, 823, 836, 836, 850, 877, 920, 955, 963, 947, 921, 902, 891, 882, 887, 909, 973, 1053, 1056, 1041, 1017, 972, 919, 870, 1256, 1215, 1209, 1203, 1211, 1234, 1264, 1290, 1327, 1355, 1367, 1375, 1381, 1382, 1380, 1381, 1413, 1484, 1490, 1481, 1457, 1420, 1357, 1296, 1389, 1341, 1386, 1402, 1422, 1474, 1524, 1592, 1639, 1593, 1497, 1418, 1394, 1351, 1342, 1337, 1375, 1472, 1556, 1575, 1557, 1512, 1458, 1395, 1968, 1868, 1844, 1830, 1843, 1893, 1970, 2017, 2033, 2013, 1992, 1991, 1999, 2036, 2100, 2201, 2394, 2591, 2593, 2539, 2462, 2333, 2169, 2012, 1397, 1344, 1346, 1343, 1359, 1400, 1467, 1535, 1589, 1604, 1601, 1591, 1583, 1567, 1563, 1583, 1664, 1767, 1765, 1739, 1701, 1633, 1560, 1493, 35, 34, 34, 34, 34, 35, 36, 36, 37, 37, 36, 35, 35, 35, 36, 35, 36, 37, 36, 36, 35, 33, 34, 33, 3540, 3375, 3359, 3342, 3378, 3468, 3596, 3727, 3860, 3946, 3970, 3985, 3988, 3985, 3975, 4020, 4182, 4452, 4462, 4387, 4289, 4103, 3892, 3666, 1324, 1261, 1257, 1256, 1262, 1298, 1346, 1389, 1417, 1412, 1399, 1385, 1377, 1377, 1386, 1414, 1481, 1580, 1597, 1587, 1561, 1511, 1429, 1359, 1929, 1854, 1866, 1866, 1888, 1943, 2040, 2133, 2198, 2212, 2202, 2192, 2174, 2151, 2141, 2162, 2255, 2382, 2370, 2338, 2289, 2196, 2089, 2008, 1625, 1574, 1572, 1570, 1584, 1630, 1693, 1769, 1844, 1874, 1872, 1868, 1862, 1828, 1817, 1815, 1882, 1985, 1995, 1973, 1939, 1869, 1791, 1724, 3949, 3774, 3721, 3685, 3686, 3745, 3820, 3842, 3856, 3857, 3857, 3884, 3925, 4000, 4099, 4241, 4485, 4770, 4784, 4735, 4649, 4494, 4283, 4044, 123, 117, 115, 114, 115, 117, 120, 122, 125, 127, 127, 128, 129, 131, 133, 137, 147, 159, 160, 157, 153, 146, 136, 126, 74419, 71564, 71701, 71550, 72116, 73753, 76271, 78622, 80111, 80247, 79533, 78916, 78532, 78100, 78087, 78968, 81956, 87086, 88473, 87796, 86400, 83624, 80069, 76675, 0, 0, 0, 0, 0, 0, 0, 0, 0, 0, 0, 0, 0, 0, 0, 0, 0, 0, 0, 0, 0, 0, 0, 0, 0, 0, 0, 0, 0, 0, 0, 0, 0, 0, 0, 0, 0, 0, 0, 0, 0, 0, 0, 0, 0, 0, 0, 0, 0, 0, 0, 0, 0, 0, 0, 0, 0, 0, 0, 0, 0, 0, 0, 0, 0, 0, 0, 0, 0, 0, 0, 0, 0, 0, 0, 0, 0, 0, 0, 0, 0, 0, 0, 0, 0, 0, 0, 0, 0, 0, 0, 0, 0, 0, 0, 0, 0, 0, 0, 0, 0, 0, 0, 0, 0, 0, 0, 0, 0, 0, 0, 0, 0, 0, 0, 0, 0, 0, 0, 0, 0, 0, 0, 0, 0, 0, 0, 0, 0, 0, 0, 0, 0, 0, 0, 0, 0, 0, 0, 0, 0, 0, 0, 0, 0, 0, 0, 0, 0, 0, 0, 0, 0, 0, 0, 0, 0, 0, 0, 0, 0, 0, 0, 0, 0, 0, 0, 0, 19, 19, 18, 18, 19, 18, 18, 19, 20, 18, 18, 8, 18, 17, 2, 18, 19, 17, 18, 18, 18, 19, 0, 0, 0, 0, 0, 0, 0, 0, 0, 0, 0, 0, 0, 0, 0, 0, 0, 0, 0, 0, 0, 0, 0, 0, 0, 0, 0, 0, 0, 0, 0, 0, 0, 0, 0, 0
"2024-11-11", 463, 451, 446, 447, 459, 489, 542, 553, 529, 498, 475, 461, 461, 473, 497, 532, 585, 638, 641, 628, 608, 579, 534, 498, 3186, 3160, 3164, 3194, 3287, 3490, 3784, 3949, 3941, 3891, 3836, 3780, 3740, 3708, 3664, 3640, 3685, 3845, 3917, 3905, 3854, 3743, 3581, 3435, 4910, 4863, 4870, 4921, 5078, 5366, 5815, 6030, 6001, 5893, 5810, 5728, 5649, 5585, 5542, 5549, 5694, 6014, 6089, 6045, 5946, 5733, 5455, 5221, 3146, 3095, 3074, 3090, 3170, 3364, 3688, 3890, 3958, 3984, 3991, 3967, 3956, 3946, 3894, 3862, 3891, 4039, 4065, 4019, 3934, 3787, 3595, 3414, 2827, 2765, 2743, 2774, 2889, 3146, 3494, 3620, 3529, 3396, 3303, 3244, 3216, 3201, 3209, 3269, 3439, 3700, 3733, 3688, 3589, 3431, 3202, 2992, 8870, 8635, 8505, 8461, 8521, 8824, 9523, 10469, 10927, 11068, 11115, 11158, 11139, 11108, 11127, 11079, 11079, 11427, 11736, 11542, 11334, 11045, 10599, 10019, 1653, 1630, 1623, 1635, 1687, 1812, 1999, 2122, 2139, 2142, 2135, 2119, 2110, 2093, 2070, 2044, 2060, 2150, 2179, 2146, 2100, 2020, 1916, 1823, 2408, 2368, 2356, 2375, 2450, 2625, 2894, 3051, 3068, 3055, 3046, 3015, 2996, 2980, 2955, 2944, 2973, 3103, 3163, 3123, 3055, 2943, 2782, 2641, 10255, 10144, 10168, 10319, 10734, 11524, 12532, 12855, 12494, 12064, 11776, 11577, 11434, 11348, 11324, 11483, 11954, 12684, 12792, 12641, 12362, 11897, 11308, 10783, 837, 824, 823, 834, 865, 940, 1049, 1079, 1042, 1001, 973, 954, 941, 935, 940, 963, 1022, 1106, 1116, 1102, 1072, 1021, 957, 900, 1248, 1224, 1216, 1220, 1246, 1315, 1415, 1478, 1514, 1532, 1538, 1536, 1536, 1532, 1516, 1504, 1522, 1579, 1574, 1547, 1511, 1459, 1384, 1308, 1356, 1366, 1380, 1404, 1463, 1568, 1733, 1779, 1722, 1645, 1579, 1512, 1471, 1451, 1428, 1431, 1468, 1573, 1654, 1669, 1646, 1588, 1525, 1453, 1899, 1844, 1825, 1830, 1892, 2048, 2287, 2401, 2367, 2286, 2225, 2192, 2177, 2210, 2279, 2387, 2571, 2776, 2782, 2717, 2626, 2471, 2270, 2092, 1447, 1425, 1424, 1438, 1494, 1624, 1800, 1881, 1880, 1865, 1857, 1837, 1820, 1806, 1787, 1784, 1848, 1952, 1949, 1921, 1875, 1792, 1686, 1596, 33, 33, 32, 34, 33, 34, 37, 37, 39, 38, 37, 37, 37, 38, 37, 39, 40, 41, 42, 40, 41, 40, 39, 37, 3508, 3412, 3375, 3394, 3512, 3810, 4208, 4451, 4483, 4449, 4415, 4394, 4366, 4337, 4312, 4335, 4484, 4758, 4746, 4636, 4511, 4303, 4026, 3763, 1286, 1252, 1243, 1256, 1315, 1443, 1620, 1701, 1684, 1634, 1592, 1567, 1554, 1548, 1548, 1575, 1635, 1729, 1714, 1676, 1619, 1548, 1453, 1364, 1947, 1923, 1919, 1940, 2010, 2169, 2418, 2545, 2549, 2518, 2493, 2461, 2427, 2411, 2382, 2382, 2457, 2578, 2569, 2533, 2462, 2349, 2214, 2108, 1681, 1662, 1656, 1662, 1714, 1842, 2026, 2138, 2158, 2159, 2171, 2150, 2133, 2120, 2075, 2046, 2080, 2174, 2183, 2158, 2118, 2031, 1914, 1823, 3864, 3760, 3709, 3714, 3804, 4047, 4433, 4683, 4702, 4653, 4594, 4560, 4554, 4606, 4701, 4840, 5058, 5299, 5255, 5165, 5035, 4822, 4536, 4248, 119, 116, 115, 115, 118, 125, 140, 152, 157, 158, 157, 157, 155, 156, 157, 160, 168, 178, 177, 172, 166, 157, 144, 131, 74120, 72921, 72605, 73151, 75362, 80421, 88034, 92408, 92401, 91172, 90087, 89093, 88370, 87967, 87635, 88018, 90280, 94888, 95849, 94665, 92646, 89196, 84550, 80176, 0, 0, 0, 0, 0, 0, 0, 0, 0, 0, 0, 0, 0, 0, 0, 0, 0, 0, 0, 0, 0, 0, 0, 0, 0, 0, 0, 0, 0, 0, 0, 0, 0, 0, 0, 0, 0, 0, 0, 0, 0, 0, 0, 0, 0, 0, 0, 0, 0, 0, 0, 0, 0, 0, 0, 0, 0, 0, 0, 0, 0, 0, 0, 0, 0, 0, 0, 0, 0, 0, 0, 0, 0, 0, 0, 0, 0, 0, 0, 0, 0, 0, 0, 0, 0, 0, 0, 0, 0, 0, 0, 0, 0, 0, 0, 0, 0, 0, 0, 0, 0, 0, 0, 0, 0, 0, 0, 0, 0, 0, 0, 0, 0, 0, 0, 0, 0, 0, 0, 0, 0, 0, 0, 0, 0, 0, 0, 0, 0, 0, 0, 0, 0, 0, 0, 0, 0, 0, 0, 0, 0, 0, 0, 0, 0, 0, 0, 0, 0, 0, 0, 0, 0, 0, 0, 0, 0, 0, 0, 0, 0, 0, 0, 0, 0, 0, 0, 0, 18, 7, 7, 17, 7, 18, 18, 18, 7, 7, 17, 7, 18, 7, 21, 17, 7, 7, 7, 17, 17, 7, 0, 0, 0, 0, 0, 0, 0, 0, 0, 0, 0, 0, 0, 0, 0, 0, 0, 0, 0, 0, 0, 0, 0, 0, 0, 0, 0, 0, 0, 0, 0, 0, 0, 0, 0, 0
"2024-11-12", 480, 468, 461, 461, 471, 499, 549, 559, 537, 510, 489, 477, 479, 489, 512, 545, 593, 640, 646, 635, 618, 591, 546, 513, 3302, 3259, 3242, 3259, 3334, 3513, 3797, 3949, 3934, 3882, 3834, 3776, 3735, 3704, 3659, 3632, 3675, 3825, 3901, 3895, 3852, 3740, 3586, 3438, 5043, 4953, 4937, 4964, 5094, 5387, 5830, 6032, 5989, 5902, 5835, 5756, 5694, 5644, 5592, 5604, 5727, 6040, 6125, 6097, 6000, 5790, 5518, 5279, 3282, 3211, 3178, 3175, 3241, 3421, 3723, 3915, 3965, 3977, 3985, 3959, 3934, 3925, 3879, 3836, 3864, 4004, 4051, 4012, 3936, 3801, 3617, 3440, 2842, 2767, 2740, 2762, 2868, 3113, 3452, 3571, 3490, 3381, 3316, 3272, 3246, 3234, 3245, 3312, 3467, 3707, 3749, 3712, 3615, 3466, 3241, 3032, 9437, 9097, 8885, 8772, 8784, 9028, 9672, 10592, 11017, 11135, 11147, 11156, 11110, 11076, 11079, 11021, 11037, 11392, 11688, 11525, 11328, 11049, 10606, 10035, 1748, 1708, 1684, 1683, 1724, 1839, 2021, 2134, 2145, 2146, 2133, 2107, 2094, 2077, 2052, 2024, 2035, 2115, 2157, 2132, 2092, 2020, 1919, 1829, 2517, 2458, 2427, 2433, 2494, 2656, 2908, 3046, 3053, 3036, 3033, 3001, 2979, 2962, 2937, 2925, 2948, 3069, 3136, 3116, 3063, 2956, 2808, 2666, 10416, 10269, 10254, 10382, 10770, 11540, 12500, 12828, 12489, 12065, 11800, 11617, 11498, 11428, 11421, 11592, 12048, 12741, 12844, 12706, 12431, 11974, 11385, 10855, 861, 844, 839, 845, 874, 944, 1048, 1073, 1037, 997, 969, 952, 944, 940, 946, 971, 1027, 1107, 1120, 1107, 1079, 1029, 964, 908, 1254, 1229, 1215, 1217, 1242, 1311, 1415, 1483, 1513, 1530, 1539, 1538, 1537, 1535, 1526, 1518, 1534, 1591, 1593, 1573, 1539, 1484, 1412, 1341, 1384, 1369, 1376, 1391, 1425, 1525, 1675, 1716, 1661, 1604, 1544, 1488, 1462, 1435, 1409, 1413, 1459, 1555, 1633, 1647, 1637, 1587, 1526, 1455, 1961, 1900, 1873, 1876, 1929, 2077, 2324, 2437, 2409, 2343, 2297, 2276, 2263, 2288, 2347, 2441, 2612, 2797, 2810, 2756, 2664, 2511, 2309, 2128, 1535, 1505, 1494, 1503, 1553, 1676, 1849, 1920, 1915, 1892, 1879, 1864, 1847, 1837, 1816, 1816, 1872, 1969, 1972, 1952, 1906, 1822, 1717, 1622, 37, 35, 36, 36, 37, 38, 41, 41, 41, 41, 41, 42, 40, 39, 39, 39, 42, 40, 41, 39, 39, 38, 38, 38, 3565, 3455, 3408, 3414, 3522, 3809, 4195, 4429, 4471, 4437, 4419, 4403, 4382, 4367, 4351, 4386, 4526, 4786, 4778, 4686, 4566, 4353, 4069, 3805, 1289, 1253, 1238, 1245, 1294, 1420, 1597, 1682, 1671, 1632, 1598, 1577, 1567, 1562, 1566, 1589, 1650, 1731, 1718, 1682, 1627, 1559, 1469, 1378, 2028, 1990, 1974, 1987, 2050, 2205, 2458, 2570, 2568, 2532, 2507, 2478, 2451, 2440, 2417, 2412, 2479, 2598, 2593, 2561, 2494, 2384, 2245, 2135, 1763, 1724, 1711, 1715, 1754, 1889, 2078, 2187, 2196, 2191, 2196, 2179, 2156, 2147, 2103, 2073, 2103, 2185, 2203, 2183, 2144, 2065, 1947, 1850, 4022, 3894, 3832, 3819, 3892, 4119, 4494, 4730, 4741, 4701, 4670, 4653, 4645, 4704, 4780, 4891, 5090, 5321, 5290, 5206, 5075, 4867, 4585, 4294, 123, 118, 116, 116, 119, 127, 141, 153, 158, 159, 160, 159, 158, 158, 159, 162, 170, 179, 178, 174, 168, 158, 146, 133, 76661, 74974, 74268, 74476, 76328, 81089, 88448, 92611, 92496, 91308, 90365, 89428, 88724, 88380, 88053, 88369, 90508, 94852, 95962, 94983, 93088, 89740, 85167, 80787, 0, 0, 0, 0, 0, 0, 0, 0, 0, 0, 0, 0, 0, 0, 0, 0, 0, 0, 0, 0, 0, 0, 0, 0, 0, 0, 0, 0, 0, 0, 0, 0, 0, 0, 0, 0, 0, 0, 0, 0, 0, 0, 0, 0, 0, 0, 0, 0, 0, 0, 0, 0, 0, 0, 0, 0, 0, 0, 0, 0, 0, 0, 0, 0, 0, 0, 0, 0, 0, 0, 0, 0, 0, 0, 0, 0, 0, 0, 0, 0, 0, 0, 0, 0, 0, 0, 0, 0, 0, 0, 0, 0, 0, 0, 0, 0, 0, 0, 0, 0, 0, 0, 0, 0, 0, 0, 0, 0, 0, 0, 0, 0, 0, 0, 0, 0, 0, 0, 0, 0, 0, 0, 0, 0, 0, 0, 0, 0, 0, 0, 0, 0, 0, 0, 0, 0, 0, 0, 0, 0, 0, 0, 0, 0, 0, 0, 0, 0, 0, 0, 0, 0, 0, 0, 0, 0, 0, 0, 0, 0, 0, 0, 0, 0, 0, 0, 0, 0, 18, 18, 19, 17, 18, 18, 18, 18, 19, 19, 17, 22, 18, 18, 11, 17, 17, 18, 17, 17, 17, 18, 0, 0, 0, 0, 0, 0, 0, 0, 0, 0, 0, 0, 0, 0, 0, 0, 0, 0, 0, 0, 0, 0, 0, 0, 0, 0, 0, 0, 0, 0, 0, 0, 0, 0, 0, 0
"2024-11-13", 482, 469, 462, 461, 471, 500, 549, 566, 536, 507, 482, 467, 467, 478, 502, 538, 589, 637, 644, 634, 615, 588, 548, 513, 3341, 3292, 3276, 3289, 3360, 3537, 3810, 3952, 3943, 3885, 3839, 3773, 3726, 3692, 3644, 3615, 3656, 3796, 3860, 3854, 3813, 3714, 3553, 3402, 5112, 5029, 5006, 5035, 5177, 5461, 5905, 6106, 6040, 5933, 5814, 5725, 5651, 5603, 5550, 5563, 5692, 5970, 6040, 6028, 5932, 5743, 5464, 5226, 3318, 3245, 3209, 3204, 3267, 3434, 3734, 3925, 3975, 3989, 4001, 3978, 3949, 3940, 3890, 3848, 3869, 3989, 4024, 3982, 3904, 3772, 3579, 3393, 2867, 2797, 2773, 2796, 2902, 3153, 3500, 3628, 3542, 3409, 3319, 3252, 3213, 3205, 3218, 3284, 3439, 3671, 3711, 3676, 3590, 3445, 3230, 3027, 9511, 9148, 8929, 8795, 8792, 9025, 9656, 10558, 11006, 11140, 11167, 11190, 11155, 11107, 11105, 11031, 11027, 11352, 11647, 11488, 11286, 11005, 10570, 9988, 1773, 1729, 1705, 1703, 1742, 1851, 2025, 2138, 2155, 2151, 2144, 2120, 2104, 2090, 2064, 2031, 2046, 2118, 2146, 2120, 2077, 2004, 1896, 1795, 2569, 2513, 2482, 2480, 2532, 2686, 2932, 3081, 3101, 3083, 3073, 3040, 3018, 2998, 2967, 2946, 2961, 3068, 3122, 3095, 3042, 2941, 2792, 2646, 10475, 10332, 10318, 10455, 10842, 11621, 12598, 12966, 12649, 12201, 11888, 11673, 11499, 11402, 11375, 11536, 11991, 12654, 12776, 12658, 12400, 11965, 11382, 10864, 864, 846, 842, 849, 877, 947, 1051, 1080, 1048, 1007, 977, 953, 940, 933, 939, 961, 1018, 1096, 1110, 1100, 1073, 1027, 964, 907, 1288, 1260, 1249, 1249, 1272, 1342, 1445, 1513, 1543, 1553, 1558, 1557, 1552, 1548, 1533, 1523, 1536, 1582, 1582, 1560, 1530, 1476, 1403, 1335, 1417, 1397, 1403, 1410, 1435, 1510, 1655, 1690, 1646, 1580, 1517, 1458, 1420, 1388, 1363, 1363, 1402, 1499, 1588, 1605, 1602, 1566, 1494, 1428, 1995, 1929, 1898, 1897, 1947, 2093, 2342, 2452, 2415, 2330, 2266, 2228, 2215, 2253, 2323, 2423, 2600, 2774, 2789, 2731, 2646, 2503, 2308, 2134, 1551, 1517, 1504, 1512, 1561, 1682, 1851, 1924, 1914, 1885, 1871, 1852, 1830, 1818, 1796, 1795, 1851, 1937, 1939, 1918, 1878, 1794, 1687, 1587, 38, 38, 37, 38, 38, 38, 41, 43, 42, 42, 39, 40, 38, 38, 38, 38, 40, 39, 40, 41, 39, 39, 38, 38, 3597, 3483, 3432, 3440, 3548, 3841, 4229, 4470, 4503, 4459, 4423, 4392, 4362, 4336, 4314, 4348, 4493, 4722, 4727, 4635, 4514, 4318, 4039, 3787, 1300, 1262, 1252, 1258, 1310, 1433, 1612, 1698, 1686, 1641, 1596, 1569, 1555, 1548, 1550, 1578, 1635, 1722, 1708, 1671, 1619, 1557, 1465, 1380, 2046, 2008, 1992, 2004, 2064, 2219, 2472, 2593, 2582, 2538, 2507, 2473, 2443, 2429, 2404, 2401, 2466, 2570, 2570, 2537, 2470, 2365, 2224, 2118, 1786, 1744, 1726, 1733, 1777, 1897, 2092, 2198, 2210, 2201, 2211, 2186, 2159, 2143, 2105, 2070, 2099, 2169, 2178, 2152, 2117, 2037, 1920, 1825, 4063, 3930, 3862, 3844, 3914, 4136, 4519, 4752, 4754, 4680, 4617, 4574, 4561, 4625, 4722, 4848, 5057, 5272, 5252, 5171, 5046, 4850, 4574, 4291, 124, 119, 117, 117, 120, 127, 141, 154, 158, 159, 159, 158, 157, 158, 159, 161, 169, 177, 177, 173, 167, 159, 146, 134, 77479, 75720, 74991, 75141, 76942, 81603, 88924, 93121, 93024, 91632, 90474, 89345, 88474, 88062, 87704, 87990, 90095, 94122, 95174, 94219, 92391, 89229, 84635, 80256, 0, 0, 0, 0, 0, 0, 0, 0, 0, 0, 0, 0, 0, 0, 0, 0, 0, 0, 0, 0, 0, 0, 0, 0, 0, 0, 0, 0, 0, 0, 0, 0, 0, 0, 0, 0, 0, 0, 0, 0, 0, 0, 0, 0, 0, 0, 0, 0, 0, 0, 0, 0, 0, 0, 0, 0, 0, 0, 0, 0, 0, 0, 0, 0, 0, 0, 0, 0, 0, 0, 0, 0, 0, 0, 0, 0, 0, 0, 0, 0, 0, 0, 0, 0, 0, 0, 0, 0, 0, 0, 0, 0, 0, 0, 0, 0, 0, 0, 0, 0, 0, 0, 0, 0, 0, 0, 0, 0, 0, 0, 0, 0, 0, 0, 0, 0, 0, 0, 0, 0, 0, 0, 0, 0, 0, 0, 0, 0, 0, 0, 0, 0, 0, 0, 0, 0, 0, 0, 0, 0, 0, 0, 0, 0, 0, 0, 0, 0, 0, 0, 0, 0, 0, 0, 0, 0, 0, 0, 0, 0, 0, 0, 0, 0, 0, 0, 0, 0, 18, 18, 7, 18, 7, 18, 17, 7, 7, 7, 17, 6, 18, 17, 7, 17, 7, 7, 17, 17, 17, 7, 0, 0, 0, 0, 0, 0, 0, 0, 0, 0, 0, 0, 0, 0, 0, 0, 0, 0, 0, 0, 0, 0, 0, 0, 0, 0, 0, 0, 0, 0, 0, 0, 0, 0, 0, 0
"2024-11-14", 480, 464, 455, 452, 462, 485, 531, 541, 525, 502, 479, 469, 467, 480, 499, 530, 566, 606, 611, 604, 589, 563, 521, 495, 3288, 3225, 3217, 3217, 3281, 3435, 3696, 3834, 3848, 3805, 3772, 3713, 3645, 3591, 3531, 3499, 3521, 3632, 3689, 3703, 3661, 3583, 3439, 3307, 5042, 4950, 4918, 4948, 5064, 5319, 5704, 5900, 5892, 5837, 5758, 5679, 5588, 5481, 5397, 5370, 5453, 5679, 5763, 5755, 5672, 5509, 5265, 5046, 3251, 3179, 3136, 3131, 3180, 3323, 3575, 3749, 3819, 3861, 3885, 3867, 3834, 3804, 3739, 3689, 3699, 3801, 3832, 3807, 3756, 3638, 3474, 3309, 2873, 2800, 2770, 2786, 2883, 3107, 3414, 3538, 3485, 3385, 3306, 3258, 3235, 3224, 3214, 3243, 3349, 3535, 3563, 3533, 3461, 3334, 3146, 2961, 9379, 9010, 8777, 8635, 8606, 8796, 9325, 10087, 10463, 10589, 10646, 10698, 10704, 10669, 10659, 10592, 10578, 10843, 11086, 10955, 10791, 10567, 10205, 9696, 1717, 1673, 1645, 1641, 1671, 1767, 1920, 2025, 2053, 2069, 2075, 2056, 2030, 1997, 1962, 1929, 1932, 1989, 2013, 2003, 1972, 1910, 1824, 1740, 2524, 2460, 2425, 2423, 2472, 2603, 2820, 2963, 2995, 3006, 3016, 2998, 2977, 2944, 2901, 2872, 2869, 2944, 2985, 2964, 2924, 2838, 2708, 2574, 10498, 10338, 10307, 10412, 10745, 11443, 12344, 12719, 12490, 12144, 11886, 11696, 11533, 11406, 11330, 11415, 11730, 12233, 12311, 12211, 12000, 11625, 11107, 10627, 867, 849, 844, 849, 873, 934, 1025, 1059, 1036, 1002, 980, 959, 945, 936, 934, 947, 987, 1048, 1060, 1051, 1032, 991, 934, 881, 1281, 1253, 1239, 1237, 1256, 1313, 1404, 1463, 1488, 1507, 1518, 1518, 1513, 1503, 1487, 1476, 1486, 1521, 1521, 1508, 1480, 1437, 1371, 1308, 1375, 1356, 1373, 1372, 1409, 1493, 1636, 1671, 1650, 1611, 1552, 1508, 1461, 1408, 1374, 1366, 1402, 1464, 1531, 1556, 1559, 1531, 1475, 1411, 1993, 1927, 1893, 1884, 1932, 2057, 2261, 2371, 2362, 2301, 2248, 2217, 2199, 2220, 2275, 2356, 2491, 2639, 2659, 2612, 2545, 2421, 2252, 2090, 1522, 1491, 1474, 1481, 1521, 1624, 1773, 1846, 1855, 1846, 1839, 1817, 1782, 1755, 1724, 1713, 1752, 1826, 1833, 1816, 1782, 1713, 1619, 1533, 37, 37, 36, 36, 36, 38, 40, 40, 41, 40, 40, 37, 38, 38, 37, 38, 38, 40, 39, 39, 38, 37, 35, 35, 3588, 3475, 3424, 3426, 3519, 3774, 4117, 4339, 4396, 4379, 4368, 4357, 4339, 4305, 4271, 4268, 4358, 4537, 4529, 4447, 4352, 4191, 3949, 3721, 1307, 1266, 1252, 1257, 1301, 1408, 1565, 1647, 1645, 1610, 1579, 1563, 1553, 1544, 1545, 1559, 1599, 1663, 1642, 1613, 1567, 1513, 1432, 1352, 2026, 1987, 1971, 1975, 2026, 2159, 2379, 2492, 2507, 2486, 2472, 2438, 2390, 2353, 2317, 2303, 2349, 2435, 2439, 2409, 2362, 2269, 2144, 2047, 1749, 1715, 1698, 1695, 1734, 1836, 1999, 2096, 2129, 2137, 2153, 2137, 2092, 2057, 2011, 1976, 1990, 2059, 2072, 2056, 2026, 1960, 1864, 1766, 4064, 3933, 3859, 3842, 3896, 4082, 4385, 4583, 4605, 4555, 4502, 4471, 4464, 4506, 4591, 4692, 4862, 5049, 5027, 4948, 4842, 4682, 4456, 4194, 125, 120, 117, 117, 119, 126, 137, 148, 152, 154, 154, 154, 154, 155, 155, 157, 163, 170, 170, 166, 162, 154, 143, 132, 76718, 74867, 74075, 74070, 75611, 79671, 86142, 90033, 90443, 89634, 88877, 87984, 87007, 86204, 85515, 85449, 86866, 90085, 90951, 90275, 88790, 86118, 82121, 78169, 0, 0, 0, 0, 0, 0, 0, 0, 0, 0, 0, 0, 0, 0, 0, 0, 0, 0, 0, 0, 0, 0, 0, 0, 0, 0, 0, 0, 0, 0, 0, 0, 0, 0, 0, 0, 0, 0, 0, 0, 0, 0, 0, 0, 0, 0, 0, 0, 0, 0, 0, 0, 0, 0, 0, 0, 0, 0, 0, 0, 0, 0, 0, 0, 0, 0, 0, 0, 0, 0, 0, 0, 0, 0, 0, 0, 0, 0, 0, 0, 0, 0, 0, 0, 0, 0, 0, 0, 0, 0, 0, 0, 0, 0, 0, 0, 0, 0, 0, 0, 0, 0, 0, 0, 0, 0, 0, 0, 0, 0, 0, 0, 0, 0, 0, 0, 0, 0, 0, 0, 0, 0, 0, 0, 0, 0, 0, 0, 0, 0, 0, 0, 0, 0, 0, 0, 0, 0, 0, 0, 0, 0, 0, 0, 0, 0, 0, 0, 0, 0, 0, 0, 0, 0, 0, 0, 0, 0, 0, 0, 0, 0, 0, 0, 0, 0, 0, 0, 17, 18, 7, 17, 17, 18, 10, 17, 7, 7, 17, 7, 18, 17, 10, 17, 17, 17, 17, 17, 17, 7, 0, 0, 0, 0, 0, 0, 0, 0, 0, 0, 0, 0, 0, 0, 0, 0, 0, 0, 0, 0, 0, 0, 0, 0, 0, 0, 0, 0, 0, 0, 0, 0, 0, 0, 0, 0
"2024-11-15", 470, 454, 447, 446, 454, 479, 519, 535, 520, 497, 479, 469, 463, 470, 490, 521, 565, 610, 617, 608, 593, 574, 541, 509, 3203, 3151, 3134, 3146, 3209, 3363, 3611, 3751, 3771, 3750, 3708, 3656, 3607, 3566, 3518, 3484, 3519, 3632, 3674, 3663, 3629, 3557, 3446, 3315, 4857, 4765, 4742, 4766, 4874, 5111, 5501, 5722, 5747, 5709, 5650, 5571, 5492, 5426, 5366, 5354, 5460, 5686, 5742, 5708, 5635, 5495, 5286, 5074, 3180, 3110, 3075, 3073, 3123, 3279, 3540, 3720, 3781, 3818, 3837, 3814, 3795, 3773, 3723, 3687, 3707, 3807, 3821, 3782, 3720, 3616, 3466, 3292, 2807, 2733, 2702, 2715, 2804, 3019, 3318, 3448, 3425, 3356, 3297, 3250, 3201, 3198, 3205, 3256, 3386, 3577, 3592, 3542, 3463, 3353, 3198, 3036, 9207, 8892, 8685, 8574, 8575, 8785, 9339, 10135, 10524, 10661, 10716, 10733, 10708, 10652, 10638, 10576, 10587, 10900, 11163, 11075, 10893, 10658, 10335, 9852, 1677, 1638, 1616, 1617, 1651, 1747, 1902, 2009, 2034, 2043, 2043, 2011, 1994, 1974, 1940, 1907, 1919, 1975, 1993, 1972, 1941, 1890, 1808, 1719, 2476, 2415, 2387, 2385, 2438, 2573, 2792, 2941, 2970, 2972, 2967, 2939, 2899, 2873, 2840, 2821, 2833, 2915, 2947, 2921, 2881, 2813, 2709, 2595, 10252, 10088, 10035, 10119, 10443, 11102, 11947, 12315, 12207, 11937, 11707, 11504, 11347, 11263, 11245, 11385, 11764, 12292, 12344, 12203, 12000, 11693, 11278, 10857, 837, 819, 813, 819, 844, 904, 995, 1030, 1014, 988, 966, 947, 930, 927, 931, 951, 999, 1063, 1071, 1060, 1041, 1009, 964, 916, 1252, 1227, 1214, 1211, 1234, 1296, 1389, 1453, 1484, 1505, 1515, 1513, 1505, 1499, 1483, 1472, 1484, 1522, 1520, 1499, 1474, 1433, 1376, 1318, 1363, 1349, 1336, 1359, 1393, 1484, 1614, 1649, 1632, 1594, 1533, 1482, 1431, 1403, 1369, 1361, 1390, 1459, 1520, 1536, 1538, 1520, 1481, 1446, 1961, 1891, 1858, 1853, 1894, 2018, 2218, 2333, 2337, 2291, 2239, 2216, 2202, 2219, 2274, 2369, 2520, 2670, 2677, 2621, 2549, 2439, 2289, 2135, 1466, 1433, 1419, 1425, 1466, 1567, 1713, 1791, 1804, 1794, 1784, 1764, 1741, 1724, 1698, 1694, 1738, 1808, 1807, 1782, 1746, 1684, 1599, 1512, 34, 34, 34, 35, 36, 38, 39, 40, 38, 38, 38, 37, 38, 37, 36, 37, 36, 38, 36, 36, 36, 35, 35, 33, 3514, 3403, 3350, 3350, 3443, 3699, 4025, 4257, 4322, 4324, 4318, 4304, 4280, 4256, 4231, 4255, 4359, 4553, 4539, 4431, 4330, 4167, 3963, 3755, 1278, 1242, 1226, 1228, 1271, 1379, 1533, 1618, 1628, 1600, 1577, 1553, 1537, 1531, 1537, 1557, 1608, 1678, 1655, 1618, 1566, 1518, 1449, 1383, 1956, 1912, 1896, 1906, 1958, 2089, 2308, 2427, 2447, 2431, 2412, 2382, 2353, 2329, 2299, 2289, 2349, 2438, 2431, 2394, 2340, 2263, 2150, 2045, 1697, 1659, 1641, 1644, 1684, 1787, 1946, 2050, 2082, 2089, 2096, 2090, 2058, 2029, 1986, 1965, 1989, 2040, 2047, 2017, 1982, 1914, 1818, 1726, 3995, 3864, 3790, 3769, 3826, 4016, 4333, 4538, 4588, 4557, 4525, 4506, 4496, 4523, 4597, 4704, 4886, 5080, 5069, 4980, 4869, 4707, 4488, 4250, 123, 118, 116, 116, 118, 124, 135, 145, 151, 153, 153, 153, 152, 153, 153, 155, 162, 170, 170, 165, 160, 154, 144, 133, 74877, 73131, 72321, 72407, 73958, 78017, 84377, 88425, 89141, 88628, 87894, 86967, 86066, 85493, 85031, 85189, 86975, 90327, 90972, 89987, 88462, 86071, 82660, 78925, 0, 0, 0, 0, 0, 0, 0, 0, 0, 0, 0, 0, 0, 0, 0, 0, 0, 0, 0, 0, 0, 0, 0, 0, 0, 0, 0, 0, 0, 0, 0, 0, 0, 0, 0, 0, 0, 0, 0, 0, 0, 0, 0, 0, 0, 0, 0, 0, 0, 0, 0, 0, 0, 0, 0, 0, 0, 0, 0, 0, 0, 0, 0, 0, 0, 0, 0, 0, 0, 0, 0, 0, 0, 0, 0, 0, 0, 0, 0, 0, 0, 0, 0, 0, 0, 0, 0, 0, 0, 0, 0, 0, 0, 0, 0, 0, 0, 0, 0, 0, 0, 0, 0, 0, 0, 0, 0, 0, 0, 0, 0, 0, 0, 0, 0, 0, 0, 0, 0, 0, 0, 0, 0, 0, 0, 0, 0, 0, 0, 0, 0, 0, 0, 0, 0, 0, 0, 0, 0, 0, 0, 0, 0, 0, 0, 0, 0, 0, 0, 0, 0, 0, 0, 0, 0, 0, 0, 0, 0, 0, 0, 0, 0, 0, 0, 0, 0, 0, 18, 8, 7, 17, 17, 18, 10, 7, 7, 7, 18, 6, 18, 7, 12, 17, 7, 7, 7, 17, 17, 7, 0, 0, 0, 0, 0, 0, 0, 0, 0, 0, 0, 0, 0, 0, 0, 0, 0, 0, 0, 0, 0, 0, 0, 0, 0, 0, 0, 0, 0, 0, 0, 0, 0, 0, 0, 0
"2024-11-16", 484, 469, 458, 456, 460, 471, 492, 502, 488, 461, 433, 415, 412, 422, 450, 488, 541, 590, 599, 591, 579, 562, 535, 506, 3216, 3167, 3144, 3147, 3185, 3268, 3386, 3503, 3583, 3596, 3561, 3500, 3423, 3355, 3307, 3292, 3348, 3485, 3544, 3548, 3520, 3456, 3360, 3251, 4906, 4833, 4803, 4824, 4885, 5024, 5234, 5426, 5541, 5533, 5462, 5361, 5249, 5153, 5093, 5120, 5250, 5515, 5591, 5581, 5520, 5398, 5227, 5040, 3164, 3091, 3049, 3033, 3058, 3134, 3255, 3378, 3476, 3545, 3567, 3549, 3505, 3462, 3428, 3423, 3479, 3606, 3639, 3615, 3555, 3467, 3334, 3200, 2898, 2818, 2784, 2782, 2829, 2940, 3096, 3212, 3271, 3230, 3152, 3091, 3034, 2999, 3003, 3062, 3211, 3419, 3473, 3457, 3408, 3328, 3195, 3052, 9360, 9002, 8780, 8639, 8584, 8662, 8931, 9325, 9552, 9769, 9888, 9915, 9878, 9781, 9627, 9547, 9593, 9955, 10288, 10308, 10187, 10029, 9780, 9407, 1642, 1599, 1576, 1569, 1586, 1636, 1713, 1797, 1858, 1889, 1891, 1867, 1826, 1793, 1764, 1749, 1775, 1840, 1865, 1855, 1826, 1782, 1715, 1644, 2495, 2437, 2401, 2396, 2417, 2486, 2594, 2710, 2795, 2839, 2841, 2813, 2766, 2713, 2673, 2656, 2691, 2789, 2839, 2831, 2800, 2742, 2650, 2545, 10547, 10379, 10323, 10378, 10562, 10924, 11391, 11748, 11821, 11624, 11372, 11136, 10922, 10759, 10719, 10891, 11333, 11914, 12076, 12041, 11918, 11686, 11339, 10969, 877, 858, 850, 852, 866, 898, 945, 983, 986, 963, 932, 904, 880, 868, 872, 897, 953, 1022, 1035, 1028, 1014, 988, 947, 905, 1271, 1241, 1227, 1219, 1229, 1258, 1300, 1337, 1374, 1403, 1413, 1415, 1410, 1399, 1391, 1387, 1409, 1463, 1473, 1464, 1446, 1412, 1363, 1308, 1418, 1399, 1403, 1415, 1442, 1491, 1561, 1616, 1660, 1641, 1590, 1527, 1459, 1407, 1370, 1364, 1383, 1456, 1515, 1533, 1529, 1509, 1471, 1433, 2008, 1935, 1899, 1884, 1902, 1968, 2068, 2136, 2144, 2089, 2024, 1980, 1965, 1980, 2043, 2153, 2325, 2501, 2534, 2498, 2445, 2364, 2238, 2098, 1445, 1405, 1389, 1389, 1409, 1462, 1534, 1608, 1653, 1659, 1645, 1618, 1586, 1561, 1543, 1552, 1615, 1694, 1698, 1681, 1649, 1601, 1532, 1462, 33, 34, 34, 34, 34, 35, 36, 36, 36, 36, 35, 35, 34, 33, 34, 34, 34, 35, 36, 35, 34, 35, 34, 34, 3567, 3453, 3393, 3380, 3413, 3528, 3702, 3869, 4007, 4062, 4069, 4048, 4004, 3950, 3927, 3957, 4077, 4285, 4311, 4260, 4185, 4063, 3910, 3727, 1322, 1282, 1259, 1254, 1268, 1307, 1371, 1436, 1474, 1469, 1446, 1420, 1396, 1377, 1379, 1406, 1461, 1536, 1560, 1555, 1535, 1503, 1450, 1392, 1960, 1916, 1896, 1899, 1929, 1998, 2104, 2204, 2265, 2276, 2258, 2227, 2185, 2148, 2129, 2145, 2222, 2326, 2334, 2309, 2268, 2205, 2113, 2016, 1657, 1622, 1601, 1602, 1625, 1679, 1748, 1827, 1891, 1928, 1933, 1914, 1885, 1851, 1825, 1824, 1873, 1950, 1966, 1944, 1904, 1842, 1765, 1688, 4036, 3894, 3810, 3769, 3779, 3866, 3998, 4064, 4088, 4049, 3987, 3952, 3936, 3948, 4040, 4186, 4422, 4672, 4727, 4687, 4620, 4510, 4341, 4152, 124, 119, 117, 116, 116, 119, 125, 130, 133, 134, 134, 133, 133, 132, 133, 136, 144, 155, 157, 155, 152, 147, 140, 131, 75825, 74009, 73082, 72913, 73656, 75702, 78846, 81797, 83473, 83637, 82896, 81778, 80484, 79376, 78873, 79447, 81774, 85670, 86984, 86644, 85534, 83650, 80832, 77673, 0, 0, 0, 0, 0, 0, 0, 0, 0, 0, 0, 0, 0, 0, 0, 0, 0, 0, 0, 0, 0, 0, 0, 0, 0, 0, 0, 0, 0, 0, 0, 0, 0, 0, 0, 0, 0, 0, 0, 0, 0, 0, 0, 0, 0, 0, 0, 0, 0, 0, 0, 0, 0, 0, 0, 0, 0, 0, 0, 0, 0, 0, 0, 0, 0, 0, 0, 0, 0, 0, 0, 0, 0, 0, 0, 0, 0, 0, 0, 0, 0, 0, 0, 0, 0, 0, 0, 0, 0, 0, 0, 0, 0, 0, 0, 0, 0, 0, 0, 0, 0, 0, 0, 0, 0, 0, 0, 0, 0, 0, 0, 0, 0, 0, 0, 0, 0, 0, 0, 0, 0, 0, 0, 0, 0, 0, 0, 0, 0, 0, 0, 0, 0, 0, 0, 0, 0, 0, 0, 0, 0, 0, 0, 0, 0, 0, 0, 0, 0, 0, 0, 0, 0, 0, 0, 0, 0, 0, 0, 0, 0, 0, 0, 0, 0, 0, 0, 0, 17, 18, 20, 17, 19, 18, 10, 8, 18, 20, 17, 7, 18, 8, 14, 17, 18, 18, 10, 18, 17, 18, 0, 0, 0, 0, 0, 0, 0, 0, 0, 0, 0, 0, 0, 0, 0, 0, 0, 0, 0, 0, 0, 0, 0, 0, 0, 0, 0, 0, 0, 0, 0, 0, 0, 0, 0, 0
"2024-11-17", 481, 463, 457, 454, 457, 468, 484, 488, 480, 456, 441, 438, 443, 453, 478, 509, 561, 610, 613, 602, 584, 557, 518, 490, 3151, 3057, 3087, 3096, 3123, 3188, 3292, 3398, 3472, 3463, 3392, 3338, 3304, 3262, 3237, 3246, 3326, 3518, 3600, 3596, 3564, 3474, 3360, 3258, 4853, 4691, 4729, 4731, 4794, 4904, 5070, 5249, 5365, 5356, 5260, 5183, 5121, 5048, 5010, 5050, 5237, 5592, 5666, 5640, 5575, 5403, 5190, 5025, 3076, 2972, 2966, 2955, 2967, 3022, 3120, 3204, 3299, 3370, 3392, 3398, 3396, 3378, 3360, 3380, 3473, 3662, 3710, 3672, 3598, 3488, 3352, 3232, 2899, 2770, 2777, 2773, 2811, 2903, 3026, 3123, 3170, 3144, 3113, 3070, 3045, 3034, 3049, 3113, 3286, 3546, 3591, 3558, 3484, 3345, 3149, 2958, 8952, 8534, 8417, 8302, 8247, 8287, 8453, 8671, 8770, 8959, 9101, 9183, 9225, 9248, 9244, 9266, 9396, 9876, 10310, 10289, 10188, 9985, 9678, 9265, 1577, 1512, 1519, 1513, 1523, 1556, 1613, 1679, 1738, 1761, 1758, 1750, 1740, 1721, 1709, 1714, 1763, 1866, 1908, 1889, 1862, 1806, 1744, 1697, 2443, 2347, 2345, 2338, 2354, 2411, 2493, 2577, 2655, 2688, 2682, 2670, 2653, 2626, 2614, 2623, 2686, 2838, 2915, 2887, 2843, 2744, 2613, 2498, 10528, 10157, 10280, 10315, 10475, 10788, 11202, 11526, 11569, 11352, 11079, 10861, 10734, 10638, 10626, 10784, 11295, 12082, 12226, 12125, 11928, 11526, 11031, 10563, 861, 823, 836, 836, 850, 877, 920, 955, 963, 947, 921, 902, 891, 882, 887, 909, 973, 1053, 1056, 1041, 1017, 972, 919, 870, 1256, 1215, 1209, 1203, 1211, 1234, 1264, 1290, 1327, 1355, 1367, 1375, 1381, 1382, 1380, 1381, 1413, 1484, 1490, 1481, 1457, 1420, 1357, 1296, 1389, 1341, 1386, 1402, 1422, 1474, 1524, 1592, 1639, 1593, 1497, 1418, 1394, 1351, 1342, 1337, 1375, 1472, 1556, 1575, 1557, 1512, 1458, 1395, 1968, 1868, 1844, 1830, 1843, 1893, 1970, 2017, 2033, 2013, 1992, 1991, 1999, 2036, 2100, 2201, 2394, 2591, 2593, 2539, 2462, 2333, 2169, 2012, 1397, 1344, 1346, 1343, 1359, 1400, 1467, 1535, 1589, 1604, 1601, 1591, 1583, 1567, 1563, 1583, 1664, 1767, 1765, 1739, 1701, 1633, 1560, 1493, 35, 34, 34, 34, 34, 35, 36, 36, 37, 37, 36, 35, 35, 35, 36, 35, 36, 37, 36, 36, 35, 33, 34, 33, 3540, 3375, 3359, 3342, 3378, 3468, 3596, 3727, 3860, 3946, 3970, 3985, 3988, 3985, 3975, 4020, 4182, 4452, 4462, 4387, 4289, 4103, 3892, 3666, 1324, 1261, 1257, 1256, 1262, 1298, 1346, 1389, 1417, 1412, 1399, 1385, 1377, 1377, 1386, 1414, 1481, 1580, 1597, 1587, 1561, 1511, 1429, 1359, 1929, 1854, 1866, 1866, 1888, 1943, 2040, 2133, 2198, 2212, 2202, 2192, 2174, 2151, 2141, 2162, 2255, 2382, 2370, 2338, 2289, 2196, 2089, 2008, 1625, 1574, 1572, 1570, 1584, 1630, 1693, 1769, 1844, 1874, 1872, 1868, 1862, 1828, 1817, 1815, 1882, 1985, 1995, 1973, 1939, 1869, 1791, 1724, 3949, 3774, 3721, 3685, 3686, 3745, 3820, 3842, 3856, 3857, 3857, 3884, 3925, 4000, 4099, 4241, 4485, 4770, 4784, 4735, 4649, 4494, 4283, 4044, 123, 117, 115, 114, 115, 117, 120, 122, 125, 127, 127, 128, 129, 131, 133, 137, 147, 159, 160, 157, 153, 146, 136, 126, 74419, 71564, 71701, 71550, 72116, 73753, 76271, 78622, 80111, 80247, 79533, 78916, 78532, 78100, 78087, 78968, 81956, 87086, 88473, 87796, 86400, 83624, 80069, 76675, 0, 0, 0, 0, 0, 0, 0, 0, 0, 0, 0, 0, 0, 0, 0, 0, 0, 0, 0, 0, 0, 0, 0, 0, 0, 0, 0, 0, 0, 0, 0, 0, 0, 0, 0, 0, 0, 0, 0, 0, 0, 0, 0, 0, 0, 0, 0, 0, 0, 0, 0, 0, 0, 0, 0, 0, 0, 0, 0, 0, 0, 0, 0, 0, 0, 0, 0, 0, 0, 0, 0, 0, 0, 0, 0, 0, 0, 0, 0, 0, 0, 0, 0, 0, 0, 0, 0, 0, 0, 0, 0, 0, 0, 0, 0, 0, 0, 0, 0, 0, 0, 0, 0, 0, 0, 0, 0, 0, 0, 0, 0, 0, 0, 0, 0, 0, 0, 0, 0, 0, 0, 0, 0, 0, 0, 0, 0, 0, 0, 0, 0, 0, 0, 0, 0, 0, 0, 0, 0, 0, 0, 0, 0, 0, 0, 0, 0, 0, 0, 0, 0, 0, 0, 0, 0, 0, 0, 0, 0, 0, 0, 0, 0, 0, 0, 0, 0, 0, 19, 19, 18, 18, 19, 18, 18, 19, 20, 18, 18, 8, 18, 17, 2, 18, 19, 17, 18, 18, 18, 19, 0, 0, 0, 0, 0, 0, 0, 0, 0, 0, 0, 0, 0, 0, 0, 0, 0, 0, 0, 0, 0, 0, 0, 0, 0, 0, 0, 0, 0, 0, 0, 0, 0, 0, 0, 0
"2024-11-28", 480, 464, 455, 452, 462, 485, 531, 541, 525, 502, 479, 469, 467, 480, 499, 530, 566, 606, 611, 604, 589, 563, 521, 495, 3288, 3225, 3217, 3217, 3281, 3435, 3696, 3834, 3848, 3805, 3772, 3713, 3645, 3591, 3531, 3499, 3521, 3632, 3689, 3703, 3661, 3583, 3439, 3307, 5042, 4950, 4918, 4948, 5064, 5319, 5704, 5900, 5892, 5837, 5758, 5679, 5588, 5481, 5397, 5370, 5453, 5679, 5763, 5755, 5672, 5509, 5265, 5046, 3251, 3179, 3136, 3131, 3180, 3323, 3575, 3749, 3819, 3861, 3885, 3867, 3834, 3804, 3739, 3689, 3699, 3801, 3832, 3807, 3756, 3638, 3474, 3309, 2873, 2800, 2770, 2786, 2883, 3107, 3414, 3538, 3485, 3385, 3306, 3258, 3235, 3224, 3214, 3243, 3349, 3535, 3563, 3533, 3461, 3334, 3146, 2961, 9379, 9010, 8777, 8635, 8606, 8796, 9325, 10087, 10463, 10589, 10646, 10698, 10704, 10669, 10659, 10592, 10578, 10843, 11086, 10955, 10791, 10567, 10205, 9696, 1717, 1673, 1645, 1641, 1671, 1767, 1920, 2025, 2053, 2069, 2075, 2056, 2030, 1997, 1962, 1929, 1932, 1989, 2013, 2003, 1972, 1910, 1824, 1740, 2524, 2460, 2425, 2423, 2472, 2603, 2820, 2963, 2995, 3006, 3016, 2998, 2977, 2944, 2901, 2872, 2869, 2944, 2985, 2964, 2924, 2838, 2708, 2574, 10498, 10338, 10307, 10412, 10745, 11443, 12344, 12719, 12490, 12144, 11886, 11696, 11533, 11406, 11330, 11415, 11730, 12233, 12311, 12211, 12000, 11625, 11107, 10627, 867, 849, 844, 849, 873, 934, 1025, 1059, 1036, 1002, 980, 959, 945, 936, 934, 947, 987, 1048, 1060, 1051, 1032, 991, 934, 881, 1281, 1253, 1239, 1237, 1256, 1313, 1404, 1463, 1488, 1507, 1518, 1518, 1513, 1503, 1487, 1476, 1486, 1521, 1521, 1508, 1480, 1437, 1371, 1308, 1375, 1356, 1373, 1372, 1409, 1493, 1636, 1671, 1650, 1611, 1552, 1508, 1461, 1408, 1374, 1366, 1402, 1464, 1531, 1556, 1559, 1531, 1475, 1411, 1993, 1927, 1893, 1884, 1932, 2057, 2261, 2371, 2362, 2301, 2248, 2217, 2199, 2220, 2275, 2356, 2491, 2639, 2659, 2612, 2545, 2421, 2252, 2090, 1522, 1491, 1474, 1481, 1521, 1624, 1773, 1846, 1855, 1846, 1839, 1817, 1782, 1755, 1724, 1713, 1752, 1826, 1833, 1816, 1782, 1713, 1619, 1533, 37, 37, 36, 36, 36, 38, 40, 40, 41, 40, 40, 37, 38, 38, 37, 38, 38, 40, 39, 39, 38, 37, 35, 35, 3588, 3475, 3424, 3426, 3519, 3774, 4117, 4339, 4396, 4379, 4368, 4357, 4339, 4305, 4271, 4268, 4358, 4537, 4529, 4447, 4352, 4191, 3949, 3721, 1307, 1266, 1252, 1257, 1301, 1408, 1565, 1647, 1645, 1610, 1579, 1563, 1553, 1544, 1545, 1559, 1599, 1663, 1642, 1613, 1567, 1513, 1432, 1352, 2026, 1987, 1971, 1975, 2026, 2159, 2379, 2492, 2507, 2486, 2472, 2438, 2390, 2353, 2317, 2303, 2349, 2435, 2439, 2409, 2362, 2269, 2144, 2047, 1749, 1715, 1698, 1695, 1734, 1836, 1999, 2096, 2129, 2137, 2153, 2137, 2092, 2057, 2011, 1976, 1990, 2059, 2072, 2056, 2026, 1960, 1864, 1766, 4064, 3933, 3859, 3842, 3896, 4082, 4385, 4583, 4605, 4555, 4502, 4471, 4464, 4506, 4591, 4692, 4862, 5049, 5027, 4948, 4842, 4682, 4456, 4194, 125, 120, 117, 117, 119, 126, 137, 148, 152, 154, 154, 154, 154, 155, 155, 157, 163, 170, 170, 166, 162, 154, 143, 132, 76718, 74867, 74075, 74070, 75611, 79671, 86142, 90033, 90443, 89634, 88877, 87984, 87007, 86204, 85515, 85449, 86866, 90085, 90951, 90275, 88790, 86118, 82121, 78169, 0, 0, 0, 0, 0, 0, 0, 0, 0, 0, 0, 0, 0, 0, 0, 0, 0, 0, 0, 0, 0, 0, 0, 0, 0, 0, 0, 0, 0, 0, 0, 0, 0, 0, 0, 0, 0, 0, 0, 0, 0, 0, 0, 0, 0, 0, 0, 0, 0, 0, 0, 0, 0, 0, 0, 0, 0, 0, 0, 0, 0, 0, 0, 0, 0, 0, 0, 0, 0, 0, 0, 0, 0, 0, 0, 0, 0, 0, 0, 0, 0, 0, 0, 0, 0, 0, 0, 0, 0, 0, 0, 0, 0, 0, 0, 0, 0, 0, 0, 0, 0, 0, 0, 0, 0, 0, 0, 0, 0, 0, 0, 0, 0, 0, 0, 0, 0, 0, 0, 0, 0, 0, 0, 0, 0, 0, 0, 0, 0, 0, 0, 0, 0, 0, 0, 0, 0, 0, 0, 0, 0, 0, 0, 0, 0, 0, 0, 0, 0, 0, 0, 0, 0, 0, 0, 0, 0, 0, 0, 0, 0, 0, 0, 0, 0, 0, 0, 0, 17, 18, 7, 17, 17, 18, 10, 17, 7, 7, 17, 7, 18, 17, 10, 17, 17, 17, 17, 17, 17, 7, 0, 0, 0, 0, 0, 0, 0, 0, 0, 0, 0, 0, 0, 0, 0, 0, 0, 0, 0, 0, 0, 0, 0, 0, 0, 0, 0, 0, 0, 0, 0, 0, 0, 0, 0, 0
"2024-11-29", 470, 454, 447, 446, 454, 479, 519, 535, 520, 497, 479, 469, 463, 470, 490, 521, 565, 610, 617, 608, 593, 574, 541, 509, 3203, 3151, 3134, 3146, 3209, 3363, 3611, 3751, 3771, 3750, 3708, 3656, 3607, 3566, 3518, 3484, 3519, 3632, 3674, 3663, 3629, 3557, 3446, 3315, 4857, 4765, 4742, 4766, 4874, 5111, 5501, 5722, 5747, 5709, 5650, 5571, 5492, 5426, 5366, 5354, 5460, 5686, 5742, 5708, 5635, 5495, 5286, 5074, 3180, 3110, 3075, 3073, 3123, 3279, 3540, 3720, 3781, 3818, 3837, 3814, 3795, 3773, 3723, 3687, 3707, 3807, 3821, 3782, 3720, 3616, 3466, 3292, 2807, 2733, 2702, 2715, 2804, 3019, 3318, 3448, 3425, 3356, 3297, 3250, 3201, 3198, 3205, 3256, 3386, 3577, 3592, 3542, 3463, 3353, 3198, 3036, 9207, 8892, 8685, 8574, 8575, 8785, 9339, 10135, 10524, 10661, 10716, 10733, 10708, 10652, 10638, 10576, 10587, 10900, 11163, 11075, 10893, 10658, 10335, 9852, 1677, 1638, 1616, 1617, 1651, 1747, 1902, 2009, 2034, 2043, 2043, 2011, 1994, 1974, 1940, 1907, 1919, 1975, 1993, 1972, 1941, 1890, 1808, 1719, 2476, 2415, 2387, 2385, 2438, 2573, 2792, 2941, 2970, 2972, 2967, 2939, 2899, 2873, 2840, 2821, 2833, 2915, 2947, 2921, 2881, 2813, 2709, 2595, 10252, 10088, 10035, 10119, 10443, 11102, 11947, 12315, 12207, 11937, 11707, 11504, 11347, 11263, 11245, 11385, 11764, 12292, 12344, 12203, 12000, 11693, 11278, 10857, 837, 819, 813, 819, 844, 904, 995, 1030, 1014, 988, 966, 947, 930, 927, 931, 951, 999, 1063, 1071, 1060, 1041, 1009, 964, 916, 1252, 1227, 1214, 1211, 1234, 1296, 1389, 1453, 1484, 1505, 1515, 1513, 1505, 1499, 1483, 1472, 1484, 1522, 1520, 1499, 1474, 1433, 1376, 1318, 1363, 1349, 1336, 1359, 1393, 1484, 1614, 1649, 1632, 1594, 1533, 1482, 1431, 1403, 1369, 1361, 1390, 1459, 1520, 1536, 1538, 1520, 1481, 1446, 1961, 1891, 1858, 1853, 1894, 2018, 2218, 2333, 2337, 2291, 2239, 2216, 2202, 2219, 2274, 2369, 2520, 2670, 2677, 2621, 2549, 2439, 2289, 2135, 1466, 1433, 1419, 1425, 1466, 1567, 1713, 1791, 1804, 1794, 1784, 1764, 1741, 1724, 1698, 1694, 1738, 1808, 1807, 1782, 1746, 1684, 1599, 1512, 34, 34, 34, 35, 36, 38, 39, 40, 38, 38, 38, 37, 38, 37, 36, 37, 36, 38, 36, 36, 36, 35, 35, 33, 3514, 3403, 3350, 3350, 3443, 3699, 4025, 4257, 4322, 4324, 4318, 4304, 4280, 4256, 4231, 4255, 4359, 4553, 4539, 4431, 4330, 4167, 3963, 3755, 1278, 1242, 1226, 1228, 1271, 1379, 1533, 1618, 1628, 1600, 1577, 1553, 1537, 1531, 1537, 1557, 1608, 1678, 1655, 1618, 1566, 1518, 1449, 1383, 1956, 1912, 1896, 1906, 1958, 2089, 2308, 2427, 2447, 2431, 2412, 2382, 2353, 2329, 2299, 2289, 2349, 2438, 2431, 2394, 2340, 2263, 2150, 2045, 1697, 1659, 1641, 1644, 1684, 1787, 1946, 2050, 2082, 2089, 2096, 2090, 2058, 2029, 1986, 1965, 1989, 2040, 2047, 2017, 1982, 1914, 1818, 1726, 3995, 3864, 3790, 3769, 3826, 4016, 4333, 4538, 4588, 4557, 4525, 4506, 4496, 4523, 4597, 4704, 4886, 5080, 5069, 4980, 4869, 4707, 4488, 4250, 123, 118, 116, 116, 118, 124, 135, 145, 151, 153, 153, 153, 152, 153, 153, 155, 162, 170, 170, 165, 160, 154, 144, 133, 74877, 73131, 72321, 72407, 73958, 78017, 84377, 88425, 89141, 88628, 87894, 86967, 86066, 85493, 85031, 85189, 86975, 90327, 90972, 89987, 88462, 86071, 82660, 78925, 0, 0, 0, 0, 0, 0, 0, 0, 0, 0, 0, 0, 0, 0, 0, 0, 0, 0, 0, 0, 0, 0, 0, 0, 0, 0, 0, 0, 0, 0, 0, 0, 0, 0, 0, 0, 0, 0, 0, 0, 0, 0, 0, 0, 0, 0, 0, 0, 0, 0, 0, 0, 0, 0, 0, 0, 0, 0, 0, 0, 0, 0, 0, 0, 0, 0, 0, 0, 0, 0, 0, 0, 0, 0, 0, 0, 0, 0, 0, 0, 0, 0, 0, 0, 0, 0, 0, 0, 0, 0, 0, 0, 0, 0, 0, 0, 0, 0, 0, 0, 0, 0, 0, 0, 0, 0, 0, 0, 0, 0, 0, 0, 0, 0, 0, 0, 0, 0, 0, 0, 0, 0, 0, 0, 0, 0, 0, 0, 0, 0, 0, 0, 0, 0, 0, 0, 0, 0, 0, 0, 0, 0, 0, 0, 0, 0, 0, 0, 0, 0, 0, 0, 0, 0, 0, 0, 0, 0, 0, 0, 0, 0, 0, 0, 0, 0, 0, 0, 18, 8, 7, 17, 17, 18, 10, 7, 7, 7, 18, 6, 18, 7, 12, 17, 7, 7, 7, 17, 17, 7, 0, 0, 0, 0, 0, 0, 0, 0, 0, 0, 0, 0, 0, 0, 0, 0, 0, 0, 0, 0, 0, 0, 0, 0, 0, 0, 0, 0, 0, 0, 0, 0, 0, 0, 0, 0
"2024-11-30", 484, 469, 458, 456, 460, 471, 492, 502, 488, 461, 433, 415, 412, 422, 450, 488, 541, 590, 599, 591, 579, 562, 535, 506, 3216, 3167, 3144, 3147, 3185, 3268, 3386, 3503, 3583, 3596, 3561, 3500, 3423, 3355, 3307, 3292, 3348, 3485, 3544, 3548, 3520, 3456, 3360, 3251, 4906, 4833, 4803, 4824, 4885, 5024, 5234, 5426, 5541, 5533, 5462, 5361, 5249, 5153, 5093, 5120, 5250, 5515, 5591, 5581, 5520, 5398, 5227, 5040, 3164, 3091, 3049, 3033, 3058, 3134, 3255, 3378, 3476, 3545, 3567, 3549, 3505, 3462, 3428, 3423, 3479, 3606, 3639, 3615, 3555, 3467, 3334, 3200, 2898, 2818, 2784, 2782, 2829, 2940, 3096, 3212, 3271, 3230, 3152, 3091, 3034, 2999, 3003, 3062, 3211, 3419, 3473, 3457, 3408, 3328, 3195, 3052, 9360, 9002, 8780, 8639, 8584, 8662, 8931, 9325, 9552, 9769, 9888, 9915, 9878, 9781, 9627, 9547, 9593, 9955, 10288, 10308, 10187, 10029, 9780, 9407, 1642, 1599, 1576, 1569, 1586, 1636, 1713, 1797, 1858, 1889, 1891, 1867, 1826, 1793, 1764, 1749, 1775, 1840, 1865, 1855, 1826, 1782, 1715, 1644, 2495, 2437, 2401, 2396, 2417, 2486, 2594, 2710, 2795, 2839, 2841, 2813, 2766, 2713, 2673, 2656, 2691, 2789, 2839, 2831, 2800, 2742, 2650, 2545, 10547, 10379, 10323, 10378, 10562, 10924, 11391, 11748, 11821, 11624, 11372, 11136, 10922, 10759, 10719, 10891, 11333, 11914, 12076, 12041, 11918, 11686, 11339, 10969, 877, 858, 850, 852, 866, 898, 945, 983, 986, 963, 932, 904, 880, 868, 872, 897, 953, 1022, 1035, 1028, 1014, 988, 947, 905, 1271, 1241, 1227, 1219, 1229, 1258, 1300, 1337, 1374, 1403, 1413, 1415, 1410, 1399, 1391, 1387, 1409, 1463, 1473, 1464, 1446, 1412, 1363, 1308, 1418, 1399, 1403, 1415, 1442, 1491, 1561, 1616, 1660, 1641, 1590, 1527, 1459, 1407, 1370, 1364, 1383, 1456, 1515, 1533, 1529, 1509, 1471, 1433, 2008, 1935, 1899, 1884, 1902, 1968, 2068, 2136, 2144, 2089, 2024, 1980, 1965, 1980, 2043, 2153, 2325, 2501, 2534, 2498, 2445, 2364, 2238, 2098, 1445, 1405, 1389, 1389, 1409, 1462, 1534, 1608, 1653, 1659, 1645, 1618, 1586, 1561, 1543, 1552, 1615, 1694, 1698, 1681, 1649, 1601, 1532, 1462, 33, 34, 34, 34, 34, 35, 36, 36, 36, 36, 35, 35, 34, 33, 34, 34, 34, 35, 36, 35, 34, 35, 34, 34, 3567, 3453, 3393, 3380, 3413, 3528, 3702, 3869, 4007, 4062, 4069, 4048, 4004, 3950, 3927, 3957, 4077, 4285, 4311, 4260, 4185, 4063, 3910, 3727, 1322, 1282, 1259, 1254, 1268, 1307, 1371, 1436, 1474, 1469, 1446, 1420, 1396, 1377, 1379, 1406, 1461, 1536, 1560, 1555, 1535, 1503, 1450, 1392, 1960, 1916, 1896, 1899, 1929, 1998, 2104, 2204, 2265, 2276, 2258, 2227, 2185, 2148, 2129, 2145, 2222, 2326, 2334, 2309, 2268, 2205, 2113, 2016, 1657, 1622, 1601, 1602, 1625, 1679, 1748, 1827, 1891, 1928, 1933, 1914, 1885, 1851, 1825, 1824, 1873, 1950, 1966, 1944, 1904, 1842, 1765, 1688, 4036, 3894, 3810, 3769, 3779, 3866, 3998, 4064, 4088, 4049, 3987, 3952, 3936, 3948, 4040, 4186, 4422, 4672, 4727, 4687, 4620, 4510, 4341, 4152, 124, 119, 117, 116, 116, 119, 125, 130, 133, 134, 134, 133, 133, 132, 133, 136, 144, 155, 157, 155, 152, 147, 140, 131, 75825, 74009, 73082, 72913, 73656, 75702, 78846, 81797, 83473, 83637, 82896, 81778, 80484, 79376, 78873, 79447, 81774, 85670, 86984, 86644, 85534, 83650, 80832, 77673, 0, 0, 0, 0, 0, 0, 0, 0, 0, 0, 0, 0, 0, 0, 0, 0, 0, 0, 0, 0, 0, 0, 0, 0, 0, 0, 0, 0, 0, 0, 0, 0, 0, 0, 0, 0, 0, 0, 0, 0, 0, 0, 0, 0, 0, 0, 0, 0, 0, 0, 0, 0, 0, 0, 0, 0, 0, 0, 0, 0, 0, 0, 0, 0, 0, 0, 0, 0, 0, 0, 0, 0, 0, 0, 0, 0, 0, 0, 0, 0, 0, 0, 0, 0, 0, 0, 0, 0, 0, 0, 0, 0, 0, 0, 0, 0, 0, 0, 0, 0, 0, 0, 0, 0, 0, 0, 0, 0, 0, 0, 0, 0, 0, 0, 0, 0, 0, 0, 0, 0, 0, 0, 0, 0, 0, 0, 0, 0, 0, 0, 0, 0, 0, 0, 0, 0, 0, 0, 0, 0, 0, 0, 0, 0, 0, 0, 0, 0, 0, 0, 0, 0, 0, 0, 0, 0, 0, 0, 0, 0, 0, 0, 0, 0, 0, 0, 0, 0, 17, 18, 20, 17, 19, 18, 10, 8, 18, 20, 17, 7, 18, 8, 14, 17, 18, 18, 10, 18, 17, 18, 0, 0, 0, 0, 0, 0, 0, 0, 0, 0, 0, 0, 0, 0, 0, 0, 0, 0, 0, 0, 0, 0, 0, 0, 0, 0, 0, 0, 0, 0, 0, 0, 0, 0, 0, 0
"2024-10-01", 458, 442, 431, 427, 433, 459, 511, 535, 527, 504, 484, 477, 476, 484, 498, 526, 561, 595, 627, 633, 611, 578, 534, 491, 3036, 2962, 2921, 2913, 2969, 3132, 3419, 3597, 3616, 3613, 3627, 3634, 3653, 3676, 3672, 3664, 3669, 3669, 3686, 3752, 3702, 3559, 3363, 3178, 4469, 4348, 4295, 4307, 4398, 4649, 5096, 5340, 5356, 5332, 5333, 5342, 5346, 5353, 5345, 5346, 5404, 5463, 5540, 5663, 5545, 5304, 4989, 4705, 3139, 3052, 3000, 2987, 3038, 3208, 3519, 3739, 3790, 3831, 3874, 3887, 3915, 3948, 3925, 3893, 3873, 3854, 3873, 3943, 3874, 3713, 3497, 3296, 2596, 2484, 2427, 2412, 2474, 2667, 3007, 3177, 3185, 3153, 3139, 3138, 3163, 3194, 3225, 3273, 3349, 3429, 3513, 3562, 3458, 3278, 3026, 2783, 9146, 8724, 8456, 8276, 8232, 8407, 8990, 9959, 10493, 10683, 10804, 10933, 11032, 11106, 11190, 11174, 11137, 11115, 11128, 11228, 11157, 10847, 10377, 9756, 1633, 1579, 1544, 1534, 1564, 1665, 1848, 1976, 1996, 2016, 2041, 2051, 2073, 2087, 2083, 2065, 2065, 2073, 2064, 2087, 2053, 1957, 1835, 1726, 2378, 2288, 2235, 2217, 2255, 2395, 2644, 2812, 2839, 2871, 2917, 2946, 2982, 3016, 3029, 3039, 3054, 3064, 3044, 3076, 3035, 2904, 2716, 2538, 9705, 9406, 9258, 9233, 9422, 10013, 11003, 11572, 11577, 11490, 11497, 11566, 11672, 11794, 11895, 12011, 12178, 12374, 12545, 12649, 12298, 11696, 10944, 10248, 758, 730, 715, 713, 729, 786, 889, 933, 930, 922, 917, 919, 925, 934, 943, 957, 981, 1012, 1041, 1047, 1009, 949, 876, 808, 1203, 1165, 1147, 1141, 1162, 1221, 1319, 1404, 1437, 1464, 1487, 1505, 1523, 1536, 1537, 1536, 1537, 1529, 1524, 1533, 1501, 1440, 1359, 1278, 1154, 1114, 1109, 1101, 1131, 1208, 1350, 1399, 1381, 1362, 1352, 1348, 1358, 1360, 1360, 1373, 1410, 1443, 1463, 1505, 1506, 1424, 1319, 1221, 1855, 1776, 1731, 1718, 1756, 1883, 2127, 2276, 2293, 2250, 2207, 2188, 2198, 2228, 2278, 2357, 2459, 2574, 2691, 2698, 2603, 2440, 2225, 2030, 1397, 1356, 1335, 1334, 1373, 1482, 1652, 1741, 1755, 1751, 1756, 1759, 1758, 1760, 1746, 1745, 1761, 1787, 1821, 1841, 1791, 1703, 1586, 1481, 31, 31, 30, 30, 30, 32, 35, 35, 35, 35, 35, 35, 35, 34, 34, 33, 33, 34, 34, 33, 34, 34, 32, 32, 3308, 3168, 3096, 3067, 3139, 3381, 3764, 4043, 4125, 4154, 4202, 4237, 4272, 4300, 4307, 4322, 4362, 4411, 4475, 4468, 4340, 4118, 3816, 3546, 1208, 1154, 1129, 1120, 1151, 1261, 1426, 1531, 1553, 1551, 1545, 1547, 1559, 1569, 1587, 1609, 1640, 1660, 1653, 1649, 1593, 1510, 1404, 1301, 1793, 1741, 1711, 1708, 1754, 1890, 2139, 2278, 2298, 2292, 2293, 2290, 2280, 2288, 2271, 2259, 2272, 2296, 2333, 2352, 2284, 2166, 2017, 1896, 1632, 1588, 1570, 1571, 1611, 1726, 1930, 2040, 2060, 2069, 2086, 2078, 2069, 2067, 2025, 1991, 1978, 1981, 2008, 2048, 2012, 1926, 1807, 1707, 3917, 3755, 3660, 3620, 3665, 3859, 4253, 4533, 4595, 4586, 4550, 4552, 4575, 4630, 4697, 4798, 4932, 5035, 5156, 5171, 5031, 4806, 4497, 4192, 121, 115, 113, 112, 114, 121, 135, 149, 155, 158, 159, 159, 160, 161, 162, 164, 167, 168, 175, 174, 168, 159, 145, 132, 71354, 68932, 67610, 67188, 68364, 72395, 79742, 84817, 85884, 85971, 86247, 86561, 87087, 87725, 87999, 88314, 89098, 89924, 90913, 91926, 90017, 86041, 80724, 75617, 0, 0, 0, 0, 0, 0, 0, 0, 0, 0, 0, 0, 0, 0, 0, 0, 0, 0, 0, 0, 0, 0, 0, 0, 0, 0, 0, 0, 0, 0, 0, 0, 0, 0, 0, 0, 0, 0, 0, 0, 0, 0, 0, 0, 0, 0, 0, 0, 0, 0, 0, 0, 0, 0, 0, 0, 0, 0, 0, 0, 0, 0, 0, 0, 0, 0, 0, 0, 0, 0, 0, 0, 0, 0, 0, 0, 0, 0, 0, 0, 0, 0, 0, 0, 0, 0, 0, 0, 0, 0, 0, 0, 0, 0, 0, 0, 0, 0, 0, 0, 0, 0, 0, 0, 0, 0, 0, 0, 0, 0, 0, 0, 0, 0, 0, 0, 0, 0, 0, 0, 0, 0, 0, 0, 0, 0, 0, 0, 0, 0, 0, 0, 0, 0, 0, 0, 0, 0, 0, 0, 0, 0, 0, 0, 0, 0, 0, 0, 0, 0, 0, 0, 0, 0, 0, 0, 0, 0, 0, 0, 0, 0, 0, 0, 0, 0, 0, 0, 17, 15, 17, 15, 17, 16, 16, 16, 17, 16, 16, 16, 16, 17, 18, 16, 16, 17, 14, 16, 16, 17, 0, 0, 0, 0, 0, 0, 0, 0, 0, 0, 0, 0, 0, 0, 0, 0, 0, 0, 0, 0, 0, 0, 0, 0, 0, 0, 0, 0, 0, 0, 0, 0, 0, 0, 0, 0
"2024-10-02", 461, 442, 431, 428, 434, 460, 513, 535, 523, 498, 479, 470, 471, 480, 500, 528, 563, 601, 629, 634, 613, 578, 530, 490, 3042, 2963, 2916, 2908, 2959, 3119, 3392, 3566, 3585, 3588, 3612, 3624, 3647, 3679, 3680, 3672, 3688, 3691, 3696, 3750, 3693, 3558, 3368, 3182, 4473, 4367, 4295, 4306, 4386, 4638, 5067, 5293, 5301, 5302, 5302, 5310, 5326, 5349, 5351, 5361, 5426, 5477, 5544, 5630, 5513, 5271, 4943, 4655, 3145, 3050, 2990, 2963, 3012, 3167, 3465, 3675, 3731, 3774, 3826, 3851, 3870, 3909, 3883, 3851, 3832, 3800, 3818, 3893, 3832, 3686, 3472, 3278, 2604, 2496, 2439, 2423, 2482, 2676, 3014, 3177, 3186, 3158, 3150, 3156, 3173, 3198, 3227, 3285, 3373, 3441, 3514, 3554, 3445, 3262, 3011, 2769, 9164, 8741, 8465, 8282, 8230, 8409, 8986, 9931, 10463, 10628, 10725, 10829, 10883, 10916, 10982, 10959, 10901, 10880, 10912, 11053, 10991, 10701, 10241, 9636, 1637, 1578, 1541, 1527, 1553, 1653, 1832, 1962, 1981, 2003, 2033, 2048, 2072, 2089, 2086, 2067, 2068, 2071, 2064, 2083, 2044, 1953, 1834, 1724, 2400, 2303, 2242, 2221, 2255, 2390, 2632, 2806, 2836, 2872, 2926, 2962, 3002, 3040, 3058, 3071, 3082, 3082, 3064, 3088, 3038, 2905, 2718, 2540, 9823, 9509, 9345, 9316, 9518, 10103, 11090, 11635, 11635, 11550, 11584, 11664, 11764, 11897, 12018, 12168, 12363, 12550, 12703, 12759, 12391, 11802, 11050, 10344, 760, 732, 718, 715, 731, 789, 889, 931, 928, 920, 918, 920, 926, 937, 947, 963, 988, 1016, 1043, 1047, 1007, 947, 872, 803, 1217, 1182, 1159, 1149, 1167, 1225, 1325, 1402, 1439, 1468, 1495, 1514, 1534, 1546, 1547, 1549, 1549, 1537, 1533, 1533, 1504, 1441, 1361, 1282, 1134, 1106, 1085, 1070, 1071, 1130, 1262, 1311, 1296, 1283, 1280, 1266, 1282, 1306, 1324, 1356, 1387, 1422, 1436, 1457, 1455, 1402, 1299, 1200, 1887, 1801, 1756, 1737, 1771, 1899, 2135, 2276, 2284, 2246, 2205, 2198, 2214, 2259, 2319, 2401, 2510, 2612, 2711, 2704, 2595, 2432, 2215, 2021, 1413, 1367, 1345, 1342, 1378, 1488, 1657, 1739, 1749, 1751, 1762, 1766, 1766, 1770, 1757, 1756, 1766, 1787, 1816, 1831, 1782, 1693, 1577, 1475, 30, 30, 29, 29, 29, 32, 34, 34, 34, 33, 33, 34, 33, 33, 32, 33, 34, 35, 35, 35, 34, 34, 34, 32, 3329, 3194, 3113, 3085, 3152, 3394, 3768, 4039, 4126, 4162, 4221, 4273, 4311, 4344, 4357, 4377, 4406, 4443, 4490, 4476, 4334, 4110, 3809, 3527, 1215, 1161, 1133, 1127, 1161, 1265, 1432, 1537, 1558, 1554, 1550, 1553, 1560, 1570, 1583, 1610, 1645, 1666, 1654, 1647, 1587, 1506, 1400, 1296, 1798, 1745, 1718, 1712, 1756, 1892, 2134, 2267, 2287, 2285, 2293, 2292, 2287, 2294, 2281, 2268, 2281, 2296, 2327, 2338, 2268, 2155, 2004, 1885, 1629, 1583, 1562, 1562, 1596, 1711, 1912, 2022, 2038, 2044, 2063, 2066, 2055, 2054, 2016, 1983, 1973, 1972, 1999, 2032, 1997, 1911, 1793, 1688, 3962, 3800, 3706, 3663, 3701, 3893, 4278, 4545, 4595, 4586, 4566, 4573, 4603, 4671, 4770, 4886, 5010, 5101, 5197, 5193, 5032, 4803, 4492, 4179, 123, 117, 114, 113, 115, 121, 135, 148, 155, 158, 159, 160, 162, 163, 165, 167, 169, 169, 175, 174, 168, 158, 144, 131, 71702, 69237, 67795, 67303, 68381, 72333, 79504, 84413, 85452, 85604, 86032, 86433, 86946, 87676, 88064, 88486, 89327, 90037, 90854, 91652, 89644, 85787, 80494, 75384, 0, 0, 0, 0, 0, 0, 0, 0, 0, 0, 0, 0, 0, 0, 0, 0, 0, 0, 0, 0, 0, 0, 0, 0, 0, 0, 0, 0, 0, 0, 0, 0, 0, 0, 0, 0, 0, 0, 0, 0, 0, 0, 0, 0, 0, 0, 0, 0, 0, 0, 0, 0, 0, 0, 0, 0, 0, 0, 0, 0, 0, 0, 0, 0, 0, 0, 0, 0, 0, 0, 0, 0, 0, 0, 0, 0, 0, 0, 0, 0, 0, 0, 0, 0, 0, 0, 0, 0, 0, 0, 0, 0, 0, 0, 0, 0, 0, 0, 0, 0, 0, 0, 0, 0, 0, 0, 0, 0, 0, 0, 0, 0, 0, 0, 0, 0, 0, 0, 0, 0, 0, 0, 0, 0, 0, 0, 0, 0, 0, 0, 0, 0, 0, 0, 0, 0, 0, 0, 0, 0, 0, 0, 0, 0, 0, 0, 0, 0, 0, 0, 0, 0, 0, 0, 0, 0, 0, 0, 0, 0, 0, 0, 0, 0, 0, 0, 0, 0, 17, 17, 16, 14, 16, 20, 16, 16, 16, 16, 16, 16, 16, 16, 16, 16, 16, 16, 13, 16, 14, 16, 0, 0, 0, 0, 0, 0, 0, 0, 0, 0, 0, 0, 0, 0, 0, 0, 0, 0, 0, 0, 0, 0, 0, 0, 0, 0, 0, 0, 0, 0, 0, 0, 0, 0, 0, 0
"2024-10-03", 458, 440, 429, 424, 430, 456, 508, 530, 516, 488, 465, 453, 450, 460, 481, 513, 553, 591, 622, 627, 608, 576, 533, 491, 3046, 2964, 2919, 2909, 2963, 3120, 3396, 3575, 3596, 3598, 3611, 3611, 3626, 3643, 3630, 3612, 3617, 3609, 3618, 3686, 3641, 3512, 3333, 3158, 4453, 4328, 4270, 4264, 4344, 4605, 5031, 5261, 5286, 5269, 5279, 5278, 5275, 5286, 5271, 5276, 5313, 5354, 5423, 5529, 5429, 5206, 4899, 4618, 3136, 3045, 2999, 2979, 3034, 3195, 3487, 3712, 3767, 3804, 3845, 3850, 3863, 3887, 3848, 3803, 3773, 3743, 3758, 3830, 3770, 3632, 3436, 3250, 2590, 2481, 2423, 2406, 2463, 2652, 2978, 3151, 3156, 3122, 3110, 3109, 3126, 3154, 3192, 3247, 3328, 3400, 3474, 3512, 3416, 3248, 3007, 2775, 9050, 8642, 8373, 8200, 8146, 8319, 8887, 9818, 10344, 10500, 10581, 10670, 10703, 10703, 10766, 10727, 10676, 10665, 10689, 10848, 10797, 10524, 10095, 9513, 1642, 1583, 1547, 1533, 1560, 1657, 1836, 1965, 1985, 2004, 2024, 2025, 2043, 2056, 2047, 2023, 2018, 2015, 2007, 2027, 1998, 1914, 1800, 1695, 2400, 2306, 2248, 2226, 2253, 2393, 2636, 2815, 2855, 2884, 2932, 2956, 2988, 3017, 3021, 3024, 3025, 3017, 2985, 3012, 2971, 2847, 2672, 2501, 9833, 9520, 9362, 9318, 9505, 10078, 11041, 11573, 11580, 11497, 11519, 11606, 11735, 11871, 11985, 12127, 12303, 12494, 12636, 12698, 12367, 11792, 11072, 10363, 754, 725, 711, 708, 723, 779, 879, 922, 919, 909, 905, 907, 912, 923, 937, 954, 978, 1006, 1033, 1040, 1005, 948, 877, 810, 1217, 1181, 1161, 1154, 1173, 1232, 1330, 1406, 1441, 1472, 1497, 1511, 1523, 1534, 1535, 1525, 1522, 1507, 1499, 1508, 1477, 1419, 1338, 1262, 1135, 1093, 1075, 1076, 1106, 1170, 1307, 1359, 1343, 1324, 1313, 1304, 1314, 1337, 1340, 1358, 1394, 1414, 1422, 1467, 1465, 1404, 1304, 1202, 1874, 1781, 1737, 1718, 1752, 1874, 2111, 2254, 2256, 2199, 2150, 2131, 2140, 2180, 2240, 2325, 2442, 2557, 2654, 2663, 2572, 2424, 2222, 2031, 1402, 1360, 1337, 1335, 1371, 1477, 1644, 1730, 1741, 1740, 1741, 1743, 1743, 1746, 1730, 1724, 1739, 1757, 1788, 1808, 1765, 1680, 1568, 1466, 30, 29, 29, 29, 29, 32, 34, 35, 35, 33, 33, 33, 33, 33, 33, 32, 33, 34, 35, 34, 34, 33, 32, 31, 3308, 3166, 3091, 3058, 3122, 3362, 3728, 3999, 4085, 4125, 4179, 4216, 4249, 4283, 4286, 4304, 4330, 4367, 4420, 4406, 4285, 4080, 3797, 3520, 1208, 1155, 1126, 1119, 1148, 1251, 1414, 1515, 1540, 1533, 1528, 1529, 1538, 1548, 1567, 1594, 1630, 1651, 1638, 1629, 1572, 1498, 1396, 1296, 1792, 1737, 1707, 1706, 1748, 1882, 2126, 2261, 2286, 2282, 2286, 2280, 2272, 2279, 2261, 2249, 2261, 2278, 2311, 2329, 2264, 2154, 2011, 1892, 1619, 1575, 1559, 1556, 1593, 1713, 1908, 2022, 2038, 2046, 2060, 2056, 2039, 2036, 1999, 1960, 1951, 1944, 1973, 2007, 1974, 1899, 1779, 1677, 3937, 3768, 3667, 3625, 3662, 3847, 4229, 4501, 4553, 4523, 4491, 4472, 4491, 4568, 4648, 4759, 4901, 5004, 5110, 5116, 4977, 4769, 4473, 4180, 121, 115, 112, 111, 113, 120, 133, 147, 153, 156, 157, 157, 157, 159, 161, 162, 165, 166, 171, 171, 166, 157, 144, 131, 71443, 68939, 67561, 67066, 68162, 72087, 79189, 84156, 85235, 85268, 85516, 85697, 86085, 86678, 86908, 87190, 87937, 88605, 89415, 90394, 88631, 85000, 79985, 75022, 0, 0, 0, 0, 0, 0, 0, 0, 0, 0, 0, 0, 0, 0, 0, 0, 0, 0, 0, 0, 0, 0, 0, 0, 0, 0, 0, 0, 0, 0, 0, 0, 0, 0, 0, 0, 0, 0, 0, 0, 0, 0, 0, 0, 0, 0, 0, 0, 0, 0, 0, 0, 0, 0, 0, 0, 0, 0, 0, 0, 0, 0, 0, 0, 0, 0, 0, 0, 0, 0, 0, 0, 0, 0, 0, 0, 0, 0, 0, 0, 0, 0, 0, 0, 0, 0, 0, 0, 0, 0, 0, 0, 0, 0, 0, 0, 0, 0, 0, 0, 0, 0, 0, 0, 0, 0, 0, 0, 0, 0, 0, 0, 0, 0, 0, 0, 0, 0, 0, 0, 0, 0, 0, 0, 0, 0, 0, 0, 0, 0, 0, 0, 0, 0, 0, 0, 0, 0, 0, 0, 0, 0, 0, 0, 0, 0, 0, 0, 0, 0, 0, 0, 0, 0, 0, 0, 0, 0, 0, 0, 0, 0, 0, 0, 0, 0, 0, 0, 18, 15, 16, 14, 16, 17, 14, 15, 16, 16, 15, 16, 18, 13, 8, 15, 16, 13, 7, 15, 11, 16, 0, 0, 0, 0, 0, 0, 0, 0, 0, 0, 0, 0, 0, 0, 0, 0, 0, 0, 0, 0, 0, 0, 0, 0, 0, 0, 0, 0, 0, 0, 0, 0, 0, 0, 0, 0
"2024-10-04", 462, 442, 431, 427, 432, 456, 505, 528, 516, 491, 469, 454, 452, 461, 477, 504, 539, 571, 599, 603, 586, 562, 527, 491, 2999, 2922, 2884, 2880, 2929, 3078, 3335, 3513, 3545, 3553, 3557, 3543, 3544, 3550, 3533, 3512, 3508, 3492, 3472, 3501, 3446, 3342, 3199, 3039, 4412, 4294, 4243, 4247, 4333, 4566, 4977, 5218, 5258, 5236, 5216, 5189, 5169, 5163, 5125, 5107, 5131, 5138, 5181, 5229, 5124, 4962, 4719, 4469, 3109, 3022, 2971, 2953, 3012, 3157, 3428, 3646, 3714, 3748, 3786, 3789, 3782, 3793, 3751, 3698, 3666, 3630, 3617, 3662, 3591, 3479, 3318, 3126, 2599, 2489, 2429, 2412, 2466, 2641, 2951, 3121, 3142, 3115, 3099, 3097, 3106, 3121, 3140, 3177, 3234, 3276, 3314, 3322, 3220, 3090, 2916, 2729, 8955, 8548, 8283, 8117, 8071, 8239, 8787, 9691, 10220, 10412, 10504, 10617, 10668, 10698, 10761, 10709, 10617, 10586, 10590, 10728, 10616, 10348, 10002, 9483, 1610, 1553, 1517, 1504, 1529, 1624, 1789, 1916, 1943, 1961, 1975, 1974, 1979, 1988, 1979, 1950, 1943, 1932, 1907, 1902, 1862, 1791, 1694, 1582, 2362, 2270, 2215, 2190, 2222, 2347, 2576, 2751, 2797, 2828, 2862, 2873, 2906, 2935, 2946, 2944, 2939, 2916, 2865, 2864, 2807, 2710, 2579, 2431, 9747, 9434, 9267, 9223, 9411, 9959, 10879, 11427, 11457, 11374, 11384, 11415, 11469, 11543, 11612, 11689, 11803, 11933, 11974, 11938, 11613, 11189, 10666, 10101, 758, 729, 714, 710, 724, 777, 869, 916, 919, 911, 906, 903, 903, 909, 916, 926, 946, 965, 982, 982, 951, 909, 856, 799, 1204, 1169, 1146, 1139, 1159, 1216, 1309, 1386, 1423, 1450, 1472, 1484, 1486, 1493, 1484, 1474, 1467, 1454, 1443, 1444, 1415, 1366, 1307, 1244, 1117, 1085, 1077, 1073, 1088, 1156, 1290, 1342, 1333, 1314, 1303, 1296, 1304, 1314, 1320, 1337, 1359, 1370, 1360, 1370, 1363, 1319, 1252, 1175, 1880, 1794, 1748, 1730, 1760, 1883, 2114, 2262, 2268, 2220, 2177, 2137, 2128, 2165, 2210, 2283, 2380, 2481, 2564, 2550, 2466, 2349, 2190, 2028, 1397, 1353, 1331, 1326, 1359, 1459, 1617, 1704, 1722, 1718, 1719, 1711, 1704, 1695, 1674, 1659, 1663, 1671, 1690, 1690, 1648, 1581, 1491, 1391, 30, 29, 29, 29, 29, 29, 33, 32, 32, 32, 31, 31, 30, 31, 30, 30, 31, 31, 31, 30, 31, 29, 29, 29, 3313, 3171, 3087, 3060, 3124, 3349, 3688, 3946, 4052, 4090, 4132, 4161, 4180, 4189, 4176, 4180, 4189, 4194, 4211, 4171, 4053, 3881, 3657, 3419, 1212, 1158, 1128, 1120, 1150, 1245, 1401, 1497, 1525, 1521, 1513, 1511, 1521, 1524, 1530, 1549, 1573, 1588, 1568, 1549, 1486, 1426, 1347, 1271, 1798, 1743, 1713, 1711, 1751, 1880, 2113, 2250, 2279, 2272, 2265, 2252, 2233, 2224, 2199, 2176, 2179, 2187, 2202, 2199, 2139, 2054, 1937, 1820, 1611, 1567, 1546, 1546, 1580, 1692, 1877, 1991, 2014, 2019, 2028, 2012, 1991, 1976, 1928, 1884, 1864, 1853, 1867, 1887, 1851, 1778, 1686, 1588, 3924, 3768, 3671, 3629, 3665, 3846, 4215, 4478, 4536, 4514, 4479, 4444, 4425, 4497, 4553, 4629, 4741, 4839, 4934, 4928, 4795, 4619, 4386, 4127, 122, 117, 114, 113, 115, 120, 134, 147, 153, 156, 155, 155, 155, 156, 156, 157, 159, 160, 165, 164, 158, 152, 142, 131, 70904, 68469, 67103, 66654, 67716, 71418, 78149, 83077, 84377, 84481, 84587, 84533, 84608, 84935, 84918, 84908, 85302, 85622, 85851, 86144, 84246, 81330, 77424, 73042, 0, 0, 0, 0, 0, 0, 0, 0, 0, 0, 0, 0, 0, 0, 0, 0, 0, 0, 0, 0, 0, 0, 0, 0, 0, 0, 0, 0, 0, 0, 0, 0, 0, 0, 0, 0, 0, 0, 0, 0, 0, 0, 0, 0, 0, 0, 0, 0, 0, 0, 0, 0, 0, 0, 0, 0, 0, 0, 0, 0, 0, 0, 0, 0, 0, 0, 0, 0, 0, 0, 0, 0, 0, 0, 0, 0, 0, 0, 0, 0, 0, 0, 0, 0, 0, 0, 0, 0, 0, 0, 0, 0, 0, 0, 0, 0, 0, 0, 0, 0, 0, 0, 0, 0, 0, 0, 0, 0, 0, 0, 0, 0, 0, 0, 0, 0, 0, 0, 0, 0, 0, 0, 0, 0, 0, 0, 0, 0, 0, 0, 0, 0, 0, 0, 0, 0, 0, 0, 0, 0, 0, 0, 0, 0, 0, 0, 0, 0, 0, 0, 0, 0, 0, 0, 0, 0, 0, 0, 0, 0, 0, 0, 0, 0, 0, 0, 0, 0, 18, 17, 15, 13, 16, 17, 17, 16, 16, 16, 14, 17, 16, 15, 6, 15, 16, 8, 8, 15, 15, 17, 0, 0, 0, 0, 0, 0, 0, 0, 0, 0, 0, 0, 0, 0, 0, 0, 0, 0, 0, 0, 0, 0, 0, 0, 0, 0, 0, 0, 0, 0, 0, 0, 0, 0, 0, 0
"2024-10-05", 464, 445, 433, 425, 426, 436, 457, 473, 478, 466, 448, 435, 431, 436, 450, 477, 513, 548, 577, 583, 568, 548, 520, 488, 2905, 2821, 2774, 2756, 2771, 2828, 2923, 3039, 3129, 3197, 3223, 3222, 3219, 3213, 3212, 3214, 3235, 3250, 3258, 3311, 3266, 3171, 3054, 2919, 4263, 4142, 4075, 4056, 4088, 4185, 4350, 4539, 4706, 4795, 4810, 4783, 4748, 4718, 4698, 4708, 4752, 4809, 4870, 4946, 4862, 4714, 4514, 4298, 2980, 2889, 2832, 2805, 2809, 2867, 2976, 3104, 3202, 3286, 3330, 3338, 3336, 3324, 3303, 3299, 3311, 3316, 3338, 3411, 3368, 3272, 3139, 2989, 2566, 2456, 2389, 2354, 2360, 2425, 2548, 2668, 2789, 2860, 2881, 2885, 2881, 2885, 2889, 2918, 2975, 3042, 3124, 3167, 3100, 2995, 2847, 2686, 8954, 8542, 8269, 8078, 7990, 8026, 8255, 8643, 8880, 9118, 9292, 9413, 9484, 9498, 9442, 9413, 9417, 9449, 9546, 9794, 9781, 9603, 9339, 8955, 1492, 1432, 1395, 1378, 1381, 1415, 1482, 1562, 1625, 1676, 1702, 1710, 1710, 1709, 1703, 1701, 1710, 1719, 1718, 1736, 1709, 1652, 1575, 1490, 2300, 2210, 2151, 2118, 2113, 2156, 2248, 2357, 2446, 2534, 2598, 2630, 2648, 2650, 2653, 2662, 2683, 2691, 2678, 2708, 2675, 2599, 2489, 2365, 9616, 9298, 9112, 9034, 9065, 9253, 9620, 10048, 10403, 10577, 10677, 10720, 10764, 10773, 10815, 10886, 11038, 11229, 11426, 11501, 11241, 10879, 10416, 9917, 751, 720, 703, 695, 699, 719, 756, 797, 833, 848, 848, 842, 839, 838, 845, 858, 881, 905, 931, 934, 907, 870, 823, 773, 1189, 1154, 1132, 1120, 1123, 1142, 1179, 1219, 1259, 1298, 1323, 1334, 1342, 1342, 1341, 1337, 1349, 1356, 1363, 1381, 1363, 1324, 1273, 1216, 1106, 1070, 1048, 1036, 1052, 1082, 1131, 1184, 1242, 1282, 1285, 1286, 1280, 1289, 1291, 1292, 1322, 1323, 1311, 1346, 1324, 1282, 1231, 1157, 1883, 1792, 1740, 1713, 1713, 1759, 1854, 1943, 2005, 2004, 1976, 1950, 1945, 1945, 1981, 2050, 2150, 2250, 2353, 2362, 2304, 2214, 2085, 1945, 1315, 1266, 1241, 1232, 1239, 1279, 1342, 1412, 1477, 1508, 1513, 1502, 1486, 1468, 1453, 1453, 1471, 1490, 1517, 1523, 1487, 1433, 1363, 1287, 28, 28, 29, 28, 29, 28, 30, 31, 29, 29, 27, 28, 27, 26, 26, 26, 28, 28, 26, 27, 28, 29, 29, 29, 3241, 3107, 3018, 2980, 2988, 3063, 3210, 3371, 3555, 3690, 3774, 3808, 3812, 3802, 3790, 3792, 3807, 3838, 3919, 3927, 3836, 3697, 3539, 3354, 1204, 1149, 1114, 1097, 1095, 1115, 1167, 1231, 1297, 1336, 1348, 1354, 1353, 1348, 1354, 1366, 1384, 1410, 1443, 1460, 1433, 1394, 1329, 1261, 1718, 1663, 1630, 1618, 1634, 1688, 1780, 1876, 1969, 2013, 2026, 2014, 1994, 1972, 1957, 1954, 1974, 2001, 2036, 2047, 2000, 1925, 1834, 1737, 1517, 1472, 1449, 1445, 1455, 1501, 1571, 1646, 1711, 1756, 1774, 1762, 1739, 1714, 1691, 1685, 1694, 1703, 1728, 1755, 1725, 1669, 1593, 1516, 3894, 3729, 3622, 3562, 3550, 3611, 3747, 3839, 3917, 3949, 3941, 3929, 3920, 3938, 3981, 4073, 4214, 4353, 4522, 4563, 4474, 4347, 4163, 3960, 122, 116, 113, 111, 111, 113, 118, 124, 130, 133, 134, 134, 133, 133, 134, 135, 138, 143, 150, 151, 148, 143, 136, 127, 69277, 66768, 65243, 64491, 64610, 65944, 68589, 71641, 74187, 75832, 76540, 76667, 76646, 76522, 76495, 76833, 77747, 78711, 79858, 80929, 79601, 77212, 74030, 70410, 0, 0, 0, 0, 0, 0, 0, 0, 0, 0, 0, 0, 0, 0, 0, 0, 0, 0, 0, 0, 0, 0, 0, 0, 0, 0, 0, 0, 0, 0, 0, 0, 0, 0, 0, 0, 0, 0, 0, 0, 0, 0, 0, 0, 0, 0, 0, 0, 0, 0, 0, 0, 0, 0, 0, 0, 0, 0, 0, 0, 0, 0, 0, 0, 0, 0, 0, 0, 0, 0, 0, 0, 0, 0, 0, 0, 0, 0, 0, 0, 0, 0, 0, 0, 0, 0, 0, 0, 0, 0, 0, 0, 0, 0, 0, 0, 0, 0, 0, 0, 0, 0, 0, 0, 0, 0, 0, 0, 0, 0, 0, 0, 0, 0, 0, 0, 0, 0, 0, 0, 0, 0, 0, 0, 0, 0, 0, 0, 0, 0, 0, 0, 0, 0, 0, 0, 0, 0, 0, 0, 0, 0, 0, 0, 0, 0, 0, 0, 0, 0, 0, 0, 0, 0, 0, 0, 0, 0, 0, 0, 0, 0, 0, 0, 0, 0, 0, 0, 17, 16, 15, 16, 16, 17, 16, 16, 17, 16, 16, 17, 17, 16, 9, 16, 19, 11, 11, 19, 19, 17, 0, 0, 0, 0, 0, 0, 0, 0, 0, 0, 0, 0, 0, 0, 0, 0, 0, 0, 0, 0, 0, 0, 0, 0, 0, 0, 0, 0, 0, 0, 0, 0, 0, 0, 0, 0
"2024-10-06", 456, 438, 425, 419, 418, 425, 440, 452, 459, 456, 446, 441, 446, 451, 462, 485, 522, 560, 589, 596, 579, 550, 513, 478, 2800, 2729, 2688, 2662, 2665, 2700, 2775, 2875, 2976, 3057, 3090, 3118, 3152, 3170, 3181, 3196, 3239, 3280, 3318, 3410, 3374, 3251, 3104, 2968, 4107, 3995, 3931, 3911, 3929, 3985, 4120, 4301, 4494, 4610, 4645, 4659, 4688, 4682, 4694, 4732, 4837, 4947, 5060, 5175, 5080, 4861, 4610, 4391, 2863, 2778, 2724, 2698, 2701, 2733, 2808, 2899, 2999, 3094, 3156, 3211, 3250, 3261, 3261, 3272, 3308, 3345, 3396, 3491, 3446, 3323, 3176, 3038, 2536, 2433, 2367, 2333, 2333, 2378, 2471, 2571, 2696, 2795, 2850, 2886, 2907, 2936, 2965, 3018, 3109, 3213, 3325, 3389, 3307, 3148, 2928, 2711, 8560, 8218, 7966, 7791, 7693, 7676, 7768, 7974, 8079, 8261, 8467, 8666, 8813, 8919, 8973, 9015, 9084, 9198, 9385, 9705, 9742, 9546, 9237, 8821, 1418, 1369, 1339, 1322, 1319, 1337, 1381, 1444, 1505, 1567, 1609, 1639, 1666, 1672, 1674, 1681, 1711, 1741, 1756, 1797, 1775, 1703, 1626, 1560, 2247, 2164, 2105, 2070, 2061, 2087, 2143, 2225, 2313, 2420, 2503, 2565, 2623, 2649, 2664, 2676, 2714, 2752, 2759, 2810, 2776, 2658, 2501, 2351, 9469, 9160, 8973, 8882, 8890, 9027, 9322, 9682, 10080, 10346, 10495, 10622, 10785, 10911, 11028, 11157, 11383, 11669, 11927, 12043, 11761, 11230, 10585, 9952, 726, 698, 682, 673, 674, 690, 721, 760, 804, 831, 841, 849, 856, 861, 869, 884, 914, 947, 975, 984, 950, 895, 831, 768, 1167, 1137, 1115, 1101, 1100, 1114, 1141, 1172, 1211, 1254, 1285, 1312, 1334, 1345, 1351, 1359, 1380, 1395, 1403, 1425, 1403, 1357, 1295, 1229, 1093, 1058, 1035, 1026, 1029, 1046, 1085, 1145, 1220, 1269, 1272, 1271, 1278, 1288, 1286, 1307, 1336, 1366, 1377, 1430, 1413, 1346, 1250, 1157, 1812, 1723, 1672, 1643, 1640, 1674, 1743, 1810, 1865, 1885, 1879, 1887, 1916, 1950, 1987, 2059, 2179, 2318, 2438, 2454, 2375, 2247, 2081, 1913, 1220, 1178, 1157, 1146, 1151, 1179, 1231, 1299, 1369, 1416, 1437, 1449, 1455, 1452, 1452, 1468, 1512, 1555, 1598, 1616, 1578, 1506, 1421, 1348, 27, 28, 26, 26, 27, 28, 28, 29, 30, 28, 29, 28, 28, 28, 27, 29, 29, 29, 29, 30, 30, 29, 29, 29, 3175, 3048, 2967, 2924, 2923, 2974, 3081, 3198, 3373, 3533, 3648, 3730, 3783, 3805, 3821, 3853, 3915, 3997, 4103, 4134, 4037, 3853, 3631, 3399, 1200, 1148, 1112, 1094, 1089, 1105, 1148, 1189, 1247, 1294, 1318, 1331, 1346, 1360, 1381, 1404, 1440, 1483, 1526, 1547, 1521, 1459, 1369, 1278, 1643, 1593, 1563, 1552, 1560, 1599, 1674, 1767, 1861, 1918, 1947, 1961, 1967, 1955, 1947, 1957, 2005, 2051, 2103, 2127, 2071, 1969, 1855, 1761, 1454, 1417, 1398, 1389, 1395, 1425, 1485, 1559, 1636, 1684, 1704, 1709, 1713, 1698, 1683, 1684, 1714, 1743, 1786, 1825, 1794, 1718, 1644, 1581, 3761, 3613, 3513, 3453, 3433, 3468, 3556, 3596, 3648, 3687, 3714, 3755, 3825, 3886, 3938, 4037, 4204, 4387, 4591, 4656, 4571, 4415, 4199, 3955, 119, 114, 111, 109, 109, 109, 113, 116, 120, 123, 125, 126, 128, 130, 131, 134, 138, 144, 153, 155, 152, 145, 135, 125, 67083, 64821, 63385, 62591, 62521, 63357, 65290, 67695, 70222, 72235, 73379, 74302, 75220, 75751, 76180, 76936, 78511, 80272, 82067, 83695, 82352, 79083, 75013, 70973, 0, 0, 0, 0, 0, 0, 0, 0, 0, 0, 0, 0, 0, 0, 0, 0, 0, 0, 0, 0, 0, 0, 0, 0, 0, 0, 0, 0, 0, 0, 0, 0, 0, 0, 0, 0, 0, 0, 0, 0, 0, 0, 0, 0, 0, 0, 0, 0, 0, 0, 0, 0, 0, 0, 0, 0, 0, 0, 0, 0, 0, 0, 0, 0, 0, 0, 0, 0, 0, 0, 0, 0, 0, 0, 0, 0, 0, 0, 0, 0, 0, 0, 0, 0, 0, 0, 0, 0, 0, 0, 0, 0, 0, 0, 0, 0, 0, 0, 0, 0, 0, 0, 0, 0, 0, 0, 0, 0, 0, 0, 0, 0, 0, 0, 0, 0, 0, 0, 0, 0, 0, 0, 0, 0, 0, 0, 0, 0, 0, 0, 0, 0, 0, 0, 0, 0, 0, 0, 0, 0, 0, 0, 0, 0, 0, 0, 0, 0, 0, 0, 0, 0, 0, 0, 0, 0, 0, 0, 0, 0, 0, 0, 0, 0, 0, 0, 0, 0, 19, 17, 17, 17, 17, 17, 17, 17, 17, 17, 17, 16, 19, 17, 22, 19, 17, 17, 19, 19, 19, 17, 0, 0, 0, 0, 0, 0, 0, 0, 0, 0, 0, 0, 0, 0, 0, 0, 0, 0, 0, 0, 0, 0, 0, 0, 0, 0, 0, 0, 0, 0, 0, 0, 0, 0, 0, 0
"2024-10-07", 449, 433, 423, 421, 429, 456, 506, 533, 527, 507, 488, 475, 475, 485, 500, 524, 560, 597, 629, 637, 614, 581, 537, 494, 2875, 2816, 2790, 2800, 2861, 3032, 3321, 3513, 3549, 3568, 3593, 3602, 3626, 3643, 3640, 3624, 3631, 3638, 3650, 3719, 3659, 3513, 3325, 3146, 4249, 4179, 4147, 4166, 4281, 4526, 4970, 5232, 5293, 5306, 5321, 5329, 5336, 5345, 5328, 5333, 5376, 5442, 5524, 5625, 5503, 5253, 4931, 4662, 2931, 2861, 2831, 2840, 2908, 3087, 3403, 3647, 3716, 3759, 3813, 3837, 3855, 3879, 3853, 3817, 3803, 3790, 3813, 3890, 3818, 3660, 3451, 3261, 2550, 2448, 2392, 2379, 2445, 2635, 2959, 3135, 3161, 3145, 3138, 3148, 3165, 3193, 3227, 3276, 3357, 3444, 3526, 3567, 3454, 3265, 3008, 2764, 8393, 8095, 7908, 7805, 7820, 8052, 8688, 9667, 10240, 10444, 10579, 10731, 10828, 10906, 11008, 10989, 10937, 10908, 10934, 11078, 11017, 10712, 10243, 9641, 1507, 1470, 1453, 1453, 1489, 1599, 1784, 1919, 1954, 1983, 2013, 2026, 2046, 2054, 2051, 2028, 2028, 2038, 2035, 2059, 2020, 1923, 1803, 1695, 2241, 2165, 2125, 2119, 2163, 2314, 2563, 2746, 2793, 2833, 2892, 2925, 2964, 2988, 2993, 2989, 2993, 3002, 2989, 3023, 2972, 2836, 2653, 2479, 9467, 9162, 9019, 9015, 9213, 9785, 10718, 11276, 11341, 11328, 11385, 11474, 11597, 11725, 11823, 11923, 12092, 12304, 12490, 12564, 12198, 11584, 10835, 10128, 728, 701, 690, 690, 709, 769, 870, 918, 923, 921, 919, 921, 926, 932, 941, 955, 980, 1012, 1043, 1048, 1008, 946, 872, 802, 1177, 1147, 1128, 1126, 1146, 1204, 1304, 1378, 1416, 1448, 1470, 1486, 1501, 1513, 1512, 1505, 1506, 1500, 1499, 1506, 1478, 1418, 1335, 1253, 1096, 1061, 1050, 1043, 1076, 1159, 1306, 1364, 1356, 1352, 1348, 1342, 1342, 1355, 1349, 1366, 1386, 1415, 1439, 1484, 1473, 1394, 1299, 1209, 1786, 1710, 1674, 1664, 1705, 1836, 2064, 2221, 2255, 2229, 2194, 2180, 2182, 2201, 2244, 2313, 2409, 2526, 2645, 2653, 2550, 2395, 2189, 1998, 1297, 1265, 1253, 1258, 1301, 1416, 1588, 1687, 1713, 1730, 1745, 1750, 1751, 1750, 1736, 1728, 1743, 1769, 1806, 1818, 1767, 1677, 1565, 1463, 29, 29, 30, 30, 30, 30, 33, 34, 32, 34, 33, 33, 33, 32, 30, 31, 32, 33, 33, 34, 33, 32, 32, 31, 3229, 3101, 3033, 3018, 3093, 3333, 3709, 3993, 4103, 4155, 4206, 4244, 4271, 4280, 4285, 4279, 4316, 4381, 4454, 4443, 4313, 4090, 3789, 3519, 1203, 1150, 1123, 1118, 1152, 1255, 1407, 1501, 1531, 1532, 1536, 1537, 1539, 1556, 1568, 1593, 1623, 1651, 1651, 1647, 1585, 1505, 1399, 1290, 1691, 1652, 1634, 1640, 1688, 1826, 2071, 2222, 2259, 2277, 2295, 2295, 2286, 2288, 2272, 2255, 2267, 2294, 2334, 2348, 2273, 2154, 2006, 1889, 1535, 1506, 1494, 1499, 1541, 1666, 1864, 1994, 2024, 2043, 2071, 2071, 2055, 2053, 2015, 1982, 1968, 1974, 2000, 2037, 2002, 1912, 1795, 1698, 3760, 3623, 3547, 3524, 3583, 3789, 4174, 4468, 4568, 4575, 4560, 4559, 4572, 4618, 4676, 4765, 4873, 4983, 5117, 5125, 4985, 4758, 4457, 4154, 118, 114, 112, 111, 113, 119, 133, 147, 154, 158, 158, 159, 159, 159, 160, 161, 163, 165, 172, 171, 165, 156, 143, 130, 67875, 65877, 64867, 64770, 66156, 70316, 77586, 82882, 84446, 84955, 85519, 85934, 86402, 86956, 87201, 87382, 88094, 89047, 90121, 91120, 89086, 85075, 79835, 74818, 0, 0, 0, 0, 0, 0, 0, 0, 0, 0, 0, 0, 0, 0, 0, 0, 0, 0, 0, 0, 0, 0, 0, 0, 0, 0, 0, 0, 0, 0, 0, 0, 0, 0, 0, 0, 0, 0, 0, 0, 0, 0, 0, 0, 0, 0, 0, 0, 0, 0, 0, 0, 0, 0, 0, 0, 0, 0, 0, 0, 0, 0, 0, 0, 0, 0, 0, 0, 0, 0, 0, 0, 0, 0, 0, 0, 0, 0, 0, 0, 0, 0, 0, 0, 0, 0, 0, 0, 0, 0, 0, 0, 0, 0, 0, 0, 0, 0, 0, 0, 0, 0, 0, 0, 0, 0, 0, 0, 0, 0, 0, 0, 0, 0, 0, 0, 0, 0, 0, 0, 0, 0, 0, 0, 0, 0, 0, 0, 0, 0, 0, 0, 0, 0, 0, 0, 0, 0, 0, 0, 0, 0, 0, 0, 0, 0, 0, 0, 0, 0, 0, 0, 0, 0, 0, 0, 0, 0, 0, 0, 0, 0, 0, 0, 0, 0, 0, 0, 18, 17, 16, 16, 19, 17, 16, 15, 17, 17, 16, 16, 19, 19, 13, 19, 16, 19, 14, 19, 19, 16, 0, 0, 0, 0, 0, 0, 0, 0, 0, 0, 0, 0, 0, 0, 0, 0, 0, 0, 0, 0, 0, 0, 0, 0, 0, 0, 0, 0, 0, 0, 0, 0, 0, 0, 0, 0
"2024-10-08", 458, 442, 431, 427, 433, 459, 511, 535, 527, 504, 484, 477, 476, 484, 498, 526, 561, 595, 627, 633, 611, 578, 534, 491, 3036, 2962, 2921, 2913, 2969, 3132, 3419, 3597, 3616, 3613, 3627, 3634, 3653, 3676, 3672, 3664, 3669, 3669, 3686, 3752, 3702, 3559, 3363, 3178, 4469, 4348, 4295, 4307, 4398, 4649, 5096, 5340, 5356, 5332, 5333, 5342, 5346, 5353, 5345, 5346, 5404, 5463, 5540, 5663, 5545, 5304, 4989, 4705, 3139, 3052, 3000, 2987, 3038, 3208, 3519, 3739, 3790, 3831, 3874, 3887, 3915, 3948, 3925, 3893, 3873, 3854, 3873, 3943, 3874, 3713, 3497, 3296, 2596, 2484, 2427, 2412, 2474, 2667, 3007, 3177, 3185, 3153, 3139, 3138, 3163, 3194, 3225, 3273, 3349, 3429, 3513, 3562, 3458, 3278, 3026, 2783, 9146, 8724, 8456, 8276, 8232, 8407, 8990, 9959, 10493, 10683, 10804, 10933, 11032, 11106, 11190, 11174, 11137, 11115, 11128, 11228, 11157, 10847, 10377, 9756, 1633, 1579, 1544, 1534, 1564, 1665, 1848, 1976, 1996, 2016, 2041, 2051, 2073, 2087, 2083, 2065, 2065, 2073, 2064, 2087, 2053, 1957, 1835, 1726, 2378, 2288, 2235, 2217, 2255, 2395, 2644, 2812, 2839, 2871, 2917, 2946, 2982, 3016, 3029, 3039, 3054, 3064, 3044, 3076, 3035, 2904, 2716, 2538, 9705, 9406, 9258, 9233, 9422, 10013, 11003, 11572, 11577, 11490, 11497, 11566, 11672, 11794, 11895, 12011, 12178, 12374, 12545, 12649, 12298, 11696, 10944, 10248, 758, 730, 715, 713, 729, 786, 889, 933, 930, 922, 917, 919, 925, 934, 943, 957, 981, 1012, 1041, 1047, 1009, 949, 876, 808, 1203, 1165, 1147, 1141, 1162, 1221, 1319, 1404, 1437, 1464, 1487, 1505, 1523, 1536, 1537, 1536, 1537, 1529, 1524, 1533, 1501, 1440, 1359, 1278, 1154, 1114, 1109, 1101, 1131, 1208, 1350, 1399, 1381, 1362, 1352, 1348, 1358, 1360, 1360, 1373, 1410, 1443, 1463, 1505, 1506, 1424, 1319, 1221, 1855, 1776, 1731, 1718, 1756, 1883, 2127, 2276, 2293, 2250, 2207, 2188, 2198, 2228, 2278, 2357, 2459, 2574, 2691, 2698, 2603, 2440, 2225, 2030, 1397, 1356, 1335, 1334, 1373, 1482, 1652, 1741, 1755, 1751, 1756, 1759, 1758, 1760, 1746, 1745, 1761, 1787, 1821, 1841, 1791, 1703, 1586, 1481, 31, 31, 30, 30, 30, 32, 35, 35, 35, 35, 35, 35, 35, 34, 34, 33, 33, 34, 34, 33, 34, 34, 32, 32, 3308, 3168, 3096, 3067, 3139, 3381, 3764, 4043, 4125, 4154, 4202, 4237, 4272, 4300, 4307, 4322, 4362, 4411, 4475, 4468, 4340, 4118, 3816, 3546, 1208, 1154, 1129, 1120, 1151, 1261, 1426, 1531, 1553, 1551, 1545, 1547, 1559, 1569, 1587, 1609, 1640, 1660, 1653, 1649, 1593, 1510, 1404, 1301, 1793, 1741, 1711, 1708, 1754, 1890, 2139, 2278, 2298, 2292, 2293, 2290, 2280, 2288, 2271, 2259, 2272, 2296, 2333, 2352, 2284, 2166, 2017, 1896, 1632, 1588, 1570, 1571, 1611, 1726, 1930, 2040, 2060, 2069, 2086, 2078, 2069, 2067, 2025, 1991, 1978, 1981, 2008, 2048, 2012, 1926, 1807, 1707, 3917, 3755, 3660, 3620, 3665, 3859, 4253, 4533, 4595, 4586, 4550, 4552, 4575, 4630, 4697, 4798, 4932, 5035, 5156, 5171, 5031, 4806, 4497, 4192, 121, 115, 113, 112, 114, 121, 135, 149, 155, 158, 159, 159, 160, 161, 162, 164, 167, 168, 175, 174, 168, 159, 145, 132, 71354, 68932, 67610, 67188, 68364, 72395, 79742, 84817, 85884, 85971, 86247, 86561, 87087, 87725, 87999, 88314, 89098, 89924, 90913, 91926, 90017, 86041, 80724, 75617, 0, 0, 0, 0, 0, 0, 0, 0, 0, 0, 0, 0, 0, 0, 0, 0, 0, 0, 0, 0, 0, 0, 0, 0, 0, 0, 0, 0, 0, 0, 0, 0, 0, 0, 0, 0, 0, 0, 0, 0, 0, 0, 0, 0, 0, 0, 0, 0, 0, 0, 0, 0, 0, 0, 0, 0, 0, 0, 0, 0, 0, 0, 0, 0, 0, 0, 0, 0, 0, 0, 0, 0, 0, 0, 0, 0, 0, 0, 0, 0, 0, 0, 0, 0, 0, 0, 0, 0, 0, 0, 0, 0, 0, 0, 0, 0, 0, 0, 0, 0, 0, 0, 0, 0, 0, 0, 0, 0, 0, 0, 0, 0, 0, 0, 0, 0, 0, 0, 0, 0, 0, 0, 0, 0, 0, 0, 0, 0, 0, 0, 0, 0, 0, 0, 0, 0, 0, 0, 0, 0, 0, 0, 0, 0, 0, 0, 0, 0, 0, 0, 0, 0, 0, 0, 0, 0, 0, 0, 0, 0, 0, 0, 0, 0, 0, 0, 0, 0, 17, 15, 17, 15, 17, 16, 16, 16, 17, 16, 16, 16, 16, 17, 18, 16, 16, 17, 14, 16, 16, 17, 0, 0, 0, 0, 0, 0, 0, 0, 0, 0, 0, 0, 0, 0, 0, 0, 0, 0, 0, 0, 0, 0, 0, 0, 0, 0, 0, 0, 0, 0, 0, 0, 0, 0, 0, 0
"2024-10-09", 461, 442, 431, 428, 434, 460, 513, 535, 523, 498, 479, 470, 471, 480, 500, 528, 563, 601, 629, 634, 613, 578, 530, 490, 3042, 2963, 2916, 2908, 2959, 3119, 3392, 3566, 3585, 3588, 3612, 3624, 3647, 3679, 3680, 3672, 3688, 3691, 3696, 3750, 3693, 3558, 3368, 3182, 4473, 4367, 4295, 4306, 4386, 4638, 5067, 5293, 5301, 5302, 5302, 5310, 5326, 5349, 5351, 5361, 5426, 5477, 5544, 5630, 5513, 5271, 4943, 4655, 3145, 3050, 2990, 2963, 3012, 3167, 3465, 3675, 3731, 3774, 3826, 3851, 3870, 3909, 3883, 3851, 3832, 3800, 3818, 3893, 3832, 3686, 3472, 3278, 2604, 2496, 2439, 2423, 2482, 2676, 3014, 3177, 3186, 3158, 3150, 3156, 3173, 3198, 3227, 3285, 3373, 3441, 3514, 3554, 3445, 3262, 3011, 2769, 9164, 8741, 8465, 8282, 8230, 8409, 8986, 9931, 10463, 10628, 10725, 10829, 10883, 10916, 10982, 10959, 10901, 10880, 10912, 11053, 10991, 10701, 10241, 9636, 1637, 1578, 1541, 1527, 1553, 1653, 1832, 1962, 1981, 2003, 2033, 2048, 2072, 2089, 2086, 2067, 2068, 2071, 2064, 2083, 2044, 1953, 1834, 1724, 2400, 2303, 2242, 2221, 2255, 2390, 2632, 2806, 2836, 2872, 2926, 2962, 3002, 3040, 3058, 3071, 3082, 3082, 3064, 3088, 3038, 2905, 2718, 2540, 9823, 9509, 9345, 9316, 9518, 10103, 11090, 11635, 11635, 11550, 11584, 11664, 11764, 11897, 12018, 12168, 12363, 12550, 12703, 12759, 12391, 11802, 11050, 10344, 760, 732, 718, 715, 731, 789, 889, 931, 928, 920, 918, 920, 926, 937, 947, 963, 988, 1016, 1043, 1047, 1007, 947, 872, 803, 1217, 1182, 1159, 1149, 1167, 1225, 1325, 1402, 1439, 1468, 1495, 1514, 1534, 1546, 1547, 1549, 1549, 1537, 1533, 1533, 1504, 1441, 1361, 1282, 1134, 1106, 1085, 1070, 1071, 1130, 1262, 1311, 1296, 1283, 1280, 1266, 1282, 1306, 1324, 1356, 1387, 1422, 1436, 1457, 1455, 1402, 1299, 1200, 1887, 1801, 1756, 1737, 1771, 1899, 2135, 2276, 2284, 2246, 2205, 2198, 2214, 2259, 2319, 2401, 2510, 2612, 2711, 2704, 2595, 2432, 2215, 2021, 1413, 1367, 1345, 1342, 1378, 1488, 1657, 1739, 1749, 1751, 1762, 1766, 1766, 1770, 1757, 1756, 1766, 1787, 1816, 1831, 1782, 1693, 1577, 1475, 30, 30, 29, 29, 29, 32, 34, 34, 34, 33, 33, 34, 33, 33, 32, 33, 34, 35, 35, 35, 34, 34, 34, 32, 3329, 3194, 3113, 3085, 3152, 3394, 3768, 4039, 4126, 4162, 4221, 4273, 4311, 4344, 4357, 4377, 4406, 4443, 4490, 4476, 4334, 4110, 3809, 3527, 1215, 1161, 1133, 1127, 1161, 1265, 1432, 1537, 1558, 1554, 1550, 1553, 1560, 1570, 1583, 1610, 1645, 1666, 1654, 1647, 1587, 1506, 1400, 1296, 1798, 1745, 1718, 1712, 1756, 1892, 2134, 2267, 2287, 2285, 2293, 2292, 2287, 2294, 2281, 2268, 2281, 2296, 2327, 2338, 2268, 2155, 2004, 1885, 1629, 1583, 1562, 1562, 1596, 1711, 1912, 2022, 2038, 2044, 2063, 2066, 2055, 2054, 2016, 1983, 1973, 1972, 1999, 2032, 1997, 1911, 1793, 1688, 3962, 3800, 3706, 3663, 3701, 3893, 4278, 4545, 4595, 4586, 4566, 4573, 4603, 4671, 4770, 4886, 5010, 5101, 5197, 5193, 5032, 4803, 4492, 4179, 123, 117, 114, 113, 115, 121, 135, 148, 155, 158, 159, 160, 162, 163, 165, 167, 169, 169, 175, 174, 168, 158, 144, 131, 71702, 69237, 67795, 67303, 68381, 72333, 79504, 84413, 85452, 85604, 86032, 86433, 86946, 87676, 88064, 88486, 89327, 90037, 90854, 91652, 89644, 85787, 80494, 75384, 0, 0, 0, 0, 0, 0, 0, 0, 0, 0, 0, 0, 0, 0, 0, 0, 0, 0, 0, 0, 0, 0, 0, 0, 0, 0, 0, 0, 0, 0, 0, 0, 0, 0, 0, 0, 0, 0, 0, 0, 0, 0, 0, 0, 0, 0, 0, 0, 0, 0, 0, 0, 0, 0, 0, 0, 0, 0, 0, 0, 0, 0, 0, 0, 0, 0, 0, 0, 0, 0, 0, 0, 0, 0, 0, 0, 0, 0, 0, 0, 0, 0, 0, 0, 0, 0, 0, 0, 0, 0, 0, 0, 0, 0, 0, 0, 0, 0, 0, 0, 0, 0, 0, 0, 0, 0, 0, 0, 0, 0, 0, 0, 0, 0, 0, 0, 0, 0, 0, 0, 0, 0, 0, 0, 0, 0, 0, 0, 0, 0, 0, 0, 0, 0, 0, 0, 0, 0, 0, 0, 0, 0, 0, 0, 0, 0, 0, 0, 0, 0, 0, 0, 0, 0, 0, 0, 0, 0, 0, 0, 0, 0, 0, 0, 0, 0, 0, 0, 17, 17, 16, 14, 16, 20, 16, 16, 16, 16, 16, 16, 16, 16, 16, 16, 16, 16, 13, 16, 14, 16, 0, 0, 0, 0, 0, 0, 0, 0, 0, 0, 0, 0, 0, 0, 0, 0, 0, 0, 0, 0, 0, 0, 0, 0, 0, 0, 0, 0, 0, 0, 0, 0, 0, 0, 0, 0
"2024-10-10", 458, 440, 429, 424, 430, 456, 508, 530, 516, 488, 465, 453, 450, 460, 481, 513, 553, 591, 622, 627, 608, 576, 533, 491, 3046, 2964, 2919, 2909, 2963, 3120, 3396, 3575, 3596, 3598, 3611, 3611, 3626, 3643, 3630, 3612, 3617, 3609, 3618, 3686, 3641, 3512, 3333, 3158, 4453, 4328, 4270, 4264, 4344, 4605, 5031, 5261, 5286, 5269, 5279, 5278, 5275, 5286, 5271, 5276, 5313, 5354, 5423, 5529, 5429, 5206, 4899, 4618, 3136, 3045, 2999, 2979, 3034, 3195, 3487, 3712, 3767, 3804, 3845, 3850, 3863, 3887, 3848, 3803, 3773, 3743, 3758, 3830, 3770, 3632, 3436, 3250, 2590, 2481, 2423, 2406, 2463, 2652, 2978, 3151, 3156, 3122, 3110, 3109, 3126, 3154, 3192, 3247, 3328, 3400, 3474, 3512, 3416, 3248, 3007, 2775, 9050, 8642, 8373, 8200, 8146, 8319, 8887, 9818, 10344, 10500, 10581, 10670, 10703, 10703, 10766, 10727, 10676, 10665, 10689, 10848, 10797, 10524, 10095, 9513, 1642, 1583, 1547, 1533, 1560, 1657, 1836, 1965, 1985, 2004, 2024, 2025, 2043, 2056, 2047, 2023, 2018, 2015, 2007, 2027, 1998, 1914, 1800, 1695, 2400, 2306, 2248, 2226, 2253, 2393, 2636, 2815, 2855, 2884, 2932, 2956, 2988, 3017, 3021, 3024, 3025, 3017, 2985, 3012, 2971, 2847, 2672, 2501, 9833, 9520, 9362, 9318, 9505, 10078, 11041, 11573, 11580, 11497, 11519, 11606, 11735, 11871, 11985, 12127, 12303, 12494, 12636, 12698, 12367, 11792, 11072, 10363, 754, 725, 711, 708, 723, 779, 879, 922, 919, 909, 905, 907, 912, 923, 937, 954, 978, 1006, 1033, 1040, 1005, 948, 877, 810, 1217, 1181, 1161, 1154, 1173, 1232, 1330, 1406, 1441, 1472, 1497, 1511, 1523, 1534, 1535, 1525, 1522, 1507, 1499, 1508, 1477, 1419, 1338, 1262, 1135, 1093, 1075, 1076, 1106, 1170, 1307, 1359, 1343, 1324, 1313, 1304, 1314, 1337, 1340, 1358, 1394, 1414, 1422, 1467, 1465, 1404, 1304, 1202, 1874, 1781, 1737, 1718, 1752, 1874, 2111, 2254, 2256, 2199, 2150, 2131, 2140, 2180, 2240, 2325, 2442, 2557, 2654, 2663, 2572, 2424, 2222, 2031, 1402, 1360, 1337, 1335, 1371, 1477, 1644, 1730, 1741, 1740, 1741, 1743, 1743, 1746, 1730, 1724, 1739, 1757, 1788, 1808, 1765, 1680, 1568, 1466, 30, 29, 29, 29, 29, 32, 34, 35, 35, 33, 33, 33, 33, 33, 33, 32, 33, 34, 35, 34, 34, 33, 32, 31, 3308, 3166, 3091, 3058, 3122, 3362, 3728, 3999, 4085, 4125, 4179, 4216, 4249, 4283, 4286, 4304, 4330, 4367, 4420, 4406, 4285, 4080, 3797, 3520, 1208, 1155, 1126, 1119, 1148, 1251, 1414, 1515, 1540, 1533, 1528, 1529, 1538, 1548, 1567, 1594, 1630, 1651, 1638, 1629, 1572, 1498, 1396, 1296, 1792, 1737, 1707, 1706, 1748, 1882, 2126, 2261, 2286, 2282, 2286, 2280, 2272, 2279, 2261, 2249, 2261, 2278, 2311, 2329, 2264, 2154, 2011, 1892, 1619, 1575, 1559, 1556, 1593, 1713, 1908, 2022, 2038, 2046, 2060, 2056, 2039, 2036, 1999, 1960, 1951, 1944, 1973, 2007, 1974, 1899, 1779, 1677, 3937, 3768, 3667, 3625, 3662, 3847, 4229, 4501, 4553, 4523, 4491, 4472, 4491, 4568, 4648, 4759, 4901, 5004, 5110, 5116, 4977, 4769, 4473, 4180, 121, 115, 112, 111, 113, 120, 133, 147, 153, 156, 157, 157, 157, 159, 161, 162, 165, 166, 171, 171, 166, 157, 144, 131, 71443, 68939, 67561, 67066, 68162, 72087, 79189, 84156, 85235, 85268, 85516, 85697, 86085, 86678, 86908, 87190, 87937, 88605, 89415, 90394, 88631, 85000, 79985, 75022, 0, 0, 0, 0, 0, 0, 0, 0, 0, 0, 0, 0, 0, 0, 0, 0, 0, 0, 0, 0, 0, 0, 0, 0, 0, 0, 0, 0, 0, 0, 0, 0, 0, 0, 0, 0, 0, 0, 0, 0, 0, 0, 0, 0, 0, 0, 0, 0, 0, 0, 0, 0, 0, 0, 0, 0, 0, 0, 0, 0, 0, 0, 0, 0, 0, 0, 0, 0, 0, 0, 0, 0, 0, 0, 0, 0, 0, 0, 0, 0, 0, 0, 0, 0, 0, 0, 0, 0, 0, 0, 0, 0, 0, 0, 0, 0, 0, 0, 0, 0, 0, 0, 0, 0, 0, 0, 0, 0, 0, 0, 0, 0, 0, 0, 0, 0, 0, 0, 0, 0, 0, 0, 0, 0, 0, 0, 0, 0, 0, 0, 0, 0, 0, 0, 0, 0, 0, 0, 0, 0, 0, 0, 0, 0, 0, 0, 0, 0, 0, 0, 0, 0, 0, 0, 0, 0, 0, 0, 0, 0, 0, 0, 0, 0, 0, 0, 0, 0, 18, 15, 16, 14, 16, 17, 14, 15, 16, 16, 15, 16, 18, 13, 8, 15, 16, 13, 7, 15, 11, 16, 0, 0, 0, 0, 0, 0, 0, 0, 0, 0, 0, 0, 0, 0, 0, 0, 0, 0, 0, 0, 0, 0, 0, 0, 0, 0, 0, 0, 0, 0, 0, 0, 0, 0, 0, 0
"2024-10-11", 462, 442, 431, 427, 432, 456, 505, 528, 516, 491, 469, 454, 452, 461, 477, 504, 539, 571, 599, 603, 586, 562, 527, 491, 2999, 2922, 2884, 2880, 2929, 3078, 3335, 3513, 3545, 3553, 3557, 3543, 3544, 3550, 3533, 3512, 3508, 3492, 3472, 3501, 3446, 3342, 3199, 3039, 4412, 4294, 4243, 4247, 4333, 4566, 4977, 5218, 5258, 5236, 5216, 5189, 5169, 5163, 5125, 5107, 5131, 5138, 5181, 5229, 5124, 4962, 4719, 4469, 3109, 3022, 2971, 2953, 3012, 3157, 3428, 3646, 3714, 3748, 3786, 3789, 3782, 3793, 3751, 3698, 3666, 3630, 3617, 3662, 3591, 3479, 3318, 3126, 2599, 2489, 2429, 2412, 2466, 2641, 2951, 3121, 3142, 3115, 3099, 3097, 3106, 3121, 3140, 3177, 3234, 3276, 3314, 3322, 3220, 3090, 2916, 2729, 8955, 8548, 8283, 8117, 8071, 8239, 8787, 9691, 10220, 10412, 10504, 10617, 10668, 10698, 10761, 10709, 10617, 10586, 10590, 10728, 10616, 10348, 10002, 9483, 1610, 1553, 1517, 1504, 1529, 1624, 1789, 1916, 1943, 1961, 1975, 1974, 1979, 1988, 1979, 1950, 1943, 1932, 1907, 1902, 1862, 1791, 1694, 1582, 2362, 2270, 2215, 2190, 2222, 2347, 2576, 2751, 2797, 2828, 2862, 2873, 2906, 2935, 2946, 2944, 2939, 2916, 2865, 2864, 2807, 2710, 2579, 2431, 9747, 9434, 9267, 9223, 9411, 9959, 10879, 11427, 11457, 11374, 11384, 11415, 11469, 11543, 11612, 11689, 11803, 11933, 11974, 11938, 11613, 11189, 10666, 10101, 758, 729, 714, 710, 724, 777, 869, 916, 919, 911, 906, 903, 903, 909, 916, 926, 946, 965, 982, 982, 951, 909, 856, 799, 1204, 1169, 1146, 1139, 1159, 1216, 1309, 1386, 1423, 1450, 1472, 1484, 1486, 1493, 1484, 1474, 1467, 1454, 1443, 1444, 1415, 1366, 1307, 1244, 1117, 1085, 1077, 1073, 1088, 1156, 1290, 1342, 1333, 1314, 1303, 1296, 1304, 1314, 1320, 1337, 1359, 1370, 1360, 1370, 1363, 1319, 1252, 1175, 1880, 1794, 1748, 1730, 1760, 1883, 2114, 2262, 2268, 2220, 2177, 2137, 2128, 2165, 2210, 2283, 2380, 2481, 2564, 2550, 2466, 2349, 2190, 2028, 1397, 1353, 1331, 1326, 1359, 1459, 1617, 1704, 1722, 1718, 1719, 1711, 1704, 1695, 1674, 1659, 1663, 1671, 1690, 1690, 1648, 1581, 1491, 1391, 30, 29, 29, 29, 29, 29, 33, 32, 32, 32, 31, 31, 30, 31, 30, 30, 31, 31, 31, 30, 31, 29, 29, 29, 3313, 3171, 3087, 3060, 3124, 3349, 3688, 3946, 4052, 4090, 4132, 4161, 4180, 4189, 4176, 4180, 4189, 4194, 4211, 4171, 4053, 3881, 3657, 3419, 1212, 1158, 1128, 1120, 1150, 1245, 1401, 1497, 1525, 1521, 1513, 1511, 1521, 1524, 1530, 1549, 1573, 1588, 1568, 1549, 1486, 1426, 1347, 1271, 1798, 1743, 1713, 1711, 1751, 1880, 2113, 2250, 2279, 2272, 2265, 2252, 2233, 2224, 2199, 2176, 2179, 2187, 2202, 2199, 2139, 2054, 1937, 1820, 1611, 1567, 1546, 1546, 1580, 1692, 1877, 1991, 2014, 2019, 2028, 2012, 1991, 1976, 1928, 1884, 1864, 1853, 1867, 1887, 1851, 1778, 1686, 1588, 3924, 3768, 3671, 3629, 3665, 3846, 4215, 4478, 4536, 4514, 4479, 4444, 4425, 4497, 4553, 4629, 4741, 4839, 4934, 4928, 4795, 4619, 4386, 4127, 122, 117, 114, 113, 115, 120, 134, 147, 153, 156, 155, 155, 155, 156, 156, 157, 159, 160, 165, 164, 158, 152, 142, 131, 70904, 68469, 67103, 66654, 67716, 71418, 78149, 83077, 84377, 84481, 84587, 84533, 84608, 84935, 84918, 84908, 85302, 85622, 85851, 86144, 84246, 81330, 77424, 73042, 0, 0, 0, 0, 0, 0, 0, 0, 0, 0, 0, 0, 0, 0, 0, 0, 0, 0, 0, 0, 0, 0, 0, 0, 0, 0, 0, 0, 0, 0, 0, 0, 0, 0, 0, 0, 0, 0, 0, 0, 0, 0, 0, 0, 0, 0, 0, 0, 0, 0, 0, 0, 0, 0, 0, 0, 0, 0, 0, 0, 0, 0, 0, 0, 0, 0, 0, 0, 0, 0, 0, 0, 0, 0, 0, 0, 0, 0, 0, 0, 0, 0, 0, 0, 0, 0, 0, 0, 0, 0, 0, 0, 0, 0, 0, 0, 0, 0, 0, 0, 0, 0, 0, 0, 0, 0, 0, 0, 0, 0, 0, 0, 0, 0, 0, 0, 0, 0, 0, 0, 0, 0, 0, 0, 0, 0, 0, 0, 0, 0, 0, 0, 0, 0, 0, 0, 0, 0, 0, 0, 0, 0, 0, 0, 0, 0, 0, 0, 0, 0, 0, 0, 0, 0, 0, 0, 0, 0, 0, 0, 0, 0, 0, 0, 0, 0, 0, 0, 18, 17, 15, 13, 16, 17, 17, 16, 16, 16, 14, 17, 16, 15, 6, 15, 16, 8, 8, 15, 15, 17, 0, 0, 0, 0, 0, 0, 0, 0, 0, 0, 0, 0, 0, 0, 0, 0, 0, 0, 0, 0, 0, 0, 0, 0, 0, 0, 0, 0, 0, 0, 0, 0, 0, 0, 0, 0
"2024-10-12", 464, 445, 433, 425, 426, 436, 457, 473, 478, 466, 448, 435, 431, 436, 450, 477, 513, 548, 577, 583, 568, 548, 520, 488, 2905, 2821, 2774, 2756, 2771, 2828, 2923, 3039, 3129, 3197, 3223, 3222, 3219, 3213, 3212, 3214, 3235, 3250, 3258, 3311, 3266, 3171, 3054, 2919, 4263, 4142, 4075, 4056, 4088, 4185, 4350, 4539, 4706, 4795, 4810, 4783, 4748, 4718, 4698, 4708, 4752, 4809, 4870, 4946, 4862, 4714, 4514, 4298, 2980, 2889, 2832, 2805, 2809, 2867, 2976, 3104, 3202, 3286, 3330, 3338, 3336, 3324, 3303, 3299, 3311, 3316, 3338, 3411, 3368, 3272, 3139, 2989, 2566, 2456, 2389, 2354, 2360, 2425, 2548, 2668, 2789, 2860, 2881, 2885, 2881, 2885, 2889, 2918, 2975, 3042, 3124, 3167, 3100, 2995, 2847, 2686, 8954, 8542, 8269, 8078, 7990, 8026, 8255, 8643, 8880, 9118, 9292, 9413, 9484, 9498, 9442, 9413, 9417, 9449, 9546, 9794, 9781, 9603, 9339, 8955, 1492, 1432, 1395, 1378, 1381, 1415, 1482, 1562, 1625, 1676, 1702, 1710, 1710, 1709, 1703, 1701, 1710, 1719, 1718, 1736, 1709, 1652, 1575, 1490, 2300, 2210, 2151, 2118, 2113, 2156, 2248, 2357, 2446, 2534, 2598, 2630, 2648, 2650, 2653, 2662, 2683, 2691, 2678, 2708, 2675, 2599, 2489, 2365, 9616, 9298, 9112, 9034, 9065, 9253, 9620, 10048, 10403, 10577, 10677, 10720, 10764, 10773, 10815, 10886, 11038, 11229, 11426, 11501, 11241, 10879, 10416, 9917, 751, 720, 703, 695, 699, 719, 756, 797, 833, 848, 848, 842, 839, 838, 845, 858, 881, 905, 931, 934, 907, 870, 823, 773, 1189, 1154, 1132, 1120, 1123, 1142, 1179, 1219, 1259, 1298, 1323, 1334, 1342, 1342, 1341, 1337, 1349, 1356, 1363, 1381, 1363, 1324, 1273, 1216, 1106, 1070, 1048, 1036, 1052, 1082, 1131, 1184, 1242, 1282, 1285, 1286, 1280, 1289, 1291, 1292, 1322, 1323, 1311, 1346, 1324, 1282, 1231, 1157, 1883, 1792, 1740, 1713, 1713, 1759, 1854, 1943, 2005, 2004, 1976, 1950, 1945, 1945, 1981, 2050, 2150, 2250, 2353, 2362, 2304, 2214, 2085, 1945, 1315, 1266, 1241, 1232, 1239, 1279, 1342, 1412, 1477, 1508, 1513, 1502, 1486, 1468, 1453, 1453, 1471, 1490, 1517, 1523, 1487, 1433, 1363, 1287, 28, 28, 29, 28, 29, 28, 30, 31, 29, 29, 27, 28, 27, 26, 26, 26, 28, 28, 26, 27, 28, 29, 29, 29, 3241, 3107, 3018, 2980, 2988, 3063, 3210, 3371, 3555, 3690, 3774, 3808, 3812, 3802, 3790, 3792, 3807, 3838, 3919, 3927, 3836, 3697, 3539, 3354, 1204, 1149, 1114, 1097, 1095, 1115, 1167, 1231, 1297, 1336, 1348, 1354, 1353, 1348, 1354, 1366, 1384, 1410, 1443, 1460, 1433, 1394, 1329, 1261, 1718, 1663, 1630, 1618, 1634, 1688, 1780, 1876, 1969, 2013, 2026, 2014, 1994, 1972, 1957, 1954, 1974, 2001, 2036, 2047, 2000, 1925, 1834, 1737, 1517, 1472, 1449, 1445, 1455, 1501, 1571, 1646, 1711, 1756, 1774, 1762, 1739, 1714, 1691, 1685, 1694, 1703, 1728, 1755, 1725, 1669, 1593, 1516, 3894, 3729, 3622, 3562, 3550, 3611, 3747, 3839, 3917, 3949, 3941, 3929, 3920, 3938, 3981, 4073, 4214, 4353, 4522, 4563, 4474, 4347, 4163, 3960, 122, 116, 113, 111, 111, 113, 118, 124, 130, 133, 134, 134, 133, 133, 134, 135, 138, 143, 150, 151, 148, 143, 136, 127, 69277, 66768, 65243, 64491, 64610, 65944, 68589, 71641, 74187, 75832, 76540, 76667, 76646, 76522, 76495, 76833, 77747, 78711, 79858, 80929, 79601, 77212, 74030, 70410, 0, 0, 0, 0, 0, 0, 0, 0, 0, 0, 0, 0, 0, 0, 0, 0, 0, 0, 0, 0, 0, 0, 0, 0, 0, 0, 0, 0, 0, 0, 0, 0, 0, 0, 0, 0, 0, 0, 0, 0, 0, 0, 0, 0, 0, 0, 0, 0, 0, 0, 0, 0, 0, 0, 0, 0, 0, 0, 0, 0, 0, 0, 0, 0, 0, 0, 0, 0, 0, 0, 0, 0, 0, 0, 0, 0, 0, 0, 0, 0, 0, 0, 0, 0, 0, 0, 0, 0, 0, 0, 0, 0, 0, 0, 0, 0, 0, 0, 0, 0, 0, 0, 0, 0, 0, 0, 0, 0, 0, 0, 0, 0, 0, 0, 0, 0, 0, 0, 0, 0, 0, 0, 0, 0, 0, 0, 0, 0, 0, 0, 0, 0, 0, 0, 0, 0, 0, 0, 0, 0, 0, 0, 0, 0, 0, 0, 0, 0, 0, 0, 0, 0, 0, 0, 0, 0, 0, 0, 0, 0, 0, 0, 0, 0, 0, 0, 0, 0, 17, 16, 15, 16, 16, 17, 16, 16, 17, 16, 16, 17, 17, 16, 9, 16, 19, 11, 11, 19, 19, 17, 0, 0, 0, 0, 0, 0, 0, 0, 0, 0, 0, 0, 0, 0, 0, 0, 0, 0, 0, 0, 0, 0, 0, 0, 0, 0, 0, 0, 0, 0, 0, 0, 0, 0, 0, 0
"2024-10-13", 456, 438, 425, 419, 418, 425, 440, 452, 459, 456, 446, 441, 446, 451, 462, 485, 522, 560, 589, 596, 579, 550, 513, 478, 2800, 2729, 2688, 2662, 2665, 2700, 2775, 2875, 2976, 3057, 3090, 3118, 3152, 3170, 3181, 3196, 3239, 3280, 3318, 3410, 3374, 3251, 3104, 2968, 4107, 3995, 3931, 3911, 3929, 3985, 4120, 4301, 4494, 4610, 4645, 4659, 4688, 4682, 4694, 4732, 4837, 4947, 5060, 5175, 5080, 4861, 4610, 4391, 2863, 2778, 2724, 2698, 2701, 2733, 2808, 2899, 2999, 3094, 3156, 3211, 3250, 3261, 3261, 3272, 3308, 3345, 3396, 3491, 3446, 3323, 3176, 3038, 2536, 2433, 2367, 2333, 2333, 2378, 2471, 2571, 2696, 2795, 2850, 2886, 2907, 2936, 2965, 3018, 3109, 3213, 3325, 3389, 3307, 3148, 2928, 2711, 8560, 8218, 7966, 7791, 7693, 7676, 7768, 7974, 8079, 8261, 8467, 8666, 8813, 8919, 8973, 9015, 9084, 9198, 9385, 9705, 9742, 9546, 9237, 8821, 1418, 1369, 1339, 1322, 1319, 1337, 1381, 1444, 1505, 1567, 1609, 1639, 1666, 1672, 1674, 1681, 1711, 1741, 1756, 1797, 1775, 1703, 1626, 1560, 2247, 2164, 2105, 2070, 2061, 2087, 2143, 2225, 2313, 2420, 2503, 2565, 2623, 2649, 2664, 2676, 2714, 2752, 2759, 2810, 2776, 2658, 2501, 2351, 9469, 9160, 8973, 8882, 8890, 9027, 9322, 9682, 10080, 10346, 10495, 10622, 10785, 10911, 11028, 11157, 11383, 11669, 11927, 12043, 11761, 11230, 10585, 9952, 726, 698, 682, 673, 674, 690, 721, 760, 804, 831, 841, 849, 856, 861, 869, 884, 914, 947, 975, 984, 950, 895, 831, 768, 1167, 1137, 1115, 1101, 1100, 1114, 1141, 1172, 1211, 1254, 1285, 1312, 1334, 1345, 1351, 1359, 1380, 1395, 1403, 1425, 1403, 1357, 1295, 1229, 1093, 1058, 1035, 1026, 1029, 1046, 1085, 1145, 1220, 1269, 1272, 1271, 1278, 1288, 1286, 1307, 1336, 1366, 1377, 1430, 1413, 1346, 1250, 1157, 1812, 1723, 1672, 1643, 1640, 1674, 1743, 1810, 1865, 1885, 1879, 1887, 1916, 1950, 1987, 2059, 2179, 2318, 2438, 2454, 2375, 2247, 2081, 1913, 1220, 1178, 1157, 1146, 1151, 1179, 1231, 1299, 1369, 1416, 1437, 1449, 1455, 1452, 1452, 1468, 1512, 1555, 1598, 1616, 1578, 1506, 1421, 1348, 27, 28, 26, 26, 27, 28, 28, 29, 30, 28, 29, 28, 28, 28, 27, 29, 29, 29, 29, 30, 30, 29, 29, 29, 3175, 3048, 2967, 2924, 2923, 2974, 3081, 3198, 3373, 3533, 3648, 3730, 3783, 3805, 3821, 3853, 3915, 3997, 4103, 4134, 4037, 3853, 3631, 3399, 1200, 1148, 1112, 1094, 1089, 1105, 1148, 1189, 1247, 1294, 1318, 1331, 1346, 1360, 1381, 1404, 1440, 1483, 1526, 1547, 1521, 1459, 1369, 1278, 1643, 1593, 1563, 1552, 1560, 1599, 1674, 1767, 1861, 1918, 1947, 1961, 1967, 1955, 1947, 1957, 2005, 2051, 2103, 2127, 2071, 1969, 1855, 1761, 1454, 1417, 1398, 1389, 1395, 1425, 1485, 1559, 1636, 1684, 1704, 1709, 1713, 1698, 1683, 1684, 1714, 1743, 1786, 1825, 1794, 1718, 1644, 1581, 3761, 3613, 3513, 3453, 3433, 3468, 3556, 3596, 3648, 3687, 3714, 3755, 3825, 3886, 3938, 4037, 4204, 4387, 4591, 4656, 4571, 4415, 4199, 3955, 119, 114, 111, 109, 109, 109, 113, 116, 120, 123, 125, 126, 128, 130, 131, 134, 138, 144, 153, 155, 152, 145, 135, 125, 67083, 64821, 63385, 62591, 62521, 63357, 65290, 67695, 70222, 72235, 73379, 74302, 75220, 75751, 76180, 76936, 78511, 80272, 82067, 83695, 82352, 79083, 75013, 70973, 0, 0, 0, 0, 0, 0, 0, 0, 0, 0, 0, 0, 0, 0, 0, 0, 0, 0, 0, 0, 0, 0, 0, 0, 0, 0, 0, 0, 0, 0, 0, 0, 0, 0, 0, 0, 0, 0, 0, 0, 0, 0, 0, 0, 0, 0, 0, 0, 0, 0, 0, 0, 0, 0, 0, 0, 0, 0, 0, 0, 0, 0, 0, 0, 0, 0, 0, 0, 0, 0, 0, 0, 0, 0, 0, 0, 0, 0, 0, 0, 0, 0, 0, 0, 0, 0, 0, 0, 0, 0, 0, 0, 0, 0, 0, 0, 0, 0, 0, 0, 0, 0, 0, 0, 0, 0, 0, 0, 0, 0, 0, 0, 0, 0, 0, 0, 0, 0, 0, 0, 0, 0, 0, 0, 0, 0, 0, 0, 0, 0, 0, 0, 0, 0, 0, 0, 0, 0, 0, 0, 0, 0, 0, 0, 0, 0, 0, 0, 0, 0, 0, 0, 0, 0, 0, 0, 0, 0, 0, 0, 0, 0, 0, 0, 0, 0, 0, 0, 19, 17, 17, 17, 17, 17, 17, 17, 17, 17, 17, 16, 19, 17, 22, 19, 17, 17, 19, 19, 19, 17, 0, 0, 0, 0, 0, 0, 0, 0, 0, 0, 0, 0, 0, 0, 0, 0, 0, 0, 0, 0, 0, 0, 0, 0, 0, 0, 0, 0, 0, 0, 0, 0, 0, 0, 0, 0
"2024-10-14", 449, 433, 423, 421, 429, 456, 506, 533, 527, 507, 488, 475, 475, 485, 500, 524, 560, 597, 629, 637, 614, 581, 537, 494, 2875, 2816, 2790, 2800, 2861, 3032, 3321, 3513, 3549, 3568, 3593, 3602, 3626, 3643, 3640, 3624, 3631, 3638, 3650, 3719, 3659, 3513, 3325, 3146, 4249, 4179, 4147, 4166, 4281, 4526, 4970, 5232, 5293, 5306, 5321, 5329, 5336, 5345, 5328, 5333, 5376, 5442, 5524, 5625, 5503, 5253, 4931, 4662, 2931, 2861, 2831, 2840, 2908, 3087, 3403, 3647, 3716, 3759, 3813, 3837, 3855, 3879, 3853, 3817, 3803, 3790, 3813, 3890, 3818, 3660, 3451, 3261, 2550, 2448, 2392, 2379, 2445, 2635, 2959, 3135, 3161, 3145, 3138, 3148, 3165, 3193, 3227, 3276, 3357, 3444, 3526, 3567, 3454, 3265, 3008, 2764, 8393, 8095, 7908, 7805, 7820, 8052, 8688, 9667, 10240, 10444, 10579, 10731, 10828, 10906, 11008, 10989, 10937, 10908, 10934, 11078, 11017, 10712, 10243, 9641, 1507, 1470, 1453, 1453, 1489, 1599, 1784, 1919, 1954, 1983, 2013, 2026, 2046, 2054, 2051, 2028, 2028, 2038, 2035, 2059, 2020, 1923, 1803, 1695, 2241, 2165, 2125, 2119, 2163, 2314, 2563, 2746, 2793, 2833, 2892, 2925, 2964, 2988, 2993, 2989, 2993, 3002, 2989, 3023, 2972, 2836, 2653, 2479, 9467, 9162, 9019, 9015, 9213, 9785, 10718, 11276, 11341, 11328, 11385, 11474, 11597, 11725, 11823, 11923, 12092, 12304, 12490, 12564, 12198, 11584, 10835, 10128, 728, 701, 690, 690, 709, 769, 870, 918, 923, 921, 919, 921, 926, 932, 941, 955, 980, 1012, 1043, 1048, 1008, 946, 872, 802, 1177, 1147, 1128, 1126, 1146, 1204, 1304, 1378, 1416, 1448, 1470, 1486, 1501, 1513, 1512, 1505, 1506, 1500, 1499, 1506, 1478, 1418, 1335, 1253, 1096, 1061, 1050, 1043, 1076, 1159, 1306, 1364, 1356, 1352, 1348, 1342, 1342, 1355, 1349, 1366, 1386, 1415, 1439, 1484, 1473, 1394, 1299, 1209, 1786, 1710, 1674, 1664, 1705, 1836, 2064, 2221, 2255, 2229, 2194, 2180, 2182, 2201, 2244, 2313, 2409, 2526, 2645, 2653, 2550, 2395, 2189, 1998, 1297, 1265, 1253, 1258, 1301, 1416, 1588, 1687, 1713, 1730, 1745, 1750, 1751, 1750, 1736, 1728, 1743, 1769, 1806, 1818, 1767, 1677, 1565, 1463, 29, 29, 30, 30, 30, 30, 33, 34, 32, 34, 33, 33, 33, 32, 30, 31, 32, 33, 33, 34, 33, 32, 32, 31, 3229, 3101, 3033, 3018, 3093, 3333, 3709, 3993, 4103, 4155, 4206, 4244, 4271, 4280, 4285, 4279, 4316, 4381, 4454, 4443, 4313, 4090, 3789, 3519, 1203, 1150, 1123, 1118, 1152, 1255, 1407, 1501, 1531, 1532, 1536, 1537, 1539, 1556, 1568, 1593, 1623, 1651, 1651, 1647, 1585, 1505, 1399, 1290, 1691, 1652, 1634, 1640, 1688, 1826, 2071, 2222, 2259, 2277, 2295, 2295, 2286, 2288, 2272, 2255, 2267, 2294, 2334, 2348, 2273, 2154, 2006, 1889, 1535, 1506, 1494, 1499, 1541, 1666, 1864, 1994, 2024, 2043, 2071, 2071, 2055, 2053, 2015, 1982, 1968, 1974, 2000, 2037, 2002, 1912, 1795, 1698, 3760, 3623, 3547, 3524, 3583, 3789, 4174, 4468, 4568, 4575, 4560, 4559, 4572, 4618, 4676, 4765, 4873, 4983, 5117, 5125, 4985, 4758, 4457, 4154, 118, 114, 112, 111, 113, 119, 133, 147, 154, 158, 158, 159, 159, 159, 160, 161, 163, 165, 172, 171, 165, 156, 143, 130, 67875, 65877, 64867, 64770, 66156, 70316, 77586, 82882, 84446, 84955, 85519, 85934, 86402, 86956, 87201, 87382, 88094, 89047, 90121, 91120, 89086, 85075, 79835, 74818, 0, 0, 0, 0, 0, 0, 0, 0, 0, 0, 0, 0, 0, 0, 0, 0, 0, 0, 0, 0, 0, 0, 0, 0, 0, 0, 0, 0, 0, 0, 0, 0, 0, 0, 0, 0, 0, 0, 0, 0, 0, 0, 0, 0, 0, 0, 0, 0, 0, 0, 0, 0, 0, 0, 0, 0, 0, 0, 0, 0, 0, 0, 0, 0, 0, 0, 0, 0, 0, 0, 0, 0, 0, 0, 0, 0, 0, 0, 0, 0, 0, 0, 0, 0, 0, 0, 0, 0, 0, 0, 0, 0, 0, 0, 0, 0, 0, 0, 0, 0, 0, 0, 0, 0, 0, 0, 0, 0, 0, 0, 0, 0, 0, 0, 0, 0, 0, 0, 0, 0, 0, 0, 0, 0, 0, 0, 0, 0, 0, 0, 0, 0, 0, 0, 0, 0, 0, 0, 0, 0, 0, 0, 0, 0, 0, 0, 0, 0, 0, 0, 0, 0, 0, 0, 0, 0, 0, 0, 0, 0, 0, 0, 0, 0, 0, 0, 0, 0, 18, 17, 16, 16, 19, 17, 16, 15, 17, 17, 16, 16, 19, 19, 13, 19, 16, 19, 14, 19, 19, 16, 0, 0, 0, 0, 0, 0, 0, 0, 0, 0, 0, 0, 0, 0, 0, 0, 0, 0, 0, 0, 0, 0, 0, 0, 0, 0, 0, 0, 0, 0, 0, 0, 0, 0, 0, 0
"2024-10-15", 458, 442, 431, 427, 433, 459, 511, 535, 527, 504, 484, 477, 476, 484, 498, 526, 561, 595, 627, 633, 611, 578, 534, 491, 3036, 2962, 2921, 2913, 2969, 3132, 3419, 3597, 3616, 3613, 3627, 3634, 3653, 3676, 3672, 3664, 3669, 3669, 3686, 3752, 3702, 3559, 3363, 3178, 4469, 4348, 4295, 4307, 4398, 4649, 5096, 5340, 5356, 5332, 5333, 5342, 5346, 5353, 5345, 5346, 5404, 5463, 5540, 5663, 5545, 5304, 4989, 4705, 3139, 3052, 3000, 2987, 3038, 3208, 3519, 3739, 3790, 3831, 3874, 3887, 3915, 3948, 3925, 3893, 3873, 3854, 3873, 3943, 3874, 3713, 3497, 3296, 2596, 2484, 2427, 2412, 2474, 2667, 3007, 3177, 3185, 3153, 3139, 3138, 3163, 3194, 3225, 3273, 3349, 3429, 3513, 3562, 3458, 3278, 3026, 2783, 9146, 8724, 8456, 8276, 8232, 8407, 8990, 9959, 10493, 10683, 10804, 10933, 11032, 11106, 11190, 11174, 11137, 11115, 11128, 11228, 11157, 10847, 10377, 9756, 1633, 1579, 1544, 1534, 1564, 1665, 1848, 1976, 1996, 2016, 2041, 2051, 2073, 2087, 2083, 2065, 2065, 2073, 2064, 2087, 2053, 1957, 1835, 1726, 2378, 2288, 2235, 2217, 2255, 2395, 2644, 2812, 2839, 2871, 2917, 2946, 2982, 3016, 3029, 3039, 3054, 3064, 3044, 3076, 3035, 2904, 2716, 2538, 9705, 9406, 9258, 9233, 9422, 10013, 11003, 11572, 11577, 11490, 11497, 11566, 11672, 11794, 11895, 12011, 12178, 12374, 12545, 12649, 12298, 11696, 10944, 10248, 758, 730, 715, 713, 729, 786, 889, 933, 930, 922, 917, 919, 925, 934, 943, 957, 981, 1012, 1041, 1047, 1009, 949, 876, 808, 1203, 1165, 1147, 1141, 1162, 1221, 1319, 1404, 1437, 1464, 1487, 1505, 1523, 1536, 1537, 1536, 1537, 1529, 1524, 1533, 1501, 1440, 1359, 1278, 1154, 1114, 1109, 1101, 1131, 1208, 1350, 1399, 1381, 1362, 1352, 1348, 1358, 1360, 1360, 1373, 1410, 1443, 1463, 1505, 1506, 1424, 1319, 1221, 1855, 1776, 1731, 1718, 1756, 1883, 2127, 2276, 2293, 2250, 2207, 2188, 2198, 2228, 2278, 2357, 2459, 2574, 2691, 2698, 2603, 2440, 2225, 2030, 1397, 1356, 1335, 1334, 1373, 1482, 1652, 1741, 1755, 1751, 1756, 1759, 1758, 1760, 1746, 1745, 1761, 1787, 1821, 1841, 1791, 1703, 1586, 1481, 31, 31, 30, 30, 30, 32, 35, 35, 35, 35, 35, 35, 35, 34, 34, 33, 33, 34, 34, 33, 34, 34, 32, 32, 3308, 3168, 3096, 3067, 3139, 3381, 3764, 4043, 4125, 4154, 4202, 4237, 4272, 4300, 4307, 4322, 4362, 4411, 4475, 4468, 4340, 4118, 3816, 3546, 1208, 1154, 1129, 1120, 1151, 1261, 1426, 1531, 1553, 1551, 1545, 1547, 1559, 1569, 1587, 1609, 1640, 1660, 1653, 1649, 1593, 1510, 1404, 1301, 1793, 1741, 1711, 1708, 1754, 1890, 2139, 2278, 2298, 2292, 2293, 2290, 2280, 2288, 2271, 2259, 2272, 2296, 2333, 2352, 2284, 2166, 2017, 1896, 1632, 1588, 1570, 1571, 1611, 1726, 1930, 2040, 2060, 2069, 2086, 2078, 2069, 2067, 2025, 1991, 1978, 1981, 2008, 2048, 2012, 1926, 1807, 1707, 3917, 3755, 3660, 3620, 3665, 3859, 4253, 4533, 4595, 4586, 4550, 4552, 4575, 4630, 4697, 4798, 4932, 5035, 5156, 5171, 5031, 4806, 4497, 4192, 121, 115, 113, 112, 114, 121, 135, 149, 155, 158, 159, 159, 160, 161, 162, 164, 167, 168, 175, 174, 168, 159, 145, 132, 71354, 68932, 67610, 67188, 68364, 72395, 79742, 84817, 85884, 85971, 86247, 86561, 87087, 87725, 87999, 88314, 89098, 89924, 90913, 91926, 90017, 86041, 80724, 75617, 0, 0, 0, 0, 0, 0, 0, 0, 0, 0, 0, 0, 0, 0, 0, 0, 0, 0, 0, 0, 0, 0, 0, 0, 0, 0, 0, 0, 0, 0, 0, 0, 0, 0, 0, 0, 0, 0, 0, 0, 0, 0, 0, 0, 0, 0, 0, 0, 0, 0, 0, 0, 0, 0, 0, 0, 0, 0, 0, 0, 0, 0, 0, 0, 0, 0, 0, 0, 0, 0, 0, 0, 0, 0, 0, 0, 0, 0, 0, 0, 0, 0, 0, 0, 0, 0, 0, 0, 0, 0, 0, 0, 0, 0, 0, 0, 0, 0, 0, 0, 0, 0, 0, 0, 0, 0, 0, 0, 0, 0, 0, 0, 0, 0, 0, 0, 0, 0, 0, 0, 0, 0, 0, 0, 0, 0, 0, 0, 0, 0, 0, 0, 0, 0, 0, 0, 0, 0, 0, 0, 0, 0, 0, 0, 0, 0, 0, 0, 0, 0, 0, 0, 0, 0, 0, 0, 0, 0, 0, 0, 0, 0, 0, 0, 0, 0, 0, 0, 17, 15, 17, 15, 17, 16, 16, 16, 17, 16, 16, 16, 16, 17, 18, 16, 16, 17, 14, 16, 16, 17, 0, 0, 0, 0, 0, 0, 0, 0, 0, 0, 0, 0, 0, 0, 0, 0, 0, 0, 0, 0, 0, 0, 0, 0, 0, 0, 0, 0, 0, 0, 0, 0, 0, 0, 0, 0
"2024-10-16", 461, 442, 431, 428, 434, 460, 513, 535, 523, 498, 479, 470, 471, 480, 500, 528, 563, 601, 629, 634, 613, 578, 530, 490, 3042, 2963, 2916, 2908, 2959, 3119, 3392, 3566, 3585, 3588, 3612, 3624, 3647, 3679, 3680, 3672, 3688, 3691, 3696, 3750, 3693, 3558, 3368, 3182, 4473, 4367, 4295, 4306, 4386, 4638, 5067, 5293, 5301, 5302, 5302, 5310, 5326, 5349, 5351, 5361, 5426, 5477, 5544, 5630, 5513, 5271, 4943, 4655, 3145, 3050, 2990, 2963, 3012, 3167, 3465, 3675, 3731, 3774, 3826, 3851, 3870, 3909, 3883, 3851, 3832, 3800, 3818, 3893, 3832, 3686, 3472, 3278, 2604, 2496, 2439, 2423, 2482, 2676, 3014, 3177, 3186, 3158, 3150, 3156, 3173, 3198, 3227, 3285, 3373, 3441, 3514, 3554, 3445, 3262, 3011, 2769, 9164, 8741, 8465, 8282, 8230, 8409, 8986, 9931, 10463, 10628, 10725, 10829, 10883, 10916, 10982, 10959, 10901, 10880, 10912, 11053, 10991, 10701, 10241, 9636, 1637, 1578, 1541, 1527, 1553, 1653, 1832, 1962, 1981, 2003, 2033, 2048, 2072, 2089, 2086, 2067, 2068, 2071, 2064, 2083, 2044, 1953, 1834, 1724, 2400, 2303, 2242, 2221, 2255, 2390, 2632, 2806, 2836, 2872, 2926, 2962, 3002, 3040, 3058, 3071, 3082, 3082, 3064, 3088, 3038, 2905, 2718, 2540, 9823, 9509, 9345, 9316, 9518, 10103, 11090, 11635, 11635, 11550, 11584, 11664, 11764, 11897, 12018, 12168, 12363, 12550, 12703, 12759, 12391, 11802, 11050, 10344, 760, 732, 718, 715, 731, 789, 889, 931, 928, 920, 918, 920, 926, 937, 947, 963, 988, 1016, 1043, 1047, 1007, 947, 872, 803, 1217, 1182, 1159, 1149, 1167, 1225, 1325, 1402, 1439, 1468, 1495, 1514, 1534, 1546, 1547, 1549, 1549, 1537, 1533, 1533, 1504, 1441, 1361, 1282, 1134, 1106, 1085, 1070, 1071, 1130, 1262, 1311, 1296, 1283, 1280, 1266, 1282, 1306, 1324, 1356, 1387, 1422, 1436, 1457, 1455, 1402, 1299, 1200, 1887, 1801, 1756, 1737, 1771, 1899, 2135, 2276, 2284, 2246, 2205, 2198, 2214, 2259, 2319, 2401, 2510, 2612, 2711, 2704, 2595, 2432, 2215, 2021, 1413, 1367, 1345, 1342, 1378, 1488, 1657, 1739, 1749, 1751, 1762, 1766, 1766, 1770, 1757, 1756, 1766, 1787, 1816, 1831, 1782, 1693, 1577, 1475, 30, 30, 29, 29, 29, 32, 34, 34, 34, 33, 33, 34, 33, 33, 32, 33, 34, 35, 35, 35, 34, 34, 34, 32, 3329, 3194, 3113, 3085, 3152, 3394, 3768, 4039, 4126, 4162, 4221, 4273, 4311, 4344, 4357, 4377, 4406, 4443, 4490, 4476, 4334, 4110, 3809, 3527, 1215, 1161, 1133, 1127, 1161, 1265, 1432, 1537, 1558, 1554, 1550, 1553, 1560, 1570, 1583, 1610, 1645, 1666, 1654, 1647, 1587, 1506, 1400, 1296, 1798, 1745, 1718, 1712, 1756, 1892, 2134, 2267, 2287, 2285, 2293, 2292, 2287, 2294, 2281, 2268, 2281, 2296, 2327, 2338, 2268, 2155, 2004, 1885, 1629, 1583, 1562, 1562, 1596, 1711, 1912, 2022, 2038, 2044, 2063, 2066, 2055, 2054, 2016, 1983, 1973, 1972, 1999, 2032, 1997, 1911, 1793, 1688, 3962, 3800, 3706, 3663, 3701, 3893, 4278, 4545, 4595, 4586, 4566, 4573, 4603, 4671, 4770, 4886, 5010, 5101, 5197, 5193, 5032, 4803, 4492, 4179, 123, 117, 114, 113, 115, 121, 135, 148, 155, 158, 159, 160, 162, 163, 165, 167, 169, 169, 175, 174, 168, 158, 144, 131, 71702, 69237, 67795, 67303, 68381, 72333, 79504, 84413, 85452, 85604, 86032, 86433, 86946, 87676, 88064, 88486, 89327, 90037, 90854, 91652, 89644, 85787, 80494, 75384, 0, 0, 0, 0, 0, 0, 0, 0, 0, 0, 0, 0, 0, 0, 0, 0, 0, 0, 0, 0, 0, 0, 0, 0, 0, 0, 0, 0, 0, 0, 0, 0, 0, 0, 0, 0, 0, 0, 0, 0, 0, 0, 0, 0, 0, 0, 0, 0, 0, 0, 0, 0, 0, 0, 0, 0, 0, 0, 0, 0, 0, 0, 0, 0, 0, 0, 0, 0, 0, 0, 0, 0, 0, 0, 0, 0, 0, 0, 0, 0, 0, 0, 0, 0, 0, 0, 0, 0, 0, 0, 0, 0, 0, 0, 0, 0, 0, 0, 0, 0, 0, 0, 0, 0, 0, 0, 0, 0, 0, 0, 0, 0, 0, 0, 0, 0, 0, 0, 0, 0, 0, 0, 0, 0, 0, 0, 0, 0, 0, 0, 0, 0, 0, 0, 0, 0, 0, 0, 0, 0, 0, 0, 0, 0, 0, 0, 0, 0, 0, 0, 0, 0, 0, 0, 0, 0, 0, 0, 0, 0, 0, 0, 0, 0, 0, 0, 0, 0, 17, 17, 16, 14, 16, 20, 16, 16, 16, 16, 16, 16, 16, 16, 16, 16, 16, 16, 13, 16, 14, 16, 0, 0, 0, 0, 0, 0, 0, 0, 0, 0, 0, 0, 0, 0, 0, 0, 0, 0, 0, 0, 0, 0, 0, 0, 0, 0, 0, 0, 0, 0, 0, 0, 0, 0, 0, 0
"2024-10-17", 458, 440, 429, 424, 430, 456, 508, 530, 516, 488, 465, 453, 450, 460, 481, 513, 553, 591, 622, 627, 608, 576, 533, 491, 3046, 2964, 2919, 2909, 2963, 3120, 3396, 3575, 3596, 3598, 3611, 3611, 3626, 3643, 3630, 3612, 3617, 3609, 3618, 3686, 3641, 3512, 3333, 3158, 4453, 4328, 4270, 4264, 4344, 4605, 5031, 5261, 5286, 5269, 5279, 5278, 5275, 5286, 5271, 5276, 5313, 5354, 5423, 5529, 5429, 5206, 4899, 4618, 3136, 3045, 2999, 2979, 3034, 3195, 3487, 3712, 3767, 3804, 3845, 3850, 3863, 3887, 3848, 3803, 3773, 3743, 3758, 3830, 3770, 3632, 3436, 3250, 2590, 2481, 2423, 2406, 2463, 2652, 2978, 3151, 3156, 3122, 3110, 3109, 3126, 3154, 3192, 3247, 3328, 3400, 3474, 3512, 3416, 3248, 3007, 2775, 9050, 8642, 8373, 8200, 8146, 8319, 8887, 9818, 10344, 10500, 10581, 10670, 10703, 10703, 10766, 10727, 10676, 10665, 10689, 10848, 10797, 10524, 10095, 9513, 1642, 1583, 1547, 1533, 1560, 1657, 1836, 1965, 1985, 2004, 2024, 2025, 2043, 2056, 2047, 2023, 2018, 2015, 2007, 2027, 1998, 1914, 1800, 1695, 2400, 2306, 2248, 2226, 2253, 2393, 2636, 2815, 2855, 2884, 2932, 2956, 2988, 3017, 3021, 3024, 3025, 3017, 2985, 3012, 2971, 2847, 2672, 2501, 9833, 9520, 9362, 9318, 9505, 10078, 11041, 11573, 11580, 11497, 11519, 11606, 11735, 11871, 11985, 12127, 12303, 12494, 12636, 12698, 12367, 11792, 11072, 10363, 754, 725, 711, 708, 723, 779, 879, 922, 919, 909, 905, 907, 912, 923, 937, 954, 978, 1006, 1033, 1040, 1005, 948, 877, 810, 1217, 1181, 1161, 1154, 1173, 1232, 1330, 1406, 1441, 1472, 1497, 1511, 1523, 1534, 1535, 1525, 1522, 1507, 1499, 1508, 1477, 1419, 1338, 1262, 1135, 1093, 1075, 1076, 1106, 1170, 1307, 1359, 1343, 1324, 1313, 1304, 1314, 1337, 1340, 1358, 1394, 1414, 1422, 1467, 1465, 1404, 1304, 1202, 1874, 1781, 1737, 1718, 1752, 1874, 2111, 2254, 2256, 2199, 2150, 2131, 2140, 2180, 2240, 2325, 2442, 2557, 2654, 2663, 2572, 2424, 2222, 2031, 1402, 1360, 1337, 1335, 1371, 1477, 1644, 1730, 1741, 1740, 1741, 1743, 1743, 1746, 1730, 1724, 1739, 1757, 1788, 1808, 1765, 1680, 1568, 1466, 30, 29, 29, 29, 29, 32, 34, 35, 35, 33, 33, 33, 33, 33, 33, 32, 33, 34, 35, 34, 34, 33, 32, 31, 3308, 3166, 3091, 3058, 3122, 3362, 3728, 3999, 4085, 4125, 4179, 4216, 4249, 4283, 4286, 4304, 4330, 4367, 4420, 4406, 4285, 4080, 3797, 3520, 1208, 1155, 1126, 1119, 1148, 1251, 1414, 1515, 1540, 1533, 1528, 1529, 1538, 1548, 1567, 1594, 1630, 1651, 1638, 1629, 1572, 1498, 1396, 1296, 1792, 1737, 1707, 1706, 1748, 1882, 2126, 2261, 2286, 2282, 2286, 2280, 2272, 2279, 2261, 2249, 2261, 2278, 2311, 2329, 2264, 2154, 2011, 1892, 1619, 1575, 1559, 1556, 1593, 1713, 1908, 2022, 2038, 2046, 2060, 2056, 2039, 2036, 1999, 1960, 1951, 1944, 1973, 2007, 1974, 1899, 1779, 1677, 3937, 3768, 3667, 3625, 3662, 3847, 4229, 4501, 4553, 4523, 4491, 4472, 4491, 4568, 4648, 4759, 4901, 5004, 5110, 5116, 4977, 4769, 4473, 4180, 121, 115, 112, 111, 113, 120, 133, 147, 153, 156, 157, 157, 157, 159, 161, 162, 165, 166, 171, 171, 166, 157, 144, 131, 71443, 68939, 67561, 67066, 68162, 72087, 79189, 84156, 85235, 85268, 85516, 85697, 86085, 86678, 86908, 87190, 87937, 88605, 89415, 90394, 88631, 85000, 79985, 75022, 0, 0, 0, 0, 0, 0, 0, 0, 0, 0, 0, 0, 0, 0, 0, 0, 0, 0, 0, 0, 0, 0, 0, 0, 0, 0, 0, 0, 0, 0, 0, 0, 0, 0, 0, 0, 0, 0, 0, 0, 0, 0, 0, 0, 0, 0, 0, 0, 0, 0, 0, 0, 0, 0, 0, 0, 0, 0, 0, 0, 0, 0, 0, 0, 0, 0, 0, 0, 0, 0, 0, 0, 0, 0, 0, 0, 0, 0, 0, 0, 0, 0, 0, 0, 0, 0, 0, 0, 0, 0, 0, 0, 0, 0, 0, 0, 0, 0, 0, 0, 0, 0, 0, 0, 0, 0, 0, 0, 0, 0, 0, 0, 0, 0, 0, 0, 0, 0, 0, 0, 0, 0, 0, 0, 0, 0, 0, 0, 0, 0, 0, 0, 0, 0, 0, 0, 0, 0, 0, 0, 0, 0, 0, 0, 0, 0, 0, 0, 0, 0, 0, 0, 0, 0, 0, 0, 0, 0, 0, 0, 0, 0, 0, 0, 0, 0, 0, 0, 18, 15, 16, 14, 16, 17, 14, 15, 16, 16, 15, 16, 18, 13, 8, 15, 16, 13, 7, 15, 11, 16, 0, 0, 0, 0, 0, 0, 0, 0, 0, 0, 0, 0, 0, 0, 0, 0, 0, 0, 0, 0, 0, 0, 0, 0, 0, 0, 0, 0, 0, 0, 0, 0, 0, 0, 0, 0
"2024-10-18", 462, 442, 431, 427, 432, 456, 505, 528, 516, 491, 469, 454, 452, 461, 477, 504, 539, 571, 599, 603, 586, 562, 527, 491, 2999, 2922, 2884, 2880, 2929, 3078, 3335, 3513, 3545, 3553, 3557, 3543, 3544, 3550, 3533, 3512, 3508, 3492, 3472, 3501, 3446, 3342, 3199, 3039, 4412, 4294, 4243, 4247, 4333, 4566, 4977, 5218, 5258, 5236, 5216, 5189, 5169, 5163, 5125, 5107, 5131, 5138, 5181, 5229, 5124, 4962, 4719, 4469, 3109, 3022, 2971, 2953, 3012, 3157, 3428, 3646, 3714, 3748, 3786, 3789, 3782, 3793, 3751, 3698, 3666, 3630, 3617, 3662, 3591, 3479, 3318, 3126, 2599, 2489, 2429, 2412, 2466, 2641, 2951, 3121, 3142, 3115, 3099, 3097, 3106, 3121, 3140, 3177, 3234, 3276, 3314, 3322, 3220, 3090, 2916, 2729, 8955, 8548, 8283, 8117, 8071, 8239, 8787, 9691, 10220, 10412, 10504, 10617, 10668, 10698, 10761, 10709, 10617, 10586, 10590, 10728, 10616, 10348, 10002, 9483, 1610, 1553, 1517, 1504, 1529, 1624, 1789, 1916, 1943, 1961, 1975, 1974, 1979, 1988, 1979, 1950, 1943, 1932, 1907, 1902, 1862, 1791, 1694, 1582, 2362, 2270, 2215, 2190, 2222, 2347, 2576, 2751, 2797, 2828, 2862, 2873, 2906, 2935, 2946, 2944, 2939, 2916, 2865, 2864, 2807, 2710, 2579, 2431, 9747, 9434, 9267, 9223, 9411, 9959, 10879, 11427, 11457, 11374, 11384, 11415, 11469, 11543, 11612, 11689, 11803, 11933, 11974, 11938, 11613, 11189, 10666, 10101, 758, 729, 714, 710, 724, 777, 869, 916, 919, 911, 906, 903, 903, 909, 916, 926, 946, 965, 982, 982, 951, 909, 856, 799, 1204, 1169, 1146, 1139, 1159, 1216, 1309, 1386, 1423, 1450, 1472, 1484, 1486, 1493, 1484, 1474, 1467, 1454, 1443, 1444, 1415, 1366, 1307, 1244, 1117, 1085, 1077, 1073, 1088, 1156, 1290, 1342, 1333, 1314, 1303, 1296, 1304, 1314, 1320, 1337, 1359, 1370, 1360, 1370, 1363, 1319, 1252, 1175, 1880, 1794, 1748, 1730, 1760, 1883, 2114, 2262, 2268, 2220, 2177, 2137, 2128, 2165, 2210, 2283, 2380, 2481, 2564, 2550, 2466, 2349, 2190, 2028, 1397, 1353, 1331, 1326, 1359, 1459, 1617, 1704, 1722, 1718, 1719, 1711, 1704, 1695, 1674, 1659, 1663, 1671, 1690, 1690, 1648, 1581, 1491, 1391, 30, 29, 29, 29, 29, 29, 33, 32, 32, 32, 31, 31, 30, 31, 30, 30, 31, 31, 31, 30, 31, 29, 29, 29, 3313, 3171, 3087, 3060, 3124, 3349, 3688, 3946, 4052, 4090, 4132, 4161, 4180, 4189, 4176, 4180, 4189, 4194, 4211, 4171, 4053, 3881, 3657, 3419, 1212, 1158, 1128, 1120, 1150, 1245, 1401, 1497, 1525, 1521, 1513, 1511, 1521, 1524, 1530, 1549, 1573, 1588, 1568, 1549, 1486, 1426, 1347, 1271, 1798, 1743, 1713, 1711, 1751, 1880, 2113, 2250, 2279, 2272, 2265, 2252, 2233, 2224, 2199, 2176, 2179, 2187, 2202, 2199, 2139, 2054, 1937, 1820, 1611, 1567, 1546, 1546, 1580, 1692, 1877, 1991, 2014, 2019, 2028, 2012, 1991, 1976, 1928, 1884, 1864, 1853, 1867, 1887, 1851, 1778, 1686, 1588, 3924, 3768, 3671, 3629, 3665, 3846, 4215, 4478, 4536, 4514, 4479, 4444, 4425, 4497, 4553, 4629, 4741, 4839, 4934, 4928, 4795, 4619, 4386, 4127, 122, 117, 114, 113, 115, 120, 134, 147, 153, 156, 155, 155, 155, 156, 156, 157, 159, 160, 165, 164, 158, 152, 142, 131, 70904, 68469, 67103, 66654, 67716, 71418, 78149, 83077, 84377, 84481, 84587, 84533, 84608, 84935, 84918, 84908, 85302, 85622, 85851, 86144, 84246, 81330, 77424, 73042, 0, 0, 0, 0, 0, 0, 0, 0, 0, 0, 0, 0, 0, 0, 0, 0, 0, 0, 0, 0, 0, 0, 0, 0, 0, 0, 0, 0, 0, 0, 0, 0, 0, 0, 0, 0, 0, 0, 0, 0, 0, 0, 0, 0, 0, 0, 0, 0, 0, 0, 0, 0, 0, 0, 0, 0, 0, 0, 0, 0, 0, 0, 0, 0, 0, 0, 0, 0, 0, 0, 0, 0, 0, 0, 0, 0, 0, 0, 0, 0, 0, 0, 0, 0, 0, 0, 0, 0, 0, 0, 0, 0, 0, 0, 0, 0, 0, 0, 0, 0, 0, 0, 0, 0, 0, 0, 0, 0, 0, 0, 0, 0, 0, 0, 0, 0, 0, 0, 0, 0, 0, 0, 0, 0, 0, 0, 0, 0, 0, 0, 0, 0, 0, 0, 0, 0, 0, 0, 0, 0, 0, 0, 0, 0, 0, 0, 0, 0, 0, 0, 0, 0, 0, 0, 0, 0, 0, 0, 0, 0, 0, 0, 0, 0, 0, 0, 0, 0, 18, 17, 15, 13, 16, 17, 17, 16, 16, 16, 14, 17, 16, 15, 6, 15, 16, 8, 8, 15, 15, 17, 0, 0, 0, 0, 0, 0, 0, 0, 0, 0, 0, 0, 0, 0, 0, 0, 0, 0, 0, 0, 0, 0, 0, 0, 0, 0, 0, 0, 0, 0, 0, 0, 0, 0, 0, 0
"2024-10-19", 464, 445, 433, 425, 426, 436, 457, 473, 478, 466, 448, 435, 431, 436, 450, 477, 513, 548, 577, 583, 568, 548, 520, 488, 2905, 2821, 2774, 2756, 2771, 2828, 2923, 3039, 3129, 3197, 3223, 3222, 3219, 3213, 3212, 3214, 3235, 3250, 3258, 3311, 3266, 3171, 3054, 2919, 4263, 4142, 4075, 4056, 4088, 4185, 4350, 4539, 4706, 4795, 4810, 4783, 4748, 4718, 4698, 4708, 4752, 4809, 4870, 4946, 4862, 4714, 4514, 4298, 2980, 2889, 2832, 2805, 2809, 2867, 2976, 3104, 3202, 3286, 3330, 3338, 3336, 3324, 3303, 3299, 3311, 3316, 3338, 3411, 3368, 3272, 3139, 2989, 2566, 2456, 2389, 2354, 2360, 2425, 2548, 2668, 2789, 2860, 2881, 2885, 2881, 2885, 2889, 2918, 2975, 3042, 3124, 3167, 3100, 2995, 2847, 2686, 8954, 8542, 8269, 8078, 7990, 8026, 8255, 8643, 8880, 9118, 9292, 9413, 9484, 9498, 9442, 9413, 9417, 9449, 9546, 9794, 9781, 9603, 9339, 8955, 1492, 1432, 1395, 1378, 1381, 1415, 1482, 1562, 1625, 1676, 1702, 1710, 1710, 1709, 1703, 1701, 1710, 1719, 1718, 1736, 1709, 1652, 1575, 1490, 2300, 2210, 2151, 2118, 2113, 2156, 2248, 2357, 2446, 2534, 2598, 2630, 2648, 2650, 2653, 2662, 2683, 2691, 2678, 2708, 2675, 2599, 2489, 2365, 9616, 9298, 9112, 9034, 9065, 9253, 9620, 10048, 10403, 10577, 10677, 10720, 10764, 10773, 10815, 10886, 11038, 11229, 11426, 11501, 11241, 10879, 10416, 9917, 751, 720, 703, 695, 699, 719, 756, 797, 833, 848, 848, 842, 839, 838, 845, 858, 881, 905, 931, 934, 907, 870, 823, 773, 1189, 1154, 1132, 1120, 1123, 1142, 1179, 1219, 1259, 1298, 1323, 1334, 1342, 1342, 1341, 1337, 1349, 1356, 1363, 1381, 1363, 1324, 1273, 1216, 1106, 1070, 1048, 1036, 1052, 1082, 1131, 1184, 1242, 1282, 1285, 1286, 1280, 1289, 1291, 1292, 1322, 1323, 1311, 1346, 1324, 1282, 1231, 1157, 1883, 1792, 1740, 1713, 1713, 1759, 1854, 1943, 2005, 2004, 1976, 1950, 1945, 1945, 1981, 2050, 2150, 2250, 2353, 2362, 2304, 2214, 2085, 1945, 1315, 1266, 1241, 1232, 1239, 1279, 1342, 1412, 1477, 1508, 1513, 1502, 1486, 1468, 1453, 1453, 1471, 1490, 1517, 1523, 1487, 1433, 1363, 1287, 28, 28, 29, 28, 29, 28, 30, 31, 29, 29, 27, 28, 27, 26, 26, 26, 28, 28, 26, 27, 28, 29, 29, 29, 3241, 3107, 3018, 2980, 2988, 3063, 3210, 3371, 3555, 3690, 3774, 3808, 3812, 3802, 3790, 3792, 3807, 3838, 3919, 3927, 3836, 3697, 3539, 3354, 1204, 1149, 1114, 1097, 1095, 1115, 1167, 1231, 1297, 1336, 1348, 1354, 1353, 1348, 1354, 1366, 1384, 1410, 1443, 1460, 1433, 1394, 1329, 1261, 1718, 1663, 1630, 1618, 1634, 1688, 1780, 1876, 1969, 2013, 2026, 2014, 1994, 1972, 1957, 1954, 1974, 2001, 2036, 2047, 2000, 1925, 1834, 1737, 1517, 1472, 1449, 1445, 1455, 1501, 1571, 1646, 1711, 1756, 1774, 1762, 1739, 1714, 1691, 1685, 1694, 1703, 1728, 1755, 1725, 1669, 1593, 1516, 3894, 3729, 3622, 3562, 3550, 3611, 3747, 3839, 3917, 3949, 3941, 3929, 3920, 3938, 3981, 4073, 4214, 4353, 4522, 4563, 4474, 4347, 4163, 3960, 122, 116, 113, 111, 111, 113, 118, 124, 130, 133, 134, 134, 133, 133, 134, 135, 138, 143, 150, 151, 148, 143, 136, 127, 69277, 66768, 65243, 64491, 64610, 65944, 68589, 71641, 74187, 75832, 76540, 76667, 76646, 76522, 76495, 76833, 77747, 78711, 79858, 80929, 79601, 77212, 74030, 70410, 0, 0, 0, 0, 0, 0, 0, 0, 0, 0, 0, 0, 0, 0, 0, 0, 0, 0, 0, 0, 0, 0, 0, 0, 0, 0, 0, 0, 0, 0, 0, 0, 0, 0, 0, 0, 0, 0, 0, 0, 0, 0, 0, 0, 0, 0, 0, 0, 0, 0, 0, 0, 0, 0, 0, 0, 0, 0, 0, 0, 0, 0, 0, 0, 0, 0, 0, 0, 0, 0, 0, 0, 0, 0, 0, 0, 0, 0, 0, 0, 0, 0, 0, 0, 0, 0, 0, 0, 0, 0, 0, 0, 0, 0, 0, 0, 0, 0, 0, 0, 0, 0, 0, 0, 0, 0, 0, 0, 0, 0, 0, 0, 0, 0, 0, 0, 0, 0, 0, 0, 0, 0, 0, 0, 0, 0, 0, 0, 0, 0, 0, 0, 0, 0, 0, 0, 0, 0, 0, 0, 0, 0, 0, 0, 0, 0, 0, 0, 0, 0, 0, 0, 0, 0, 0, 0, 0, 0, 0, 0, 0, 0, 0, 0, 0, 0, 0, 0, 17, 16, 15, 16, 16, 17, 16, 16, 17, 16, 16, 17, 17, 16, 9, 16, 19, 11, 11, 19, 19, 17, 0, 0, 0, 0, 0, 0, 0, 0, 0, 0, 0, 0, 0, 0, 0, 0, 0, 0, 0, 0, 0, 0, 0, 0, 0, 0, 0, 0, 0, 0, 0, 0, 0, 0, 0, 0
"2024-10-20", 456, 438, 425, 419, 418, 425, 440, 452, 459, 456, 446, 441, 446, 451, 462, 485, 522, 560, 589, 596, 579, 550, 513, 478, 2800, 2729, 2688, 2662, 2665, 2700, 2775, 2875, 2976, 3057, 3090, 3118, 3152, 3170, 3181, 3196, 3239, 3280, 3318, 3410, 3374, 3251, 3104, 2968, 4107, 3995, 3931, 3911, 3929, 3985, 4120, 4301, 4494, 4610, 4645, 4659, 4688, 4682, 4694, 4732, 4837, 4947, 5060, 5175, 5080, 4861, 4610, 4391, 2863, 2778, 2724, 2698, 2701, 2733, 2808, 2899, 2999, 3094, 3156, 3211, 3250, 3261, 3261, 3272, 3308, 3345, 3396, 3491, 3446, 3323, 3176, 3038, 2536, 2433, 2367, 2333, 2333, 2378, 2471, 2571, 2696, 2795, 2850, 2886, 2907, 2936, 2965, 3018, 3109, 3213, 3325, 3389, 3307, 3148, 2928, 2711, 8560, 8218, 7966, 7791, 7693, 7676, 7768, 7974, 8079, 8261, 8467, 8666, 8813, 8919, 8973, 9015, 9084, 9198, 9385, 9705, 9742, 9546, 9237, 8821, 1418, 1369, 1339, 1322, 1319, 1337, 1381, 1444, 1505, 1567, 1609, 1639, 1666, 1672, 1674, 1681, 1711, 1741, 1756, 1797, 1775, 1703, 1626, 1560, 2247, 2164, 2105, 2070, 2061, 2087, 2143, 2225, 2313, 2420, 2503, 2565, 2623, 2649, 2664, 2676, 2714, 2752, 2759, 2810, 2776, 2658, 2501, 2351, 9469, 9160, 8973, 8882, 8890, 9027, 9322, 9682, 10080, 10346, 10495, 10622, 10785, 10911, 11028, 11157, 11383, 11669, 11927, 12043, 11761, 11230, 10585, 9952, 726, 698, 682, 673, 674, 690, 721, 760, 804, 831, 841, 849, 856, 861, 869, 884, 914, 947, 975, 984, 950, 895, 831, 768, 1167, 1137, 1115, 1101, 1100, 1114, 1141, 1172, 1211, 1254, 1285, 1312, 1334, 1345, 1351, 1359, 1380, 1395, 1403, 1425, 1403, 1357, 1295, 1229, 1093, 1058, 1035, 1026, 1029, 1046, 1085, 1145, 1220, 1269, 1272, 1271, 1278, 1288, 1286, 1307, 1336, 1366, 1377, 1430, 1413, 1346, 1250, 1157, 1812, 1723, 1672, 1643, 1640, 1674, 1743, 1810, 1865, 1885, 1879, 1887, 1916, 1950, 1987, 2059, 2179, 2318, 2438, 2454, 2375, 2247, 2081, 1913, 1220, 1178, 1157, 1146, 1151, 1179, 1231, 1299, 1369, 1416, 1437, 1449, 1455, 1452, 1452, 1468, 1512, 1555, 1598, 1616, 1578, 1506, 1421, 1348, 27, 28, 26, 26, 27, 28, 28, 29, 30, 28, 29, 28, 28, 28, 27, 29, 29, 29, 29, 30, 30, 29, 29, 29, 3175, 3048, 2967, 2924, 2923, 2974, 3081, 3198, 3373, 3533, 3648, 3730, 3783, 3805, 3821, 3853, 3915, 3997, 4103, 4134, 4037, 3853, 3631, 3399, 1200, 1148, 1112, 1094, 1089, 1105, 1148, 1189, 1247, 1294, 1318, 1331, 1346, 1360, 1381, 1404, 1440, 1483, 1526, 1547, 1521, 1459, 1369, 1278, 1643, 1593, 1563, 1552, 1560, 1599, 1674, 1767, 1861, 1918, 1947, 1961, 1967, 1955, 1947, 1957, 2005, 2051, 2103, 2127, 2071, 1969, 1855, 1761, 1454, 1417, 1398, 1389, 1395, 1425, 1485, 1559, 1636, 1684, 1704, 1709, 1713, 1698, 1683, 1684, 1714, 1743, 1786, 1825, 1794, 1718, 1644, 1581, 3761, 3613, 3513, 3453, 3433, 3468, 3556, 3596, 3648, 3687, 3714, 3755, 3825, 3886, 3938, 4037, 4204, 4387, 4591, 4656, 4571, 4415, 4199, 3955, 119, 114, 111, 109, 109, 109, 113, 116, 120, 123, 125, 126, 128, 130, 131, 134, 138, 144, 153, 155, 152, 145, 135, 125, 67083, 64821, 63385, 62591, 62521, 63357, 65290, 67695, 70222, 72235, 73379, 74302, 75220, 75751, 76180, 76936, 78511, 80272, 82067, 83695, 82352, 79083, 75013, 70973, 0, 0, 0, 0, 0, 0, 0, 0, 0, 0, 0, 0, 0, 0, 0, 0, 0, 0, 0, 0, 0, 0, 0, 0, 0, 0, 0, 0, 0, 0, 0, 0, 0, 0, 0, 0, 0, 0, 0, 0, 0, 0, 0, 0, 0, 0, 0, 0, 0, 0, 0, 0, 0, 0, 0, 0, 0, 0, 0, 0, 0, 0, 0, 0, 0, 0, 0, 0, 0, 0, 0, 0, 0, 0, 0, 0, 0, 0, 0, 0, 0, 0, 0, 0, 0, 0, 0, 0, 0, 0, 0, 0, 0, 0, 0, 0, 0, 0, 0, 0, 0, 0, 0, 0, 0, 0, 0, 0, 0, 0, 0, 0, 0, 0, 0, 0, 0, 0, 0, 0, 0, 0, 0, 0, 0, 0, 0, 0, 0, 0, 0, 0, 0, 0, 0, 0, 0, 0, 0, 0, 0, 0, 0, 0, 0, 0, 0, 0, 0, 0, 0, 0, 0, 0, 0, 0, 0, 0, 0, 0, 0, 0, 0, 0, 0, 0, 0, 0, 19, 17, 17, 17, 17, 17, 17, 17, 17, 17, 17, 16, 19, 17, 22, 19, 17, 17, 19, 19, 19, 17, 0, 0, 0, 0, 0, 0, 0, 0, 0, 0, 0, 0, 0, 0, 0, 0, 0, 0, 0, 0, 0, 0, 0, 0, 0, 0, 0, 0, 0, 0, 0, 0, 0, 0, 0, 0
"2024-10-21", 449, 433, 423, 421, 429, 456, 506, 533, 527, 507, 488, 475, 475, 485, 500, 524, 560, 597, 629, 637, 614, 581, 537, 494, 2875, 2816, 2790, 2800, 2861, 3032, 3321, 3513, 3549, 3568, 3593, 3602, 3626, 3643, 3640, 3624, 3631, 3638, 3650, 3719, 3659, 3513, 3325, 3146, 4249, 4179, 4147, 4166, 4281, 4526, 4970, 5232, 5293, 5306, 5321, 5329, 5336, 5345, 5328, 5333, 5376, 5442, 5524, 5625, 5503, 5253, 4931, 4662, 2931, 2861, 2831, 2840, 2908, 3087, 3403, 3647, 3716, 3759, 3813, 3837, 3855, 3879, 3853, 3817, 3803, 3790, 3813, 3890, 3818, 3660, 3451, 3261, 2550, 2448, 2392, 2379, 2445, 2635, 2959, 3135, 3161, 3145, 3138, 3148, 3165, 3193, 3227, 3276, 3357, 3444, 3526, 3567, 3454, 3265, 3008, 2764, 8393, 8095, 7908, 7805, 7820, 8052, 8688, 9667, 10240, 10444, 10579, 10731, 10828, 10906, 11008, 10989, 10937, 10908, 10934, 11078, 11017, 10712, 10243, 9641, 1507, 1470, 1453, 1453, 1489, 1599, 1784, 1919, 1954, 1983, 2013, 2026, 2046, 2054, 2051, 2028, 2028, 2038, 2035, 2059, 2020, 1923, 1803, 1695, 2241, 2165, 2125, 2119, 2163, 2314, 2563, 2746, 2793, 2833, 2892, 2925, 2964, 2988, 2993, 2989, 2993, 3002, 2989, 3023, 2972, 2836, 2653, 2479, 9467, 9162, 9019, 9015, 9213, 9785, 10718, 11276, 11341, 11328, 11385, 11474, 11597, 11725, 11823, 11923, 12092, 12304, 12490, 12564, 12198, 11584, 10835, 10128, 728, 701, 690, 690, 709, 769, 870, 918, 923, 921, 919, 921, 926, 932, 941, 955, 980, 1012, 1043, 1048, 1008, 946, 872, 802, 1177, 1147, 1128, 1126, 1146, 1204, 1304, 1378, 1416, 1448, 1470, 1486, 1501, 1513, 1512, 1505, 1506, 1500, 1499, 1506, 1478, 1418, 1335, 1253, 1096, 1061, 1050, 1043, 1076, 1159, 1306, 1364, 1356, 1352, 1348, 1342, 1342, 1355, 1349, 1366, 1386, 1415, 1439, 1484, 1473, 1394, 1299, 1209, 1786, 1710, 1674, 1664, 1705, 1836, 2064, 2221, 2255, 2229, 2194, 2180, 2182, 2201, 2244, 2313, 2409, 2526, 2645, 2653, 2550, 2395, 2189, 1998, 1297, 1265, 1253, 1258, 1301, 1416, 1588, 1687, 1713, 1730, 1745, 1750, 1751, 1750, 1736, 1728, 1743, 1769, 1806, 1818, 1767, 1677, 1565, 1463, 29, 29, 30, 30, 30, 30, 33, 34, 32, 34, 33, 33, 33, 32, 30, 31, 32, 33, 33, 34, 33, 32, 32, 31, 3229, 3101, 3033, 3018, 3093, 3333, 3709, 3993, 4103, 4155, 4206, 4244, 4271, 4280, 4285, 4279, 4316, 4381, 4454, 4443, 4313, 4090, 3789, 3519, 1203, 1150, 1123, 1118, 1152, 1255, 1407, 1501, 1531, 1532, 1536, 1537, 1539, 1556, 1568, 1593, 1623, 1651, 1651, 1647, 1585, 1505, 1399, 1290, 1691, 1652, 1634, 1640, 1688, 1826, 2071, 2222, 2259, 2277, 2295, 2295, 2286, 2288, 2272, 2255, 2267, 2294, 2334, 2348, 2273, 2154, 2006, 1889, 1535, 1506, 1494, 1499, 1541, 1666, 1864, 1994, 2024, 2043, 2071, 2071, 2055, 2053, 2015, 1982, 1968, 1974, 2000, 2037, 2002, 1912, 1795, 1698, 3760, 3623, 3547, 3524, 3583, 3789, 4174, 4468, 4568, 4575, 4560, 4559, 4572, 4618, 4676, 4765, 4873, 4983, 5117, 5125, 4985, 4758, 4457, 4154, 118, 114, 112, 111, 113, 119, 133, 147, 154, 158, 158, 159, 159, 159, 160, 161, 163, 165, 172, 171, 165, 156, 143, 130, 67875, 65877, 64867, 64770, 66156, 70316, 77586, 82882, 84446, 84955, 85519, 85934, 86402, 86956, 87201, 87382, 88094, 89047, 90121, 91120, 89086, 85075, 79835, 74818, 0, 0, 0, 0, 0, 0, 0, 0, 0, 0, 0, 0, 0, 0, 0, 0, 0, 0, 0, 0, 0, 0, 0, 0, 0, 0, 0, 0, 0, 0, 0, 0, 0, 0, 0, 0, 0, 0, 0, 0, 0, 0, 0, 0, 0, 0, 0, 0, 0, 0, 0, 0, 0, 0, 0, 0, 0, 0, 0, 0, 0, 0, 0, 0, 0, 0, 0, 0, 0, 0, 0, 0, 0, 0, 0, 0, 0, 0, 0, 0, 0, 0, 0, 0, 0, 0, 0, 0, 0, 0, 0, 0, 0, 0, 0, 0, 0, 0, 0, 0, 0, 0, 0, 0, 0, 0, 0, 0, 0, 0, 0, 0, 0, 0, 0, 0, 0, 0, 0, 0, 0, 0, 0, 0, 0, 0, 0, 0, 0, 0, 0, 0, 0, 0, 0, 0, 0, 0, 0, 0, 0, 0, 0, 0, 0, 0, 0, 0, 0, 0, 0, 0, 0, 0, 0, 0, 0, 0, 0, 0, 0, 0, 0, 0, 0, 0, 0, 0, 18, 17, 16, 16, 19, 17, 16, 15, 17, 17, 16, 16, 19, 19, 13, 19, 16, 19, 14, 19, 19, 16, 0, 0, 0, 0, 0, 0, 0, 0, 0, 0, 0, 0, 0, 0, 0, 0, 0, 0, 0, 0, 0, 0, 0, 0, 0, 0, 0, 0, 0, 0, 0, 0, 0, 0, 0, 0
"2024-10-22", 458, 442, 431, 427, 433, 459, 511, 535, 527, 504, 484, 477, 476, 484, 498, 526, 561, 595, 627, 633, 611, 578, 534, 491, 3036, 2962, 2921, 2913, 2969, 3132, 3419, 3597, 3616, 3613, 3627, 3634, 3653, 3676, 3672, 3664, 3669, 3669, 3686, 3752, 3702, 3559, 3363, 3178, 4469, 4348, 4295, 4307, 4398, 4649, 5096, 5340, 5356, 5332, 5333, 5342, 5346, 5353, 5345, 5346, 5404, 5463, 5540, 5663, 5545, 5304, 4989, 4705, 3139, 3052, 3000, 2987, 3038, 3208, 3519, 3739, 3790, 3831, 3874, 3887, 3915, 3948, 3925, 3893, 3873, 3854, 3873, 3943, 3874, 3713, 3497, 3296, 2596, 2484, 2427, 2412, 2474, 2667, 3007, 3177, 3185, 3153, 3139, 3138, 3163, 3194, 3225, 3273, 3349, 3429, 3513, 3562, 3458, 3278, 3026, 2783, 9146, 8724, 8456, 8276, 8232, 8407, 8990, 9959, 10493, 10683, 10804, 10933, 11032, 11106, 11190, 11174, 11137, 11115, 11128, 11228, 11157, 10847, 10377, 9756, 1633, 1579, 1544, 1534, 1564, 1665, 1848, 1976, 1996, 2016, 2041, 2051, 2073, 2087, 2083, 2065, 2065, 2073, 2064, 2087, 2053, 1957, 1835, 1726, 2378, 2288, 2235, 2217, 2255, 2395, 2644, 2812, 2839, 2871, 2917, 2946, 2982, 3016, 3029, 3039, 3054, 3064, 3044, 3076, 3035, 2904, 2716, 2538, 9705, 9406, 9258, 9233, 9422, 10013, 11003, 11572, 11577, 11490, 11497, 11566, 11672, 11794, 11895, 12011, 12178, 12374, 12545, 12649, 12298, 11696, 10944, 10248, 758, 730, 715, 713, 729, 786, 889, 933, 930, 922, 917, 919, 925, 934, 943, 957, 981, 1012, 1041, 1047, 1009, 949, 876, 808, 1203, 1165, 1147, 1141, 1162, 1221, 1319, 1404, 1437, 1464, 1487, 1505, 1523, 1536, 1537, 1536, 1537, 1529, 1524, 1533, 1501, 1440, 1359, 1278, 1154, 1114, 1109, 1101, 1131, 1208, 1350, 1399, 1381, 1362, 1352, 1348, 1358, 1360, 1360, 1373, 1410, 1443, 1463, 1505, 1506, 1424, 1319, 1221, 1855, 1776, 1731, 1718, 1756, 1883, 2127, 2276, 2293, 2250, 2207, 2188, 2198, 2228, 2278, 2357, 2459, 2574, 2691, 2698, 2603, 2440, 2225, 2030, 1397, 1356, 1335, 1334, 1373, 1482, 1652, 1741, 1755, 1751, 1756, 1759, 1758, 1760, 1746, 1745, 1761, 1787, 1821, 1841, 1791, 1703, 1586, 1481, 31, 31, 30, 30, 30, 32, 35, 35, 35, 35, 35, 35, 35, 34, 34, 33, 33, 34, 34, 33, 34, 34, 32, 32, 3308, 3168, 3096, 3067, 3139, 3381, 3764, 4043, 4125, 4154, 4202, 4237, 4272, 4300, 4307, 4322, 4362, 4411, 4475, 4468, 4340, 4118, 3816, 3546, 1208, 1154, 1129, 1120, 1151, 1261, 1426, 1531, 1553, 1551, 1545, 1547, 1559, 1569, 1587, 1609, 1640, 1660, 1653, 1649, 1593, 1510, 1404, 1301, 1793, 1741, 1711, 1708, 1754, 1890, 2139, 2278, 2298, 2292, 2293, 2290, 2280, 2288, 2271, 2259, 2272, 2296, 2333, 2352, 2284, 2166, 2017, 1896, 1632, 1588, 1570, 1571, 1611, 1726, 1930, 2040, 2060, 2069, 2086, 2078, 2069, 2067, 2025, 1991, 1978, 1981, 2008, 2048, 2012, 1926, 1807, 1707, 3917, 3755, 3660, 3620, 3665, 3859, 4253, 4533, 4595, 4586, 4550, 4552, 4575, 4630, 4697, 4798, 4932, 5035, 5156, 5171, 5031, 4806, 4497, 4192, 121, 115, 113, 112, 114, 121, 135, 149, 155, 158, 159, 159, 160, 161, 162, 164, 167, 168, 175, 174, 168, 159, 145, 132, 71354, 68932, 67610, 67188, 68364, 72395, 79742, 84817, 85884, 85971, 86247, 86561, 87087, 87725, 87999, 88314, 89098, 89924, 90913, 91926, 90017, 86041, 80724, 75617, 0, 0, 0, 0, 0, 0, 0, 0, 0, 0, 0, 0, 0, 0, 0, 0, 0, 0, 0, 0, 0, 0, 0, 0, 0, 0, 0, 0, 0, 0, 0, 0, 0, 0, 0, 0, 0, 0, 0, 0, 0, 0, 0, 0, 0, 0, 0, 0, 0, 0, 0, 0, 0, 0, 0, 0, 0, 0, 0, 0, 0, 0, 0, 0, 0, 0, 0, 0, 0, 0, 0, 0, 0, 0, 0, 0, 0, 0, 0, 0, 0, 0, 0, 0, 0, 0, 0, 0, 0, 0, 0, 0, 0, 0, 0, 0, 0, 0, 0, 0, 0, 0, 0, 0, 0, 0, 0, 0, 0, 0, 0, 0, 0, 0, 0, 0, 0, 0, 0, 0, 0, 0, 0, 0, 0, 0, 0, 0, 0, 0, 0, 0, 0, 0, 0, 0, 0, 0, 0, 0, 0, 0, 0, 0, 0, 0, 0, 0, 0, 0, 0, 0, 0, 0, 0, 0, 0, 0, 0, 0, 0, 0, 0, 0, 0, 0, 0, 0, 17, 15, 17, 15, 17, 16, 16, 16, 17, 16, 16, 16, 16, 17, 18, 16, 16, 17, 14, 16, 16, 17, 0, 0, 0, 0, 0, 0, 0, 0, 0, 0, 0, 0, 0, 0, 0, 0, 0, 0, 0, 0, 0, 0, 0, 0, 0, 0, 0, 0, 0, 0, 0, 0, 0, 0, 0, 0
"2024-10-23", 461, 442, 431, 428, 434, 460, 513, 535, 523, 498, 479, 470, 471, 480, 500, 528, 563, 601, 629, 634, 613, 578, 530, 490, 3042, 2963, 2916, 2908, 2959, 3119, 3392, 3566, 3585, 3588, 3612, 3624, 3647, 3679, 3680, 3672, 3688, 3691, 3696, 3750, 3693, 3558, 3368, 3182, 4473, 4367, 4295, 4306, 4386, 4638, 5067, 5293, 5301, 5302, 5302, 5310, 5326, 5349, 5351, 5361, 5426, 5477, 5544, 5630, 5513, 5271, 4943, 4655, 3145, 3050, 2990, 2963, 3012, 3167, 3465, 3675, 3731, 3774, 3826, 3851, 3870, 3909, 3883, 3851, 3832, 3800, 3818, 3893, 3832, 3686, 3472, 3278, 2604, 2496, 2439, 2423, 2482, 2676, 3014, 3177, 3186, 3158, 3150, 3156, 3173, 3198, 3227, 3285, 3373, 3441, 3514, 3554, 3445, 3262, 3011, 2769, 9164, 8741, 8465, 8282, 8230, 8409, 8986, 9931, 10463, 10628, 10725, 10829, 10883, 10916, 10982, 10959, 10901, 10880, 10912, 11053, 10991, 10701, 10241, 9636, 1637, 1578, 1541, 1527, 1553, 1653, 1832, 1962, 1981, 2003, 2033, 2048, 2072, 2089, 2086, 2067, 2068, 2071, 2064, 2083, 2044, 1953, 1834, 1724, 2400, 2303, 2242, 2221, 2255, 2390, 2632, 2806, 2836, 2872, 2926, 2962, 3002, 3040, 3058, 3071, 3082, 3082, 3064, 3088, 3038, 2905, 2718, 2540, 9823, 9509, 9345, 9316, 9518, 10103, 11090, 11635, 11635, 11550, 11584, 11664, 11764, 11897, 12018, 12168, 12363, 12550, 12703, 12759, 12391, 11802, 11050, 10344, 760, 732, 718, 715, 731, 789, 889, 931, 928, 920, 918, 920, 926, 937, 947, 963, 988, 1016, 1043, 1047, 1007, 947, 872, 803, 1217, 1182, 1159, 1149, 1167, 1225, 1325, 1402, 1439, 1468, 1495, 1514, 1534, 1546, 1547, 1549, 1549, 1537, 1533, 1533, 1504, 1441, 1361, 1282, 1134, 1106, 1085, 1070, 1071, 1130, 1262, 1311, 1296, 1283, 1280, 1266, 1282, 1306, 1324, 1356, 1387, 1422, 1436, 1457, 1455, 1402, 1299, 1200, 1887, 1801, 1756, 1737, 1771, 1899, 2135, 2276, 2284, 2246, 2205, 2198, 2214, 2259, 2319, 2401, 2510, 2612, 2711, 2704, 2595, 2432, 2215, 2021, 1413, 1367, 1345, 1342, 1378, 1488, 1657, 1739, 1749, 1751, 1762, 1766, 1766, 1770, 1757, 1756, 1766, 1787, 1816, 1831, 1782, 1693, 1577, 1475, 30, 30, 29, 29, 29, 32, 34, 34, 34, 33, 33, 34, 33, 33, 32, 33, 34, 35, 35, 35, 34, 34, 34, 32, 3329, 3194, 3113, 3085, 3152, 3394, 3768, 4039, 4126, 4162, 4221, 4273, 4311, 4344, 4357, 4377, 4406, 4443, 4490, 4476, 4334, 4110, 3809, 3527, 1215, 1161, 1133, 1127, 1161, 1265, 1432, 1537, 1558, 1554, 1550, 1553, 1560, 1570, 1583, 1610, 1645, 1666, 1654, 1647, 1587, 1506, 1400, 1296, 1798, 1745, 1718, 1712, 1756, 1892, 2134, 2267, 2287, 2285, 2293, 2292, 2287, 2294, 2281, 2268, 2281, 2296, 2327, 2338, 2268, 2155, 2004, 1885, 1629, 1583, 1562, 1562, 1596, 1711, 1912, 2022, 2038, 2044, 2063, 2066, 2055, 2054, 2016, 1983, 1973, 1972, 1999, 2032, 1997, 1911, 1793, 1688, 3962, 3800, 3706, 3663, 3701, 3893, 4278, 4545, 4595, 4586, 4566, 4573, 4603, 4671, 4770, 4886, 5010, 5101, 5197, 5193, 5032, 4803, 4492, 4179, 123, 117, 114, 113, 115, 121, 135, 148, 155, 158, 159, 160, 162, 163, 165, 167, 169, 169, 175, 174, 168, 158, 144, 131, 71702, 69237, 67795, 67303, 68381, 72333, 79504, 84413, 85452, 85604, 86032, 86433, 86946, 87676, 88064, 88486, 89327, 90037, 90854, 91652, 89644, 85787, 80494, 75384, 0, 0, 0, 0, 0, 0, 0, 0, 0, 0, 0, 0, 0, 0, 0, 0, 0, 0, 0, 0, 0, 0, 0, 0, 0, 0, 0, 0, 0, 0, 0, 0, 0, 0, 0, 0, 0, 0, 0, 0, 0, 0, 0, 0, 0, 0, 0, 0, 0, 0, 0, 0, 0, 0, 0, 0, 0, 0, 0, 0, 0, 0, 0, 0, 0, 0, 0, 0, 0, 0, 0, 0, 0, 0, 0, 0, 0, 0, 0, 0, 0, 0, 0, 0, 0, 0, 0, 0, 0, 0, 0, 0, 0, 0, 0, 0, 0, 0, 0, 0, 0, 0, 0, 0, 0, 0, 0, 0, 0, 0, 0, 0, 0, 0, 0, 0, 0, 0, 0, 0, 0, 0, 0, 0, 0, 0, 0, 0, 0, 0, 0, 0, 0, 0, 0, 0, 0, 0, 0, 0, 0, 0, 0, 0, 0, 0, 0, 0, 0, 0, 0, 0, 0, 0, 0, 0, 0, 0, 0, 0, 0, 0, 0, 0, 0, 0, 0, 0, 17, 17, 16, 14, 16, 20, 16, 16, 16, 16, 16, 16, 16, 16, 16, 16, 16, 16, 13, 16, 14, 16, 0, 0, 0, 0, 0, 0, 0, 0, 0, 0, 0, 0, 0, 0, 0, 0, 0, 0, 0, 0, 0, 0, 0, 0, 0, 0, 0, 0, 0, 0, 0, 0, 0, 0, 0, 0
"2024-10-24", 458, 440, 429, 424, 430, 456, 508, 530, 516, 488, 465, 453, 450, 460, 481, 513, 553, 591, 622, 627, 608, 576, 533, 491, 3046, 2964, 2919, 2909, 2963, 3120, 3396, 3575, 3596, 3598, 3611, 3611, 3626, 3643, 3630, 3612, 3617, 3609, 3618, 3686, 3641, 3512, 3333, 3158, 4453, 4328, 4270, 4264, 4344, 4605, 5031, 5261, 5286, 5269, 5279, 5278, 5275, 5286, 5271, 5276, 5313, 5354, 5423, 5529, 5429, 5206, 4899, 4618, 3136, 3045, 2999, 2979, 3034, 3195, 3487, 3712, 3767, 3804, 3845, 3850, 3863, 3887, 3848, 3803, 3773, 3743, 3758, 3830, 3770, 3632, 3436, 3250, 2590, 2481, 2423, 2406, 2463, 2652, 2978, 3151, 3156, 3122, 3110, 3109, 3126, 3154, 3192, 3247, 3328, 3400, 3474, 3512, 3416, 3248, 3007, 2775, 9050, 8642, 8373, 8200, 8146, 8319, 8887, 9818, 10344, 10500, 10581, 10670, 10703, 10703, 10766, 10727, 10676, 10665, 10689, 10848, 10797, 10524, 10095, 9513, 1642, 1583, 1547, 1533, 1560, 1657, 1836, 1965, 1985, 2004, 2024, 2025, 2043, 2056, 2047, 2023, 2018, 2015, 2007, 2027, 1998, 1914, 1800, 1695, 2400, 2306, 2248, 2226, 2253, 2393, 2636, 2815, 2855, 2884, 2932, 2956, 2988, 3017, 3021, 3024, 3025, 3017, 2985, 3012, 2971, 2847, 2672, 2501, 9833, 9520, 9362, 9318, 9505, 10078, 11041, 11573, 11580, 11497, 11519, 11606, 11735, 11871, 11985, 12127, 12303, 12494, 12636, 12698, 12367, 11792, 11072, 10363, 754, 725, 711, 708, 723, 779, 879, 922, 919, 909, 905, 907, 912, 923, 937, 954, 978, 1006, 1033, 1040, 1005, 948, 877, 810, 1217, 1181, 1161, 1154, 1173, 1232, 1330, 1406, 1441, 1472, 1497, 1511, 1523, 1534, 1535, 1525, 1522, 1507, 1499, 1508, 1477, 1419, 1338, 1262, 1135, 1093, 1075, 1076, 1106, 1170, 1307, 1359, 1343, 1324, 1313, 1304, 1314, 1337, 1340, 1358, 1394, 1414, 1422, 1467, 1465, 1404, 1304, 1202, 1874, 1781, 1737, 1718, 1752, 1874, 2111, 2254, 2256, 2199, 2150, 2131, 2140, 2180, 2240, 2325, 2442, 2557, 2654, 2663, 2572, 2424, 2222, 2031, 1402, 1360, 1337, 1335, 1371, 1477, 1644, 1730, 1741, 1740, 1741, 1743, 1743, 1746, 1730, 1724, 1739, 1757, 1788, 1808, 1765, 1680, 1568, 1466, 30, 29, 29, 29, 29, 32, 34, 35, 35, 33, 33, 33, 33, 33, 33, 32, 33, 34, 35, 34, 34, 33, 32, 31, 3308, 3166, 3091, 3058, 3122, 3362, 3728, 3999, 4085, 4125, 4179, 4216, 4249, 4283, 4286, 4304, 4330, 4367, 4420, 4406, 4285, 4080, 3797, 3520, 1208, 1155, 1126, 1119, 1148, 1251, 1414, 1515, 1540, 1533, 1528, 1529, 1538, 1548, 1567, 1594, 1630, 1651, 1638, 1629, 1572, 1498, 1396, 1296, 1792, 1737, 1707, 1706, 1748, 1882, 2126, 2261, 2286, 2282, 2286, 2280, 2272, 2279, 2261, 2249, 2261, 2278, 2311, 2329, 2264, 2154, 2011, 1892, 1619, 1575, 1559, 1556, 1593, 1713, 1908, 2022, 2038, 2046, 2060, 2056, 2039, 2036, 1999, 1960, 1951, 1944, 1973, 2007, 1974, 1899, 1779, 1677, 3937, 3768, 3667, 3625, 3662, 3847, 4229, 4501, 4553, 4523, 4491, 4472, 4491, 4568, 4648, 4759, 4901, 5004, 5110, 5116, 4977, 4769, 4473, 4180, 121, 115, 112, 111, 113, 120, 133, 147, 153, 156, 157, 157, 157, 159, 161, 162, 165, 166, 171, 171, 166, 157, 144, 131, 71443, 68939, 67561, 67066, 68162, 72087, 79189, 84156, 85235, 85268, 85516, 85697, 86085, 86678, 86908, 87190, 87937, 88605, 89415, 90394, 88631, 85000, 79985, 75022, 0, 0, 0, 0, 0, 0, 0, 0, 0, 0, 0, 0, 0, 0, 0, 0, 0, 0, 0, 0, 0, 0, 0, 0, 0, 0, 0, 0, 0, 0, 0, 0, 0, 0, 0, 0, 0, 0, 0, 0, 0, 0, 0, 0, 0, 0, 0, 0, 0, 0, 0, 0, 0, 0, 0, 0, 0, 0, 0, 0, 0, 0, 0, 0, 0, 0, 0, 0, 0, 0, 0, 0, 0, 0, 0, 0, 0, 0, 0, 0, 0, 0, 0, 0, 0, 0, 0, 0, 0, 0, 0, 0, 0, 0, 0, 0, 0, 0, 0, 0, 0, 0, 0, 0, 0, 0, 0, 0, 0, 0, 0, 0, 0, 0, 0, 0, 0, 0, 0, 0, 0, 0, 0, 0, 0, 0, 0, 0, 0, 0, 0, 0, 0, 0, 0, 0, 0, 0, 0, 0, 0, 0, 0, 0, 0, 0, 0, 0, 0, 0, 0, 0, 0, 0, 0, 0, 0, 0, 0, 0, 0, 0, 0, 0, 0, 0, 0, 0, 18, 15, 16, 14, 16, 17, 14, 15, 16, 16, 15, 16, 18, 13, 8, 15, 16, 13, 7, 15, 11, 16, 0, 0, 0, 0, 0, 0, 0, 0, 0, 0, 0, 0, 0, 0, 0, 0, 0, 0, 0, 0, 0, 0, 0, 0, 0, 0, 0, 0, 0, 0, 0, 0, 0, 0, 0, 0
"2024-10-25", 462, 442, 431, 427, 432, 456, 505, 528, 516, 491, 469, 454, 452, 461, 477, 504, 539, 571, 599, 603, 586, 562, 527, 491, 2999, 2922, 2884, 2880, 2929, 3078, 3335, 3513, 3545, 3553, 3557, 3543, 3544, 3550, 3533, 3512, 3508, 3492, 3472, 3501, 3446, 3342, 3199, 3039, 4412, 4294, 4243, 4247, 4333, 4566, 4977, 5218, 5258, 5236, 5216, 5189, 5169, 5163, 5125, 5107, 5131, 5138, 5181, 5229, 5124, 4962, 4719, 4469, 3109, 3022, 2971, 2953, 3012, 3157, 3428, 3646, 3714, 3748, 3786, 3789, 3782, 3793, 3751, 3698, 3666, 3630, 3617, 3662, 3591, 3479, 3318, 3126, 2599, 2489, 2429, 2412, 2466, 2641, 2951, 3121, 3142, 3115, 3099, 3097, 3106, 3121, 3140, 3177, 3234, 3276, 3314, 3322, 3220, 3090, 2916, 2729, 8955, 8548, 8283, 8117, 8071, 8239, 8787, 9691, 10220, 10412, 10504, 10617, 10668, 10698, 10761, 10709, 10617, 10586, 10590, 10728, 10616, 10348, 10002, 9483, 1610, 1553, 1517, 1504, 1529, 1624, 1789, 1916, 1943, 1961, 1975, 1974, 1979, 1988, 1979, 1950, 1943, 1932, 1907, 1902, 1862, 1791, 1694, 1582, 2362, 2270, 2215, 2190, 2222, 2347, 2576, 2751, 2797, 2828, 2862, 2873, 2906, 2935, 2946, 2944, 2939, 2916, 2865, 2864, 2807, 2710, 2579, 2431, 9747, 9434, 9267, 9223, 9411, 9959, 10879, 11427, 11457, 11374, 11384, 11415, 11469, 11543, 11612, 11689, 11803, 11933, 11974, 11938, 11613, 11189, 10666, 10101, 758, 729, 714, 710, 724, 777, 869, 916, 919, 911, 906, 903, 903, 909, 916, 926, 946, 965, 982, 982, 951, 909, 856, 799, 1204, 1169, 1146, 1139, 1159, 1216, 1309, 1386, 1423, 1450, 1472, 1484, 1486, 1493, 1484, 1474, 1467, 1454, 1443, 1444, 1415, 1366, 1307, 1244, 1117, 1085, 1077, 1073, 1088, 1156, 1290, 1342, 1333, 1314, 1303, 1296, 1304, 1314, 1320, 1337, 1359, 1370, 1360, 1370, 1363, 1319, 1252, 1175, 1880, 1794, 1748, 1730, 1760, 1883, 2114, 2262, 2268, 2220, 2177, 2137, 2128, 2165, 2210, 2283, 2380, 2481, 2564, 2550, 2466, 2349, 2190, 2028, 1397, 1353, 1331, 1326, 1359, 1459, 1617, 1704, 1722, 1718, 1719, 1711, 1704, 1695, 1674, 1659, 1663, 1671, 1690, 1690, 1648, 1581, 1491, 1391, 30, 29, 29, 29, 29, 29, 33, 32, 32, 32, 31, 31, 30, 31, 30, 30, 31, 31, 31, 30, 31, 29, 29, 29, 3313, 3171, 3087, 3060, 3124, 3349, 3688, 3946, 4052, 4090, 4132, 4161, 4180, 4189, 4176, 4180, 4189, 4194, 4211, 4171, 4053, 3881, 3657, 3419, 1212, 1158, 1128, 1120, 1150, 1245, 1401, 1497, 1525, 1521, 1513, 1511, 1521, 1524, 1530, 1549, 1573, 1588, 1568, 1549, 1486, 1426, 1347, 1271, 1798, 1743, 1713, 1711, 1751, 1880, 2113, 2250, 2279, 2272, 2265, 2252, 2233, 2224, 2199, 2176, 2179, 2187, 2202, 2199, 2139, 2054, 1937, 1820, 1611, 1567, 1546, 1546, 1580, 1692, 1877, 1991, 2014, 2019, 2028, 2012, 1991, 1976, 1928, 1884, 1864, 1853, 1867, 1887, 1851, 1778, 1686, 1588, 3924, 3768, 3671, 3629, 3665, 3846, 4215, 4478, 4536, 4514, 4479, 4444, 4425, 4497, 4553, 4629, 4741, 4839, 4934, 4928, 4795, 4619, 4386, 4127, 122, 117, 114, 113, 115, 120, 134, 147, 153, 156, 155, 155, 155, 156, 156, 157, 159, 160, 165, 164, 158, 152, 142, 131, 70904, 68469, 67103, 66654, 67716, 71418, 78149, 83077, 84377, 84481, 84587, 84533, 84608, 84935, 84918, 84908, 85302, 85622, 85851, 86144, 84246, 81330, 77424, 73042, 0, 0, 0, 0, 0, 0, 0, 0, 0, 0, 0, 0, 0, 0, 0, 0, 0, 0, 0, 0, 0, 0, 0, 0, 0, 0, 0, 0, 0, 0, 0, 0, 0, 0, 0, 0, 0, 0, 0, 0, 0, 0, 0, 0, 0, 0, 0, 0, 0, 0, 0, 0, 0, 0, 0, 0, 0, 0, 0, 0, 0, 0, 0, 0, 0, 0, 0, 0, 0, 0, 0, 0, 0, 0, 0, 0, 0, 0, 0, 0, 0, 0, 0, 0, 0, 0, 0, 0, 0, 0, 0, 0, 0, 0, 0, 0, 0, 0, 0, 0, 0, 0, 0, 0, 0, 0, 0, 0, 0, 0, 0, 0, 0, 0, 0, 0, 0, 0, 0, 0, 0, 0, 0, 0, 0, 0, 0, 0, 0, 0, 0, 0, 0, 0, 0, 0, 0, 0, 0, 0, 0, 0, 0, 0, 0, 0, 0, 0, 0, 0, 0, 0, 0, 0, 0, 0, 0, 0, 0, 0, 0, 0, 0, 0, 0, 0, 0, 0, 18, 17, 15, 13, 16, 17, 17, 16, 16, 16, 14, 17, 16, 15, 6, 15, 16, 8, 8, 15, 15, 17, 0, 0, 0, 0, 0, 0, 0, 0, 0, 0, 0, 0, 0, 0, 0, 0, 0, 0, 0, 0, 0, 0, 0, 0, 0, 0, 0, 0, 0, 0, 0, 0, 0, 0, 0, 0
"2024-10-26", 464, 445, 433, 425, 426, 436, 457, 473, 478, 466, 448, 435, 431, 436, 450, 477, 513, 548, 577, 583, 568, 548, 520, 488, 2905, 2821, 2774, 2756, 2771, 2828, 2923, 3039, 3129, 3197, 3223, 3222, 3219, 3213, 3212, 3214, 3235, 3250, 3258, 3311, 3266, 3171, 3054, 2919, 4263, 4142, 4075, 4056, 4088, 4185, 4350, 4539, 4706, 4795, 4810, 4783, 4748, 4718, 4698, 4708, 4752, 4809, 4870, 4946, 4862, 4714, 4514, 4298, 2980, 2889, 2832, 2805, 2809, 2867, 2976, 3104, 3202, 3286, 3330, 3338, 3336, 3324, 3303, 3299, 3311, 3316, 3338, 3411, 3368, 3272, 3139, 2989, 2566, 2456, 2389, 2354, 2360, 2425, 2548, 2668, 2789, 2860, 2881, 2885, 2881, 2885, 2889, 2918, 2975, 3042, 3124, 3167, 3100, 2995, 2847, 2686, 8954, 8542, 8269, 8078, 7990, 8026, 8255, 8643, 8880, 9118, 9292, 9413, 9484, 9498, 9442, 9413, 9417, 9449, 9546, 9794, 9781, 9603, 9339, 8955, 1492, 1432, 1395, 1378, 1381, 1415, 1482, 1562, 1625, 1676, 1702, 1710, 1710, 1709, 1703, 1701, 1710, 1719, 1718, 1736, 1709, 1652, 1575, 1490, 2300, 2210, 2151, 2118, 2113, 2156, 2248, 2357, 2446, 2534, 2598, 2630, 2648, 2650, 2653, 2662, 2683, 2691, 2678, 2708, 2675, 2599, 2489, 2365, 9616, 9298, 9112, 9034, 9065, 9253, 9620, 10048, 10403, 10577, 10677, 10720, 10764, 10773, 10815, 10886, 11038, 11229, 11426, 11501, 11241, 10879, 10416, 9917, 751, 720, 703, 695, 699, 719, 756, 797, 833, 848, 848, 842, 839, 838, 845, 858, 881, 905, 931, 934, 907, 870, 823, 773, 1189, 1154, 1132, 1120, 1123, 1142, 1179, 1219, 1259, 1298, 1323, 1334, 1342, 1342, 1341, 1337, 1349, 1356, 1363, 1381, 1363, 1324, 1273, 1216, 1106, 1070, 1048, 1036, 1052, 1082, 1131, 1184, 1242, 1282, 1285, 1286, 1280, 1289, 1291, 1292, 1322, 1323, 1311, 1346, 1324, 1282, 1231, 1157, 1883, 1792, 1740, 1713, 1713, 1759, 1854, 1943, 2005, 2004, 1976, 1950, 1945, 1945, 1981, 2050, 2150, 2250, 2353, 2362, 2304, 2214, 2085, 1945, 1315, 1266, 1241, 1232, 1239, 1279, 1342, 1412, 1477, 1508, 1513, 1502, 1486, 1468, 1453, 1453, 1471, 1490, 1517, 1523, 1487, 1433, 1363, 1287, 28, 28, 29, 28, 29, 28, 30, 31, 29, 29, 27, 28, 27, 26, 26, 26, 28, 28, 26, 27, 28, 29, 29, 29, 3241, 3107, 3018, 2980, 2988, 3063, 3210, 3371, 3555, 3690, 3774, 3808, 3812, 3802, 3790, 3792, 3807, 3838, 3919, 3927, 3836, 3697, 3539, 3354, 1204, 1149, 1114, 1097, 1095, 1115, 1167, 1231, 1297, 1336, 1348, 1354, 1353, 1348, 1354, 1366, 1384, 1410, 1443, 1460, 1433, 1394, 1329, 1261, 1718, 1663, 1630, 1618, 1634, 1688, 1780, 1876, 1969, 2013, 2026, 2014, 1994, 1972, 1957, 1954, 1974, 2001, 2036, 2047, 2000, 1925, 1834, 1737, 1517, 1472, 1449, 1445, 1455, 1501, 1571, 1646, 1711, 1756, 1774, 1762, 1739, 1714, 1691, 1685, 1694, 1703, 1728, 1755, 1725, 1669, 1593, 1516, 3894, 3729, 3622, 3562, 3550, 3611, 3747, 3839, 3917, 3949, 3941, 3929, 3920, 3938, 3981, 4073, 4214, 4353, 4522, 4563, 4474, 4347, 4163, 3960, 122, 116, 113, 111, 111, 113, 118, 124, 130, 133, 134, 134, 133, 133, 134, 135, 138, 143, 150, 151, 148, 143, 136, 127, 69277, 66768, 65243, 64491, 64610, 65944, 68589, 71641, 74187, 75832, 76540, 76667, 76646, 76522, 76495, 76833, 77747, 78711, 79858, 80929, 79601, 77212, 74030, 70410, 0, 0, 0, 0, 0, 0, 0, 0, 0, 0, 0, 0, 0, 0, 0, 0, 0, 0, 0, 0, 0, 0, 0, 0, 0, 0, 0, 0, 0, 0, 0, 0, 0, 0, 0, 0, 0, 0, 0, 0, 0, 0, 0, 0, 0, 0, 0, 0, 0, 0, 0, 0, 0, 0, 0, 0, 0, 0, 0, 0, 0, 0, 0, 0, 0, 0, 0, 0, 0, 0, 0, 0, 0, 0, 0, 0, 0, 0, 0, 0, 0, 0, 0, 0, 0, 0, 0, 0, 0, 0, 0, 0, 0, 0, 0, 0, 0, 0, 0, 0, 0, 0, 0, 0, 0, 0, 0, 0, 0, 0, 0, 0, 0, 0, 0, 0, 0, 0, 0, 0, 0, 0, 0, 0, 0, 0, 0, 0, 0, 0, 0, 0, 0, 0, 0, 0, 0, 0, 0, 0, 0, 0, 0, 0, 0, 0, 0, 0, 0, 0, 0, 0, 0, 0, 0, 0, 0, 0, 0, 0, 0, 0, 0, 0, 0, 0, 0, 0, 17, 16, 15, 16, 16, 17, 16, 16, 17, 16, 16, 17, 17, 16, 9, 16, 19, 11, 11, 19, 19, 17, 0, 0, 0, 0, 0, 0, 0, 0, 0, 0, 0, 0, 0, 0, 0, 0, 0, 0, 0, 0, 0, 0, 0, 0, 0, 0, 0, 0, 0, 0, 0, 0, 0, 0, 0, 0
"2024-10-27", 456, 438, 425, 419, 418, 425, 440, 452, 459, 456, 446, 441, 446, 451, 462, 485, 522, 560, 589, 596, 579, 550, 513, 478, 2800, 2729, 2688, 2662, 2665, 2700, 2775, 2875, 2976, 3057, 3090, 3118, 3152, 3170, 3181, 3196, 3239, 3280, 3318, 3410, 3374, 3251, 3104, 2968, 4107, 3995, 3931, 3911, 3929, 3985, 4120, 4301, 4494, 4610, 4645, 4659, 4688, 4682, 4694, 4732, 4837, 4947, 5060, 5175, 5080, 4861, 4610, 4391, 2863, 2778, 2724, 2698, 2701, 2733, 2808, 2899, 2999, 3094, 3156, 3211, 3250, 3261, 3261, 3272, 3308, 3345, 3396, 3491, 3446, 3323, 3176, 3038, 2536, 2433, 2367, 2333, 2333, 2378, 2471, 2571, 2696, 2795, 2850, 2886, 2907, 2936, 2965, 3018, 3109, 3213, 3325, 3389, 3307, 3148, 2928, 2711, 8560, 8218, 7966, 7791, 7693, 7676, 7768, 7974, 8079, 8261, 8467, 8666, 8813, 8919, 8973, 9015, 9084, 9198, 9385, 9705, 9742, 9546, 9237, 8821, 1418, 1369, 1339, 1322, 1319, 1337, 1381, 1444, 1505, 1567, 1609, 1639, 1666, 1672, 1674, 1681, 1711, 1741, 1756, 1797, 1775, 1703, 1626, 1560, 2247, 2164, 2105, 2070, 2061, 2087, 2143, 2225, 2313, 2420, 2503, 2565, 2623, 2649, 2664, 2676, 2714, 2752, 2759, 2810, 2776, 2658, 2501, 2351, 9469, 9160, 8973, 8882, 8890, 9027, 9322, 9682, 10080, 10346, 10495, 10622, 10785, 10911, 11028, 11157, 11383, 11669, 11927, 12043, 11761, 11230, 10585, 9952, 726, 698, 682, 673, 674, 690, 721, 760, 804, 831, 841, 849, 856, 861, 869, 884, 914, 947, 975, 984, 950, 895, 831, 768, 1167, 1137, 1115, 1101, 1100, 1114, 1141, 1172, 1211, 1254, 1285, 1312, 1334, 1345, 1351, 1359, 1380, 1395, 1403, 1425, 1403, 1357, 1295, 1229, 1093, 1058, 1035, 1026, 1029, 1046, 1085, 1145, 1220, 1269, 1272, 1271, 1278, 1288, 1286, 1307, 1336, 1366, 1377, 1430, 1413, 1346, 1250, 1157, 1812, 1723, 1672, 1643, 1640, 1674, 1743, 1810, 1865, 1885, 1879, 1887, 1916, 1950, 1987, 2059, 2179, 2318, 2438, 2454, 2375, 2247, 2081, 1913, 1220, 1178, 1157, 1146, 1151, 1179, 1231, 1299, 1369, 1416, 1437, 1449, 1455, 1452, 1452, 1468, 1512, 1555, 1598, 1616, 1578, 1506, 1421, 1348, 27, 28, 26, 26, 27, 28, 28, 29, 30, 28, 29, 28, 28, 28, 27, 29, 29, 29, 29, 30, 30, 29, 29, 29, 3175, 3048, 2967, 2924, 2923, 2974, 3081, 3198, 3373, 3533, 3648, 3730, 3783, 3805, 3821, 3853, 3915, 3997, 4103, 4134, 4037, 3853, 3631, 3399, 1200, 1148, 1112, 1094, 1089, 1105, 1148, 1189, 1247, 1294, 1318, 1331, 1346, 1360, 1381, 1404, 1440, 1483, 1526, 1547, 1521, 1459, 1369, 1278, 1643, 1593, 1563, 1552, 1560, 1599, 1674, 1767, 1861, 1918, 1947, 1961, 1967, 1955, 1947, 1957, 2005, 2051, 2103, 2127, 2071, 1969, 1855, 1761, 1454, 1417, 1398, 1389, 1395, 1425, 1485, 1559, 1636, 1684, 1704, 1709, 1713, 1698, 1683, 1684, 1714, 1743, 1786, 1825, 1794, 1718, 1644, 1581, 3761, 3613, 3513, 3453, 3433, 3468, 3556, 3596, 3648, 3687, 3714, 3755, 3825, 3886, 3938, 4037, 4204, 4387, 4591, 4656, 4571, 4415, 4199, 3955, 119, 114, 111, 109, 109, 109, 113, 116, 120, 123, 125, 126, 128, 130, 131, 134, 138, 144, 153, 155, 152, 145, 135, 125, 67083, 64821, 63385, 62591, 62521, 63357, 65290, 67695, 70222, 72235, 73379, 74302, 75220, 75751, 76180, 76936, 78511, 80272, 82067, 83695, 82352, 79083, 75013, 70973, 0, 0, 0, 0, 0, 0, 0, 0, 0, 0, 0, 0, 0, 0, 0, 0, 0, 0, 0, 0, 0, 0, 0, 0, 0, 0, 0, 0, 0, 0, 0, 0, 0, 0, 0, 0, 0, 0, 0, 0, 0, 0, 0, 0, 0, 0, 0, 0, 0, 0, 0, 0, 0, 0, 0, 0, 0, 0, 0, 0, 0, 0, 0, 0, 0, 0, 0, 0, 0, 0, 0, 0, 0, 0, 0, 0, 0, 0, 0, 0, 0, 0, 0, 0, 0, 0, 0, 0, 0, 0, 0, 0, 0, 0, 0, 0, 0, 0, 0, 0, 0, 0, 0, 0, 0, 0, 0, 0, 0, 0, 0, 0, 0, 0, 0, 0, 0, 0, 0, 0, 0, 0, 0, 0, 0, 0, 0, 0, 0, 0, 0, 0, 0, 0, 0, 0, 0, 0, 0, 0, 0, 0, 0, 0, 0, 0, 0, 0, 0, 0, 0, 0, 0, 0, 0, 0, 0, 0, 0, 0, 0, 0, 0, 0, 0, 0, 0, 0, 19, 17, 17, 17, 17, 17, 17, 17, 17, 17, 17, 16, 19, 17, 22, 19, 17, 17, 19, 19, 19, 17, 0, 0, 0, 0, 0, 0, 0, 0, 0, 0, 0, 0, 0, 0, 0, 0, 0, 0, 0, 0, 0, 0, 0, 0, 0, 0, 0, 0, 0, 0, 0, 0, 0, 0, 0, 0
"2024-10-28", 449, 433, 423, 421, 429, 456, 506, 533, 527, 507, 488, 475, 475, 485, 500, 524, 560, 597, 629, 637, 614, 581, 537, 494, 2875, 2816, 2790, 2800, 2861, 3032, 3321, 3513, 3549, 3568, 3593, 3602, 3626, 3643, 3640, 3624, 3631, 3638, 3650, 3719, 3659, 3513, 3325, 3146, 4249, 4179, 4147, 4166, 4281, 4526, 4970, 5232, 5293, 5306, 5321, 5329, 5336, 5345, 5328, 5333, 5376, 5442, 5524, 5625, 5503, 5253, 4931, 4662, 2931, 2861, 2831, 2840, 2908, 3087, 3403, 3647, 3716, 3759, 3813, 3837, 3855, 3879, 3853, 3817, 3803, 3790, 3813, 3890, 3818, 3660, 3451, 3261, 2550, 2448, 2392, 2379, 2445, 2635, 2959, 3135, 3161, 3145, 3138, 3148, 3165, 3193, 3227, 3276, 3357, 3444, 3526, 3567, 3454, 3265, 3008, 2764, 8393, 8095, 7908, 7805, 7820, 8052, 8688, 9667, 10240, 10444, 10579, 10731, 10828, 10906, 11008, 10989, 10937, 10908, 10934, 11078, 11017, 10712, 10243, 9641, 1507, 1470, 1453, 1453, 1489, 1599, 1784, 1919, 1954, 1983, 2013, 2026, 2046, 2054, 2051, 2028, 2028, 2038, 2035, 2059, 2020, 1923, 1803, 1695, 2241, 2165, 2125, 2119, 2163, 2314, 2563, 2746, 2793, 2833, 2892, 2925, 2964, 2988, 2993, 2989, 2993, 3002, 2989, 3023, 2972, 2836, 2653, 2479, 9467, 9162, 9019, 9015, 9213, 9785, 10718, 11276, 11341, 11328, 11385, 11474, 11597, 11725, 11823, 11923, 12092, 12304, 12490, 12564, 12198, 11584, 10835, 10128, 728, 701, 690, 690, 709, 769, 870, 918, 923, 921, 919, 921, 926, 932, 941, 955, 980, 1012, 1043, 1048, 1008, 946, 872, 802, 1177, 1147, 1128, 1126, 1146, 1204, 1304, 1378, 1416, 1448, 1470, 1486, 1501, 1513, 1512, 1505, 1506, 1500, 1499, 1506, 1478, 1418, 1335, 1253, 1096, 1061, 1050, 1043, 1076, 1159, 1306, 1364, 1356, 1352, 1348, 1342, 1342, 1355, 1349, 1366, 1386, 1415, 1439, 1484, 1473, 1394, 1299, 1209, 1786, 1710, 1674, 1664, 1705, 1836, 2064, 2221, 2255, 2229, 2194, 2180, 2182, 2201, 2244, 2313, 2409, 2526, 2645, 2653, 2550, 2395, 2189, 1998, 1297, 1265, 1253, 1258, 1301, 1416, 1588, 1687, 1713, 1730, 1745, 1750, 1751, 1750, 1736, 1728, 1743, 1769, 1806, 1818, 1767, 1677, 1565, 1463, 29, 29, 30, 30, 30, 30, 33, 34, 32, 34, 33, 33, 33, 32, 30, 31, 32, 33, 33, 34, 33, 32, 32, 31, 3229, 3101, 3033, 3018, 3093, 3333, 3709, 3993, 4103, 4155, 4206, 4244, 4271, 4280, 4285, 4279, 4316, 4381, 4454, 4443, 4313, 4090, 3789, 3519, 1203, 1150, 1123, 1118, 1152, 1255, 1407, 1501, 1531, 1532, 1536, 1537, 1539, 1556, 1568, 1593, 1623, 1651, 1651, 1647, 1585, 1505, 1399, 1290, 1691, 1652, 1634, 1640, 1688, 1826, 2071, 2222, 2259, 2277, 2295, 2295, 2286, 2288, 2272, 2255, 2267, 2294, 2334, 2348, 2273, 2154, 2006, 1889, 1535, 1506, 1494, 1499, 1541, 1666, 1864, 1994, 2024, 2043, 2071, 2071, 2055, 2053, 2015, 1982, 1968, 1974, 2000, 2037, 2002, 1912, 1795, 1698, 3760, 3623, 3547, 3524, 3583, 3789, 4174, 4468, 4568, 4575, 4560, 4559, 4572, 4618, 4676, 4765, 4873, 4983, 5117, 5125, 4985, 4758, 4457, 4154, 118, 114, 112, 111, 113, 119, 133, 147, 154, 158, 158, 159, 159, 159, 160, 161, 163, 165, 172, 171, 165, 156, 143, 130, 67875, 65877, 64867, 64770, 66156, 70316, 77586, 82882, 84446, 84955, 85519, 85934, 86402, 86956, 87201, 87382, 88094, 89047, 90121, 91120, 89086, 85075, 79835, 74818, 0, 0, 0, 0, 0, 0, 0, 0, 0, 0, 0, 0, 0, 0, 0, 0, 0, 0, 0, 0, 0, 0, 0, 0, 0, 0, 0, 0, 0, 0, 0, 0, 0, 0, 0, 0, 0, 0, 0, 0, 0, 0, 0, 0, 0, 0, 0, 0, 0, 0, 0, 0, 0, 0, 0, 0, 0, 0, 0, 0, 0, 0, 0, 0, 0, 0, 0, 0, 0, 0, 0, 0, 0, 0, 0, 0, 0, 0, 0, 0, 0, 0, 0, 0, 0, 0, 0, 0, 0, 0, 0, 0, 0, 0, 0, 0, 0, 0, 0, 0, 0, 0, 0, 0, 0, 0, 0, 0, 0, 0, 0, 0, 0, 0, 0, 0, 0, 0, 0, 0, 0, 0, 0, 0, 0, 0, 0, 0, 0, 0, 0, 0, 0, 0, 0, 0, 0, 0, 0, 0, 0, 0, 0, 0, 0, 0, 0, 0, 0, 0, 0, 0, 0, 0, 0, 0, 0, 0, 0, 0, 0, 0, 0, 0, 0, 0, 0, 0, 18, 17, 16, 16, 19, 17, 16, 15, 17, 17, 16, 16, 19, 19, 13, 19, 16, 19, 14, 19, 19, 16, 0, 0, 0, 0, 0, 0, 0, 0, 0, 0, 0, 0, 0, 0, 0, 0, 0, 0, 0, 0, 0, 0, 0, 0, 0, 0, 0, 0, 0, 0, 0, 0, 0, 0, 0, 0
"2024-10-29", 458, 442, 431, 427, 433, 459, 511, 535, 527, 504, 484, 477, 476, 484, 498, 526, 561, 595, 627, 633, 611, 578, 534, 491, 3036, 2962, 2921, 2913, 2969, 3132, 3419, 3597, 3616, 3613, 3627, 3634, 3653, 3676, 3672, 3664, 3669, 3669, 3686, 3752, 3702, 3559, 3363, 3178, 4469, 4348, 4295, 4307, 4398, 4649, 5096, 5340, 5356, 5332, 5333, 5342, 5346, 5353, 5345, 5346, 5404, 5463, 5540, 5663, 5545, 5304, 4989, 4705, 3139, 3052, 3000, 2987, 3038, 3208, 3519, 3739, 3790, 3831, 3874, 3887, 3915, 3948, 3925, 3893, 3873, 3854, 3873, 3943, 3874, 3713, 3497, 3296, 2596, 2484, 2427, 2412, 2474, 2667, 3007, 3177, 3185, 3153, 3139, 3138, 3163, 3194, 3225, 3273, 3349, 3429, 3513, 3562, 3458, 3278, 3026, 2783, 9146, 8724, 8456, 8276, 8232, 8407, 8990, 9959, 10493, 10683, 10804, 10933, 11032, 11106, 11190, 11174, 11137, 11115, 11128, 11228, 11157, 10847, 10377, 9756, 1633, 1579, 1544, 1534, 1564, 1665, 1848, 1976, 1996, 2016, 2041, 2051, 2073, 2087, 2083, 2065, 2065, 2073, 2064, 2087, 2053, 1957, 1835, 1726, 2378, 2288, 2235, 2217, 2255, 2395, 2644, 2812, 2839, 2871, 2917, 2946, 2982, 3016, 3029, 3039, 3054, 3064, 3044, 3076, 3035, 2904, 2716, 2538, 9705, 9406, 9258, 9233, 9422, 10013, 11003, 11572, 11577, 11490, 11497, 11566, 11672, 11794, 11895, 12011, 12178, 12374, 12545, 12649, 12298, 11696, 10944, 10248, 758, 730, 715, 713, 729, 786, 889, 933, 930, 922, 917, 919, 925, 934, 943, 957, 981, 1012, 1041, 1047, 1009, 949, 876, 808, 1203, 1165, 1147, 1141, 1162, 1221, 1319, 1404, 1437, 1464, 1487, 1505, 1523, 1536, 1537, 1536, 1537, 1529, 1524, 1533, 1501, 1440, 1359, 1278, 1154, 1114, 1109, 1101, 1131, 1208, 1350, 1399, 1381, 1362, 1352, 1348, 1358, 1360, 1360, 1373, 1410, 1443, 1463, 1505, 1506, 1424, 1319, 1221, 1855, 1776, 1731, 1718, 1756, 1883, 2127, 2276, 2293, 2250, 2207, 2188, 2198, 2228, 2278, 2357, 2459, 2574, 2691, 2698, 2603, 2440, 2225, 2030, 1397, 1356, 1335, 1334, 1373, 1482, 1652, 1741, 1755, 1751, 1756, 1759, 1758, 1760, 1746, 1745, 1761, 1787, 1821, 1841, 1791, 1703, 1586, 1481, 31, 31, 30, 30, 30, 32, 35, 35, 35, 35, 35, 35, 35, 34, 34, 33, 33, 34, 34, 33, 34, 34, 32, 32, 3308, 3168, 3096, 3067, 3139, 3381, 3764, 4043, 4125, 4154, 4202, 4237, 4272, 4300, 4307, 4322, 4362, 4411, 4475, 4468, 4340, 4118, 3816, 3546, 1208, 1154, 1129, 1120, 1151, 1261, 1426, 1531, 1553, 1551, 1545, 1547, 1559, 1569, 1587, 1609, 1640, 1660, 1653, 1649, 1593, 1510, 1404, 1301, 1793, 1741, 1711, 1708, 1754, 1890, 2139, 2278, 2298, 2292, 2293, 2290, 2280, 2288, 2271, 2259, 2272, 2296, 2333, 2352, 2284, 2166, 2017, 1896, 1632, 1588, 1570, 1571, 1611, 1726, 1930, 2040, 2060, 2069, 2086, 2078, 2069, 2067, 2025, 1991, 1978, 1981, 2008, 2048, 2012, 1926, 1807, 1707, 3917, 3755, 3660, 3620, 3665, 3859, 4253, 4533, 4595, 4586, 4550, 4552, 4575, 4630, 4697, 4798, 4932, 5035, 5156, 5171, 5031, 4806, 4497, 4192, 121, 115, 113, 112, 114, 121, 135, 149, 155, 158, 159, 159, 160, 161, 162, 164, 167, 168, 175, 174, 168, 159, 145, 132, 71354, 68932, 67610, 67188, 68364, 72395, 79742, 84817, 85884, 85971, 86247, 86561, 87087, 87725, 87999, 88314, 89098, 89924, 90913, 91926, 90017, 86041, 80724, 75617, 0, 0, 0, 0, 0, 0, 0, 0, 0, 0, 0, 0, 0, 0, 0, 0, 0, 0, 0, 0, 0, 0, 0, 0, 0, 0, 0, 0, 0, 0, 0, 0, 0, 0, 0, 0, 0, 0, 0, 0, 0, 0, 0, 0, 0, 0, 0, 0, 0, 0, 0, 0, 0, 0, 0, 0, 0, 0, 0, 0, 0, 0, 0, 0, 0, 0, 0, 0, 0, 0, 0, 0, 0, 0, 0, 0, 0, 0, 0, 0, 0, 0, 0, 0, 0, 0, 0, 0, 0, 0, 0, 0, 0, 0, 0, 0, 0, 0, 0, 0, 0, 0, 0, 0, 0, 0, 0, 0, 0, 0, 0, 0, 0, 0, 0, 0, 0, 0, 0, 0, 0, 0, 0, 0, 0, 0, 0, 0, 0, 0, 0, 0, 0, 0, 0, 0, 0, 0, 0, 0, 0, 0, 0, 0, 0, 0, 0, 0, 0, 0, 0, 0, 0, 0, 0, 0, 0, 0, 0, 0, 0, 0, 0, 0, 0, 0, 0, 0, 17, 15, 17, 15, 17, 16, 16, 16, 17, 16, 16, 16, 16, 17, 18, 16, 16, 17, 14, 16, 16, 17, 0, 0, 0, 0, 0, 0, 0, 0, 0, 0, 0, 0, 0, 0, 0, 0, 0, 0, 0, 0, 0, 0, 0, 0, 0, 0, 0, 0, 0, 0, 0, 0, 0, 0, 0, 0
"2024-10-30", 461, 442, 431, 428, 434, 460, 513, 535, 523, 498, 479, 470, 471, 480, 500, 528, 563, 601, 629, 634, 613, 578, 530, 490, 3042, 2963, 2916, 2908, 2959, 3119, 3392, 3566, 3585, 3588, 3612, 3624, 3647, 3679, 3680, 3672, 3688, 3691, 3696, 3750, 3693, 3558, 3368, 3182, 4473, 4367, 4295, 4306, 4386, 4638, 5067, 5293, 5301, 5302, 5302, 5310, 5326, 5349, 5351, 5361, 5426, 5477, 5544, 5630, 5513, 5271, 4943, 4655, 3145, 3050, 2990, 2963, 3012, 3167, 3465, 3675, 3731, 3774, 3826, 3851, 3870, 3909, 3883, 3851, 3832, 3800, 3818, 3893, 3832, 3686, 3472, 3278, 2604, 2496, 2439, 2423, 2482, 2676, 3014, 3177, 3186, 3158, 3150, 3156, 3173, 3198, 3227, 3285, 3373, 3441, 3514, 3554, 3445, 3262, 3011, 2769, 9164, 8741, 8465, 8282, 8230, 8409, 8986, 9931, 10463, 10628, 10725, 10829, 10883, 10916, 10982, 10959, 10901, 10880, 10912, 11053, 10991, 10701, 10241, 9636, 1637, 1578, 1541, 1527, 1553, 1653, 1832, 1962, 1981, 2003, 2033, 2048, 2072, 2089, 2086, 2067, 2068, 2071, 2064, 2083, 2044, 1953, 1834, 1724, 2400, 2303, 2242, 2221, 2255, 2390, 2632, 2806, 2836, 2872, 2926, 2962, 3002, 3040, 3058, 3071, 3082, 3082, 3064, 3088, 3038, 2905, 2718, 2540, 9823, 9509, 9345, 9316, 9518, 10103, 11090, 11635, 11635, 11550, 11584, 11664, 11764, 11897, 12018, 12168, 12363, 12550, 12703, 12759, 12391, 11802, 11050, 10344, 760, 732, 718, 715, 731, 789, 889, 931, 928, 920, 918, 920, 926, 937, 947, 963, 988, 1016, 1043, 1047, 1007, 947, 872, 803, 1217, 1182, 1159, 1149, 1167, 1225, 1325, 1402, 1439, 1468, 1495, 1514, 1534, 1546, 1547, 1549, 1549, 1537, 1533, 1533, 1504, 1441, 1361, 1282, 1134, 1106, 1085, 1070, 1071, 1130, 1262, 1311, 1296, 1283, 1280, 1266, 1282, 1306, 1324, 1356, 1387, 1422, 1436, 1457, 1455, 1402, 1299, 1200, 1887, 1801, 1756, 1737, 1771, 1899, 2135, 2276, 2284, 2246, 2205, 2198, 2214, 2259, 2319, 2401, 2510, 2612, 2711, 2704, 2595, 2432, 2215, 2021, 1413, 1367, 1345, 1342, 1378, 1488, 1657, 1739, 1749, 1751, 1762, 1766, 1766, 1770, 1757, 1756, 1766, 1787, 1816, 1831, 1782, 1693, 1577, 1475, 30, 30, 29, 29, 29, 32, 34, 34, 34, 33, 33, 34, 33, 33, 32, 33, 34, 35, 35, 35, 34, 34, 34, 32, 3329, 3194, 3113, 3085, 3152, 3394, 3768, 4039, 4126, 4162, 4221, 4273, 4311, 4344, 4357, 4377, 4406, 4443, 4490, 4476, 4334, 4110, 3809, 3527, 1215, 1161, 1133, 1127, 1161, 1265, 1432, 1537, 1558, 1554, 1550, 1553, 1560, 1570, 1583, 1610, 1645, 1666, 1654, 1647, 1587, 1506, 1400, 1296, 1798, 1745, 1718, 1712, 1756, 1892, 2134, 2267, 2287, 2285, 2293, 2292, 2287, 2294, 2281, 2268, 2281, 2296, 2327, 2338, 2268, 2155, 2004, 1885, 1629, 1583, 1562, 1562, 1596, 1711, 1912, 2022, 2038, 2044, 2063, 2066, 2055, 2054, 2016, 1983, 1973, 1972, 1999, 2032, 1997, 1911, 1793, 1688, 3962, 3800, 3706, 3663, 3701, 3893, 4278, 4545, 4595, 4586, 4566, 4573, 4603, 4671, 4770, 4886, 5010, 5101, 5197, 5193, 5032, 4803, 4492, 4179, 123, 117, 114, 113, 115, 121, 135, 148, 155, 158, 159, 160, 162, 163, 165, 167, 169, 169, 175, 174, 168, 158, 144, 131, 71702, 69237, 67795, 67303, 68381, 72333, 79504, 84413, 85452, 85604, 86032, 86433, 86946, 87676, 88064, 88486, 89327, 90037, 90854, 91652, 89644, 85787, 80494, 75384, 0, 0, 0, 0, 0, 0, 0, 0, 0, 0, 0, 0, 0, 0, 0, 0, 0, 0, 0, 0, 0, 0, 0, 0, 0, 0, 0, 0, 0, 0, 0, 0, 0, 0, 0, 0, 0, 0, 0, 0, 0, 0, 0, 0, 0, 0, 0, 0, 0, 0, 0, 0, 0, 0, 0, 0, 0, 0, 0, 0, 0, 0, 0, 0, 0, 0, 0, 0, 0, 0, 0, 0, 0, 0, 0, 0, 0, 0, 0, 0, 0, 0, 0, 0, 0, 0, 0, 0, 0, 0, 0, 0, 0, 0, 0, 0, 0, 0, 0, 0, 0, 0, 0, 0, 0, 0, 0, 0, 0, 0, 0, 0, 0, 0, 0, 0, 0, 0, 0, 0, 0, 0, 0, 0, 0, 0, 0, 0, 0, 0, 0, 0, 0, 0, 0, 0, 0, 0, 0, 0, 0, 0, 0, 0, 0, 0, 0, 0, 0, 0, 0, 0, 0, 0, 0, 0, 0, 0, 0, 0, 0, 0, 0, 0, 0, 0, 0, 0, 17, 17, 16, 14, 16, 20, 16, 16, 16, 16, 16, 16, 16, 16, 16, 16, 16, 16, 13, 16, 14, 16, 0, 0, 0, 0, 0, 0, 0, 0, 0, 0, 0, 0, 0, 0, 0, 0, 0, 0, 0, 0, 0, 0, 0, 0, 0, 0, 0, 0, 0, 0, 0, 0, 0, 0, 0, 0
"2024-10-31", 458, 440, 429, 424, 430, 456, 508, 530, 516, 488, 465, 453, 450, 460, 481, 513, 553, 591, 622, 627, 608, 576, 533, 491, 3046, 2964, 2919, 2909, 2963, 3120, 3396, 3575, 3596, 3598, 3611, 3611, 3626, 3643, 3630, 3612, 3617, 3609, 3618, 3686, 3641, 3512, 3333, 3158, 4453, 4328, 4270, 4264, 4344, 4605, 5031, 5261, 5286, 5269, 5279, 5278, 5275, 5286, 5271, 5276, 5313, 5354, 5423, 5529, 5429, 5206, 4899, 4618, 3136, 3045, 2999, 2979, 3034, 3195, 3487, 3712, 3767, 3804, 3845, 3850, 3863, 3887, 3848, 3803, 3773, 3743, 3758, 3830, 3770, 3632, 3436, 3250, 2590, 2481, 2423, 2406, 2463, 2652, 2978, 3151, 3156, 3122, 3110, 3109, 3126, 3154, 3192, 3247, 3328, 3400, 3474, 3512, 3416, 3248, 3007, 2775, 9050, 8642, 8373, 8200, 8146, 8319, 8887, 9818, 10344, 10500, 10581, 10670, 10703, 10703, 10766, 10727, 10676, 10665, 10689, 10848, 10797, 10524, 10095, 9513, 1642, 1583, 1547, 1533, 1560, 1657, 1836, 1965, 1985, 2004, 2024, 2025, 2043, 2056, 2047, 2023, 2018, 2015, 2007, 2027, 1998, 1914, 1800, 1695, 2400, 2306, 2248, 2226, 2253, 2393, 2636, 2815, 2855, 2884, 2932, 2956, 2988, 3017, 3021, 3024, 3025, 3017, 2985, 3012, 2971, 2847, 2672, 2501, 9833, 9520, 9362, 9318, 9505, 10078, 11041, 11573, 11580, 11497, 11519, 11606, 11735, 11871, 11985, 12127, 12303, 12494, 12636, 12698, 12367, 11792, 11072, 10363, 754, 725, 711, 708, 723, 779, 879, 922, 919, 909, 905, 907, 912, 923, 937, 954, 978, 1006, 1033, 1040, 1005, 948, 877, 810, 1217, 1181, 1161, 1154, 1173, 1232, 1330, 1406, 1441, 1472, 1497, 1511, 1523, 1534, 1535, 1525, 1522, 1507, 1499, 1508, 1477, 1419, 1338, 1262, 1135, 1093, 1075, 1076, 1106, 1170, 1307, 1359, 1343, 1324, 1313, 1304, 1314, 1337, 1340, 1358, 1394, 1414, 1422, 1467, 1465, 1404, 1304, 1202, 1874, 1781, 1737, 1718, 1752, 1874, 2111, 2254, 2256, 2199, 2150, 2131, 2140, 2180, 2240, 2325, 2442, 2557, 2654, 2663, 2572, 2424, 2222, 2031, 1402, 1360, 1337, 1335, 1371, 1477, 1644, 1730, 1741, 1740, 1741, 1743, 1743, 1746, 1730, 1724, 1739, 1757, 1788, 1808, 1765, 1680, 1568, 1466, 30, 29, 29, 29, 29, 32, 34, 35, 35, 33, 33, 33, 33, 33, 33, 32, 33, 34, 35, 34, 34, 33, 32, 31, 3308, 3166, 3091, 3058, 3122, 3362, 3728, 3999, 4085, 4125, 4179, 4216, 4249, 4283, 4286, 4304, 4330, 4367, 4420, 4406, 4285, 4080, 3797, 3520, 1208, 1155, 1126, 1119, 1148, 1251, 1414, 1515, 1540, 1533, 1528, 1529, 1538, 1548, 1567, 1594, 1630, 1651, 1638, 1629, 1572, 1498, 1396, 1296, 1792, 1737, 1707, 1706, 1748, 1882, 2126, 2261, 2286, 2282, 2286, 2280, 2272, 2279, 2261, 2249, 2261, 2278, 2311, 2329, 2264, 2154, 2011, 1892, 1619, 1575, 1559, 1556, 1593, 1713, 1908, 2022, 2038, 2046, 2060, 2056, 2039, 2036, 1999, 1960, 1951, 1944, 1973, 2007, 1974, 1899, 1779, 1677, 3937, 3768, 3667, 3625, 3662, 3847, 4229, 4501, 4553, 4523, 4491, 4472, 4491, 4568, 4648, 4759, 4901, 5004, 5110, 5116, 4977, 4769, 4473, 4180, 121, 115, 112, 111, 113, 120, 133, 147, 153, 156, 157, 157, 157, 159, 161, 162, 165, 166, 171, 171, 166, 157, 144, 131, 71443, 68939, 67561, 67066, 68162, 72087, 79189, 84156, 85235, 85268, 85516, 85697, 86085, 86678, 86908, 87190, 87937, 88605, 89415, 90394, 88631, 85000, 79985, 75022, 0, 0, 0, 0, 0, 0, 0, 0, 0, 0, 0, 0, 0, 0, 0, 0, 0, 0, 0, 0, 0, 0, 0, 0, 0, 0, 0, 0, 0, 0, 0, 0, 0, 0, 0, 0, 0, 0, 0, 0, 0, 0, 0, 0, 0, 0, 0, 0, 0, 0, 0, 0, 0, 0, 0, 0, 0, 0, 0, 0, 0, 0, 0, 0, 0, 0, 0, 0, 0, 0, 0, 0, 0, 0, 0, 0, 0, 0, 0, 0, 0, 0, 0, 0, 0, 0, 0, 0, 0, 0, 0, 0, 0, 0, 0, 0, 0, 0, 0, 0, 0, 0, 0, 0, 0, 0, 0, 0, 0, 0, 0, 0, 0, 0, 0, 0, 0, 0, 0, 0, 0, 0, 0, 0, 0, 0, 0, 0, 0, 0, 0, 0, 0, 0, 0, 0, 0, 0, 0, 0, 0, 0, 0, 0, 0, 0, 0, 0, 0, 0, 0, 0, 0, 0, 0, 0, 0, 0, 0, 0, 0, 0, 0, 0, 0, 0, 0, 0, 18, 15, 16, 14, 16, 17, 14, 15, 16, 16, 15, 16, 18, 13, 8, 15, 16, 13, 7, 15, 11, 16, 0, 0, 0, 0, 0, 0, 0, 0, 0, 0, 0, 0, 0, 0, 0, 0, 0, 0, 0, 0, 0, 0, 0, 0, 0, 0, 0, 0, 0, 0, 0, 0, 0, 0, 0, 0
"2024-12-01", 530, 510, 499, 494, 495, 504, 522, 535, 539, 527, 510, 503, 505, 512, 531, 561, 615, 669, 670, 663, 650, 626, 588, 550, 3426, 3363, 3336, 3332, 3357, 3411, 3501, 3628, 3717, 3742, 3705, 3657, 3627, 3576, 3540, 3544, 3627, 3832, 3896, 3895, 3873, 3797, 3679, 3564, 5434, 5316, 5265, 5254, 5299, 5399, 5560, 5757, 5912, 5952, 5894, 5837, 5776, 5699, 5651, 5695, 5895, 6274, 6333, 6318, 6274, 6113, 5885, 5664, 3335, 3243, 3198, 3178, 3183, 3234, 3323, 3438, 3524, 3605, 3641, 3651, 3654, 3638, 3623, 3633, 3726, 3946, 3976, 3944, 3896, 3790, 3644, 3489, 3335, 3241, 3198, 3189, 3227, 3322, 3444, 3563, 3638, 3624, 3572, 3515, 3479, 3461, 3468, 3518, 3704, 3981, 4012, 3989, 3951, 3834, 3645, 3448, 9920, 9553, 9299, 9150, 9073, 9099, 9239, 9481, 9616, 9754, 9875, 9950, 9973, 9981, 9969, 10001, 10169, 10798, 11248, 11233, 11161, 10993, 10700, 10248, 1728, 1683, 1661, 1651, 1660, 1691, 1747, 1824, 1882, 1916, 1914, 1904, 1893, 1868, 1849, 1846, 1892, 2014, 2052, 2041, 2021, 1973, 1906, 1840, 2696, 2625, 2592, 2577, 2594, 2637, 2724, 2826, 2908, 2963, 2974, 2957, 2934, 2901, 2876, 2877, 2939, 3117, 3187, 3170, 3145, 3065, 2940, 2809, 11851, 11652, 11578, 11612, 11753, 12038, 12470, 12904, 13081, 12871, 12531, 12257, 12071, 11916, 11854, 11992, 12542, 13398, 13536, 13489, 13366, 13039, 12546, 12044, 1004, 983, 974, 975, 988, 1016, 1060, 1104, 1123, 1105, 1076, 1048, 1028, 1016, 1018, 1041, 1113, 1196, 1201, 1195, 1180, 1140, 1083, 1027, 1363, 1326, 1304, 1293, 1297, 1316, 1349, 1386, 1423, 1459, 1480, 1489, 1491, 1489, 1485, 1486, 1531, 1616, 1623, 1608, 1588, 1547, 1485, 1411, 1566, 1542, 1542, 1548, 1565, 1606, 1650, 1728, 1802, 1811, 1748, 1676, 1631, 1592, 1555, 1555, 1597, 1695, 1761, 1779, 1775, 1745, 1690, 1621, 2232, 2132, 2084, 2062, 2067, 2114, 2195, 2276, 2338, 2351, 2328, 2316, 2327, 2351, 2400, 2487, 2706, 2921, 2927, 2889, 2825, 2706, 2528, 2336, 1586, 1541, 1518, 1513, 1526, 1562, 1625, 1701, 1763, 1790, 1791, 1784, 1773, 1752, 1743, 1761, 1856, 1968, 1965, 1946, 1918, 1857, 1769, 1683, 40, 40, 40, 40, 40, 40, 41, 42, 41, 42, 40, 41, 40, 41, 41, 41, 42, 44, 44, 44, 43, 43, 42, 42, 4028, 3899, 3826, 3797, 3818, 3906, 4051, 4188, 4330, 4431, 4460, 4473, 4466, 4444, 4438, 4483, 4698, 4981, 4988, 4933, 4866, 4695, 4471, 4220, 1493, 1451, 1423, 1418, 1426, 1458, 1509, 1562, 1597, 1603, 1586, 1561, 1550, 1540, 1543, 1568, 1641, 1741, 1762, 1754, 1738, 1693, 1618, 1539, 2200, 2147, 2120, 2116, 2133, 2181, 2274, 2373, 2456, 2486, 2485, 2475, 2458, 2422, 2404, 2424, 2538, 2668, 2663, 2641, 2600, 2516, 2396, 2290, 1768, 1726, 1703, 1696, 1707, 1740, 1808, 1893, 1968, 2008, 2018, 2019, 2013, 1987, 1966, 1978, 2050, 2166, 2168, 2148, 2121, 2051, 1965, 1879, 4342, 4190, 4090, 4040, 4038, 4090, 4198, 4256, 4319, 4351, 4347, 4358, 4385, 4425, 4512, 4635, 4924, 5223, 5238, 5200, 5130, 4992, 4768, 4505, 134, 128, 124, 123, 123, 125, 129, 132, 136, 139, 140, 140, 141, 142, 145, 149, 161, 174, 175, 173, 169, 163, 153, 141, 82791, 80658, 79538, 79180, 79608, 81060, 83549, 86433, 88440, 89021, 88472, 87764, 87233, 86551, 86286, 87070, 90408, 96064, 97311, 96858, 95901, 93460, 89798, 85871, 0, 0, 0, 0, 0, 0, 0, 0, 0, 0, 0, 0, 0, 0, 0, 0, 0, 0, 0, 0, 0, 0, 0, 0, 0, 0, 0, 0, 0, 0, 0, 0, 0, 0, 0, 0, 0, 0, 0, 0, 0, 0, 0, 0, 0, 0, 0, 0, 0, 0, 0, 0, 0, 0, 0, 0, 0, 0, 0, 0, 0, 0, 0, 0, 0, 0, 0, 0, 0, 0, 0, 0, 0, 0, 0, 0, 0, 0, 0, 0, 0, 0, 0, 0, 0, 0, 0, 0, 0, 0, 0, 0, 0, 0, 0, 0, 0, 0, 0, 0, 0, 0, 0, 0, 0, 0, 0, 0, 0, 0, 0, 0, 0, 0, 0, 0, 0, 0, 0, 0, 0, 0, 0, 0, 0, 0, 0, 0, 0, 0, 0, 0, 0, 0, 0, 0, 0, 0, 0, 0, 0, 0, 0, 0, 0, 0, 0, 0, 0, 0, 0, 0, 0, 0, 0, 0, 0, 0, 0, 0, 0, 0, 0, 0, 0, 0, 0, 0, 18, 19, 18, 18, 18, 20, 18, 18, 7, 17, 18, 8, 18, 17, 19, 17, 18, 18, 17, 18, 18, 18, 0, 0, 0, 0, 0, 0, 0, 0, 0, 0, 0, 0, 0, 0, 0, 0, 0, 0, 0, 0, 0, 0, 0, 0, 0, 0, 0, 0, 0, 0, 0, 0, 0, 0, 0, 0
"2024-12-02", 514, 497, 490, 489, 498, 525, 572, 596, 587, 565, 545, 534, 530, 532, 553, 582, 636, 694, 698, 688, 673, 646, 602, 558, 3458, 3417, 3411, 3430, 3507, 3670, 3928, 4097, 4126, 4103, 4068, 4008, 3955, 3909, 3855, 3829, 3894, 4081, 4138, 4124, 4091, 3995, 3842, 3688, 5488, 5419, 5412, 5452, 5598, 5860, 6269, 6532, 6552, 6499, 6422, 6327, 6219, 6150, 6089, 6114, 6293, 6643, 6690, 6668, 6590, 6401, 6113, 5839, 3363, 3293, 3266, 3269, 3333, 3496, 3768, 3993, 4054, 4097, 4133, 4121, 4105, 4101, 4065, 4033, 4086, 4263, 4268, 4221, 4157, 4026, 3828, 3630, 3264, 3194, 3169, 3198, 3320, 3561, 3878, 4030, 3991, 3889, 3775, 3700, 3632, 3580, 3578, 3637, 3853, 4134, 4154, 4118, 4039, 3909, 3683, 3466, 9746, 9416, 9223, 9138, 9172, 9425, 10010, 10855, 11320, 11447, 11491, 11501, 11457, 11410, 11397, 11358, 11424, 11985, 12374, 12211, 12042, 11805, 11410, 10819, 1777, 1744, 1729, 1738, 1780, 1885, 2046, 2168, 2195, 2208, 2212, 2196, 2179, 2162, 2136, 2111, 2133, 2239, 2260, 2229, 2193, 2129, 2029, 1933, 2685, 2626, 2603, 2615, 2677, 2829, 3059, 3219, 3252, 3253, 3249, 3225, 3200, 3164, 3133, 3120, 3159, 3322, 3379, 3342, 3292, 3195, 3045, 2890, 11545, 11400, 11398, 11551, 11939, 12671, 13644, 14174, 14032, 13585, 13188, 12857, 12580, 12373, 12266, 12411, 12971, 13895, 14011, 13923, 13748, 13360, 12788, 12238, 974, 957, 955, 965, 995, 1065, 1167, 1214, 1200, 1160, 1128, 1098, 1073, 1062, 1062, 1084, 1155, 1248, 1259, 1250, 1228, 1182, 1115, 1053, 1348, 1318, 1305, 1303, 1324, 1384, 1477, 1555, 1586, 1607, 1613, 1611, 1606, 1601, 1590, 1586, 1616, 1689, 1687, 1665, 1635, 1588, 1511, 1421, 1549, 1539, 1546, 1559, 1591, 1680, 1808, 1853, 1835, 1802, 1756, 1708, 1660, 1627, 1589, 1580, 1630, 1735, 1818, 1825, 1816, 1780, 1705, 1641, 2167, 2089, 2059, 2059, 2109, 2246, 2462, 2606, 2633, 2589, 2532, 2496, 2480, 2490, 2547, 2644, 2851, 3067, 3074, 3018, 2938, 2795, 2587, 2379, 1619, 1587, 1578, 1590, 1639, 1752, 1909, 2002, 2020, 2015, 2011, 1993, 1967, 1948, 1930, 1934, 2018, 2122, 2116, 2092, 2056, 1976, 1866, 1762, 41, 41, 42, 40, 43, 43, 44, 45, 45, 46, 44, 44, 46, 45, 46, 47, 48, 48, 47, 47, 44, 43, 44, 43, 3980, 3874, 3821, 3838, 3954, 4228, 4578, 4832, 4900, 4878, 4840, 4808, 4761, 4724, 4706, 4750, 4950, 5244, 5225, 5133, 5028, 4841, 4550, 4260, 1455, 1417, 1406, 1422, 1483, 1609, 1775, 1870, 1873, 1833, 1784, 1747, 1715, 1691, 1679, 1705, 1782, 1885, 1862, 1830, 1784, 1724, 1636, 1541, 2209, 2168, 2159, 2175, 2233, 2374, 2606, 2743, 2775, 2760, 2744, 2713, 2672, 2647, 2623, 2628, 2725, 2851, 2839, 2805, 2745, 2639, 2496, 2373, 1813, 1778, 1766, 1772, 1813, 1920, 2099, 2210, 2252, 2267, 2281, 2270, 2255, 2239, 2204, 2183, 2233, 2324, 2327, 2297, 2271, 2193, 2067, 1955, 4259, 4125, 4058, 4053, 4130, 4347, 4709, 4971, 5037, 5027, 4971, 4932, 4912, 4939, 5018, 5134, 5386, 5639, 5595, 5517, 5402, 5218, 4932, 4623, 131, 126, 124, 124, 126, 133, 145, 157, 163, 165, 165, 164, 163, 163, 163, 166, 177, 188, 187, 183, 178, 170, 157, 143, 82214, 80551, 79966, 80328, 82271, 86722, 93555, 98359, 99226, 98451, 97427, 96227, 95064, 94254, 93710, 94085, 97010, 102402, 103265, 102274, 100735, 97740, 93138, 88411, 0, 0, 0, 0, 0, 0, 0, 0, 0, 0, 0, 0, 0, 0, 0, 0, 0, 0, 0, 0, 0, 0, 0, 0, 0, 0, 0, 0, 0, 0, 0, 0, 0, 0, 0, 0, 0, 0, 0, 0, 0, 0, 0, 0, 0, 0, 0, 0, 0, 0, 0, 0, 0, 0, 0, 0, 0, 0, 0, 0, 0, 0, 0, 0, 0, 0, 0, 0, 0, 0, 0, 0, 0, 0, 0, 0, 0, 0, 0, 0, 0, 0, 0, 0, 0, 0, 0, 0, 0, 0, 0, 0, 0, 0, 0, 0, 0, 0, 0, 0, 0, 0, 0, 0, 0, 0, 0, 0, 0, 0, 0, 0, 0, 0, 0, 0, 0, 0, 0, 0, 0, 0, 0, 0, 0, 0, 0, 0, 0, 0, 0, 0, 0, 0, 0, 0, 0, 0, 0, 0, 0, 0, 0, 0, 0, 0, 0, 0, 0, 0, 0, 0, 0, 0, 0, 0, 0, 0, 0, 0, 0, 0, 0, 0, 0, 0, 0, 0, 18, 18, 7, 18, 7, 19, 18, 19, 7, 7, 18, 6, 18, 8, 22, 8, 7, 8, 18, 17, 18, 8, 0, 0, 0, 0, 0, 0, 0, 0, 0, 0, 0, 0, 0, 0, 0, 0, 0, 0, 0, 0, 0, 0, 0, 0, 0, 0, 0, 0, 0, 0, 0, 0, 0, 0, 0, 0
"2024-12-03", 527, 508, 499, 499, 507, 533, 581, 603, 589, 560, 532, 518, 508, 514, 535, 573, 633, 692, 695, 688, 673, 646, 605, 561, 3603, 3547, 3530, 3539, 3612, 3775, 4027, 4197, 4204, 4173, 4124, 4055, 3995, 3946, 3898, 3879, 3943, 4139, 4205, 4199, 4175, 4089, 3943, 3791, 5665, 5549, 5524, 5549, 5668, 5948, 6354, 6609, 6606, 6530, 6432, 6328, 6232, 6160, 6101, 6138, 6325, 6696, 6753, 6731, 6668, 6482, 6205, 5943, 3511, 3431, 3386, 3384, 3446, 3599, 3868, 4086, 4139, 4174, 4195, 4176, 4149, 4136, 4094, 4069, 4123, 4308, 4321, 4277, 4218, 4094, 3911, 3718, 3304, 3223, 3197, 3223, 3337, 3581, 3907, 4052, 3996, 3862, 3738, 3650, 3577, 3544, 3548, 3624, 3838, 4124, 4147, 4123, 4053, 3932, 3713, 3503, 10257, 9865, 9643, 9531, 9542, 9775, 10358, 11206, 11644, 11744, 11755, 11748, 11691, 11642, 11634, 11586, 11657, 12230, 12612, 12422, 12230, 11981, 11573, 10977, 1875, 1835, 1813, 1814, 1852, 1955, 2111, 2232, 2252, 2260, 2252, 2225, 2200, 2176, 2149, 2123, 2150, 2256, 2286, 2262, 2230, 2167, 2073, 1980, 2791, 2730, 2699, 2705, 2762, 2909, 3137, 3287, 3317, 3310, 3297, 3256, 3220, 3183, 3146, 3134, 3178, 3348, 3406, 3378, 3340, 3253, 3115, 2968, 11885, 11732, 11721, 11842, 12218, 12945, 13932, 14427, 14197, 13613, 13121, 12751, 12440, 12253, 12162, 12365, 12981, 13925, 14066, 14014, 13878, 13522, 12986, 12479, 1011, 992, 989, 997, 1026, 1097, 1199, 1239, 1207, 1158, 1116, 1081, 1055, 1042, 1044, 1074, 1149, 1244, 1256, 1250, 1231, 1188, 1126, 1068, 1359, 1327, 1311, 1308, 1332, 1394, 1487, 1566, 1596, 1615, 1622, 1621, 1613, 1610, 1600, 1596, 1633, 1709, 1709, 1686, 1658, 1614, 1539, 1455, 1625, 1614, 1612, 1623, 1660, 1739, 1867, 1932, 1921, 1881, 1816, 1750, 1703, 1658, 1617, 1603, 1653, 1771, 1857, 1873, 1874, 1852, 1784, 1728, 2210, 2128, 2092, 2086, 2137, 2273, 2503, 2647, 2660, 2601, 2537, 2497, 2465, 2465, 2522, 2628, 2854, 3081, 3085, 3034, 2958, 2819, 2613, 2404, 1692, 1655, 1642, 1649, 1692, 1802, 1960, 2043, 2054, 2036, 2021, 1997, 1968, 1944, 1922, 1930, 2015, 2127, 2125, 2104, 2069, 1994, 1886, 1783, 42, 42, 43, 44, 43, 44, 45, 47, 47, 45, 45, 45, 44, 43, 44, 45, 44, 46, 47, 46, 46, 45, 45, 44, 4029, 3895, 3846, 3849, 3959, 4240, 4608, 4866, 4911, 4883, 4840, 4797, 4732, 4688, 4667, 4713, 4927, 5228, 5215, 5120, 5018, 4839, 4543, 4264, 1470, 1429, 1420, 1430, 1486, 1613, 1789, 1886, 1877, 1820, 1766, 1728, 1700, 1685, 1680, 1708, 1789, 1888, 1869, 1839, 1796, 1739, 1650, 1564, 2273, 2229, 2208, 2217, 2273, 2416, 2650, 2783, 2800, 2772, 2748, 2702, 2655, 2632, 2606, 2610, 2715, 2851, 2844, 2810, 2759, 2656, 2517, 2396, 1884, 1841, 1817, 1822, 1856, 1969, 2148, 2264, 2284, 2286, 2301, 2288, 2256, 2244, 2209, 2186, 2236, 2338, 2340, 2318, 2286, 2214, 2095, 1982, 4362, 4214, 4138, 4121, 4187, 4397, 4762, 5013, 5063, 5027, 4974, 4930, 4883, 4899, 4971, 5099, 5372, 5642, 5600, 5520, 5407, 5220, 4939, 4640, 133, 126, 124, 124, 126, 133, 145, 158, 163, 164, 164, 163, 161, 161, 162, 165, 176, 188, 187, 183, 178, 170, 158, 144, 85048, 83080, 82286, 82439, 84235, 88656, 95537, 100258, 100684, 99455, 98060, 96611, 95240, 94408, 93902, 94449, 97557, 103151, 104146, 103260, 101871, 99032, 94584, 90006, 0, 0, 0, 0, 0, 0, 0, 0, 0, 0, 0, 0, 0, 0, 0, 0, 0, 0, 0, 0, 0, 0, 0, 0, 0, 0, 0, 0, 0, 0, 0, 0, 0, 0, 0, 0, 0, 0, 0, 0, 0, 0, 0, 0, 0, 0, 0, 0, 0, 0, 0, 0, 0, 0, 0, 0, 0, 0, 0, 0, 0, 0, 0, 0, 0, 0, 0, 0, 0, 0, 0, 0, 0, 0, 0, 0, 0, 0, 0, 0, 0, 0, 0, 0, 0, 0, 0, 0, 0, 0, 0, 0, 0, 0, 0, 0, 0, 0, 0, 0, 0, 0, 0, 0, 0, 0, 0, 0, 0, 0, 0, 0, 0, 0, 0, 0, 0, 0, 0, 0, 0, 0, 0, 0, 0, 0, 0, 0, 0, 0, 0, 0, 0, 0, 0, 0, 0, 0, 0, 0, 0, 0, 0, 0, 0, 0, 0, 0, 0, 0, 0, 0, 0, 0, 0, 0, 0, 0, 0, 0, 0, 0, 0, 0, 0, 0, 0, 0, 18, 19, 7, 18, 7, 18, 7, 7, 7, 7, 18, 7, 18, 7, 5, 18, 7, 7, 7, 18, 17, 7, 0, 0, 0, 0, 0, 0, 0, 0, 0, 0, 0, 0, 0, 0, 0, 0, 0, 0, 0, 0, 0, 0, 0, 0, 0, 0, 0, 0, 0, 0, 0, 0, 0, 0, 0, 0
"2024-12-04", 533, 516, 509, 509, 519, 546, 595, 618, 603, 576, 550, 534, 530, 538, 554, 588, 647, 704, 708, 698, 686, 657, 615, 569, 3707, 3657, 3643, 3661, 3739, 3909, 4160, 4329, 4331, 4271, 4192, 4096, 4012, 3952, 3893, 3869, 3928, 4128, 4204, 4198, 4175, 4093, 3940, 3785, 5805, 5707, 5690, 5731, 5868, 6142, 6570, 6808, 6796, 6671, 6547, 6425, 6288, 6197, 6139, 6162, 6348, 6747, 6803, 6786, 6734, 6550, 6258, 5979, 3601, 3518, 3479, 3471, 3532, 3689, 3950, 4167, 4208, 4229, 4237, 4199, 4165, 4147, 4100, 4074, 4137, 4331, 4348, 4312, 4249, 4124, 3933, 3731, 3380, 3312, 3296, 3331, 3452, 3711, 4054, 4198, 4134, 3974, 3830, 3725, 3649, 3610, 3621, 3686, 3891, 4187, 4211, 4189, 4134, 4002, 3777, 3559, 10407, 10008, 9763, 9637, 9628, 9855, 10430, 11281, 11723, 11783, 11769, 11742, 11653, 11579, 11586, 11564, 11636, 12210, 12581, 12408, 12238, 11997, 11579, 10971, 1927, 1887, 1867, 1872, 1913, 2018, 2177, 2295, 2307, 2295, 2274, 2233, 2205, 2179, 2149, 2120, 2144, 2248, 2280, 2256, 2226, 2167, 2068, 1972, 2877, 2817, 2791, 2804, 2872, 3022, 3250, 3407, 3419, 3390, 3340, 3281, 3224, 3184, 3142, 3124, 3162, 3331, 3394, 3371, 3335, 3246, 3099, 2945, 12196, 12073, 12102, 12270, 12663, 13424, 14428, 14911, 14663, 14024, 13444, 12991, 12654, 12463, 12367, 12524, 13102, 14063, 14202, 14157, 14037, 13704, 13137, 12602, 1041, 1027, 1026, 1036, 1068, 1139, 1245, 1280, 1252, 1197, 1147, 1111, 1083, 1069, 1068, 1098, 1175, 1270, 1282, 1279, 1262, 1220, 1155, 1095, 1394, 1365, 1354, 1353, 1376, 1436, 1532, 1609, 1635, 1648, 1651, 1646, 1633, 1623, 1608, 1603, 1633, 1714, 1715, 1697, 1671, 1621, 1543, 1459, 1694, 1681, 1688, 1700, 1729, 1815, 1938, 1993, 1964, 1887, 1791, 1695, 1628, 1578, 1539, 1533, 1578, 1708, 1796, 1810, 1814, 1788, 1730, 1666, 2254, 2175, 2139, 2140, 2194, 2334, 2568, 2704, 2712, 2650, 2572, 2533, 2514, 2535, 2591, 2686, 2905, 3129, 3134, 3083, 3011, 2873, 2657, 2441, 1731, 1697, 1685, 1694, 1744, 1858, 2020, 2101, 2105, 2080, 2055, 2027, 1991, 1974, 1953, 1962, 2045, 2162, 2163, 2146, 2113, 2036, 1922, 1814, 43, 42, 42, 43, 43, 44, 49, 49, 49, 50, 46, 48, 47, 47, 47, 47, 48, 48, 48, 48, 48, 47, 45, 44, 4069, 3956, 3910, 3924, 4044, 4329, 4701, 4959, 5007, 4957, 4902, 4845, 4785, 4752, 4731, 4779, 5001, 5296, 5289, 5209, 5115, 4937, 4640, 4343, 1502, 1468, 1461, 1475, 1534, 1666, 1840, 1940, 1928, 1866, 1799, 1749, 1716, 1691, 1692, 1720, 1802, 1909, 1888, 1861, 1818, 1758, 1668, 1579, 2322, 2276, 2261, 2275, 2335, 2480, 2724, 2862, 2870, 2826, 2786, 2738, 2694, 2674, 2647, 2653, 2754, 2896, 2891, 2861, 2809, 2710, 2563, 2438, 1918, 1881, 1860, 1864, 1907, 2021, 2205, 2312, 2326, 2328, 2330, 2320, 2294, 2276, 2230, 2210, 2261, 2363, 2362, 2345, 2320, 2246, 2121, 2002, 4409, 4267, 4195, 4179, 4248, 4460, 4834, 5093, 5138, 5087, 5007, 4968, 4958, 4990, 5067, 5182, 5446, 5709, 5667, 5598, 5493, 5312, 5019, 4707, 134, 128, 126, 125, 128, 135, 148, 160, 165, 167, 166, 165, 164, 164, 164, 167, 178, 190, 188, 185, 180, 171, 159, 145, 86995, 85173, 84490, 84782, 86677, 91214, 98180, 102854, 103117, 101389, 99464, 97623, 96043, 95132, 94562, 95017, 98042, 103750, 104797, 104018, 102733, 99930, 95311, 90546, 0, 0, 0, 0, 0, 0, 0, 0, 0, 0, 0, 0, 0, 0, 0, 0, 0, 0, 0, 0, 0, 0, 0, 0, 0, 0, 0, 0, 0, 0, 0, 0, 0, 0, 0, 0, 0, 0, 0, 0, 0, 0, 0, 0, 0, 0, 0, 0, 0, 0, 0, 0, 0, 0, 0, 0, 0, 0, 0, 0, 0, 0, 0, 0, 0, 0, 0, 0, 0, 0, 0, 0, 0, 0, 0, 0, 0, 0, 0, 0, 0, 0, 0, 0, 0, 0, 0, 0, 0, 0, 0, 0, 0, 0, 0, 0, 0, 0, 0, 0, 0, 0, 0, 0, 0, 0, 0, 0, 0, 0, 0, 0, 0, 0, 0, 0, 0, 0, 0, 0, 0, 0, 0, 0, 0, 0, 0, 0, 0, 0, 0, 0, 0, 0, 0, 0, 0, 0, 0, 0, 0, 0, 0, 0, 0, 0, 0, 0, 0, 0, 0, 0, 0, 0, 0, 0, 0, 0, 0, 0, 0, 0, 0, 0, 0, 0, 0, 0, 18, 9, 19, 18, 19, 19, 18, 18, 7, 19, 18, 20, 18, 18, 9, 18, 7, 18, 18, 17, 17, 18, 0, 0, 0, 0, 0, 0, 0, 0, 0, 0, 0, 0, 0, 0, 0, 0, 0, 0, 0, 0, 0, 0, 0, 0, 0, 0, 0, 0, 0, 0, 0, 0, 0, 0, 0, 0
"2024-12-05", 538, 524, 515, 514, 523, 550, 600, 621, 605, 575, 549, 532, 526, 538, 559, 595, 652, 712, 713, 706, 693, 663, 620, 574, 3684, 3630, 3616, 3629, 3703, 3876, 4133, 4304, 4308, 4254, 4178, 4094, 4019, 3967, 3912, 3887, 3956, 4143, 4211, 4200, 4174, 4089, 3936, 3778, 5765, 5662, 5635, 5678, 5807, 6086, 6496, 6742, 6739, 6632, 6508, 6390, 6272, 6194, 6131, 6157, 6338, 6702, 6761, 6731, 6667, 6482, 6202, 5917, 3589, 3511, 3474, 3467, 3525, 3678, 3943, 4157, 4204, 4230, 4244, 4214, 4184, 4166, 4117, 4084, 4133, 4324, 4336, 4293, 4225, 4099, 3903, 3699, 3387, 3312, 3289, 3316, 3432, 3678, 4014, 4160, 4104, 3954, 3823, 3732, 3667, 3624, 3624, 3694, 3901, 4192, 4209, 4169, 4096, 3965, 3742, 3520, 10391, 9981, 9734, 9599, 9593, 9817, 10397, 11259, 11709, 11816, 11837, 11832, 11760, 11669, 11652, 11598, 11654, 12202, 12534, 12344, 12159, 11910, 11503, 10879, 1904, 1864, 1842, 1843, 1883, 1989, 2149, 2268, 2285, 2282, 2273, 2245, 2217, 2191, 2164, 2139, 2162, 2262, 2281, 2254, 2224, 2159, 2061, 1962, 2834, 2773, 2744, 2750, 2812, 2964, 3199, 3368, 3393, 3377, 3355, 3306, 3268, 3223, 3188, 3170, 3207, 3370, 3418, 3383, 3340, 3252, 3110, 2954, 12154, 12023, 12019, 12158, 12533, 13275, 14264, 14748, 14479, 13869, 13355, 12960, 12642, 12431, 12341, 12526, 13137, 14064, 14183, 14129, 13997, 13643, 13099, 12567, 1046, 1029, 1026, 1034, 1063, 1132, 1233, 1272, 1241, 1189, 1145, 1110, 1083, 1070, 1073, 1102, 1177, 1273, 1283, 1276, 1256, 1213, 1148, 1086, 1397, 1363, 1349, 1345, 1370, 1434, 1528, 1603, 1637, 1651, 1656, 1650, 1640, 1632, 1618, 1613, 1642, 1715, 1718, 1695, 1666, 1617, 1540, 1455, 1624, 1614, 1617, 1644, 1695, 1780, 1911, 1968, 1939, 1877, 1801, 1720, 1659, 1618, 1585, 1581, 1622, 1744, 1825, 1839, 1854, 1828, 1765, 1697, 2271, 2192, 2152, 2151, 2200, 2338, 2566, 2704, 2706, 2646, 2586, 2539, 2510, 2523, 2581, 2689, 2913, 3134, 3137, 3084, 3010, 2871, 2658, 2445, 1733, 1694, 1681, 1687, 1735, 1846, 2003, 2088, 2091, 2075, 2056, 2034, 2005, 1989, 1967, 1973, 2054, 2166, 2160, 2137, 2103, 2025, 1910, 1799, 44, 43, 43, 43, 44, 44, 46, 46, 45, 44, 44, 44, 44, 44, 44, 46, 46, 47, 47, 47, 48, 46, 45, 43, 4109, 3988, 3935, 3941, 4052, 4335, 4703, 4956, 4996, 4953, 4907, 4858, 4809, 4771, 4745, 4788, 5007, 5310, 5292, 5199, 5102, 4915, 4620, 4333, 1503, 1462, 1452, 1464, 1522, 1652, 1826, 1924, 1915, 1854, 1800, 1754, 1726, 1707, 1701, 1732, 1811, 1913, 1894, 1855, 1810, 1751, 1659, 1572, 2331, 2287, 2264, 2273, 2330, 2470, 2706, 2835, 2853, 2825, 2794, 2753, 2709, 2687, 2657, 2664, 2771, 2905, 2889, 2857, 2798, 2698, 2547, 2422, 1922, 1882, 1859, 1861, 1898, 2008, 2190, 2301, 2328, 2330, 2329, 2313, 2290, 2273, 2232, 2213, 2267, 2364, 2360, 2336, 2301, 2230, 2104, 1986, 4443, 4294, 4219, 4205, 4274, 4486, 4857, 5110, 5149, 5100, 5048, 4989, 4947, 4985, 5066, 5193, 5461, 5723, 5677, 5596, 5485, 5304, 5020, 4709, 134, 128, 126, 126, 128, 135, 148, 160, 165, 167, 167, 166, 165, 164, 165, 168, 180, 191, 189, 185, 180, 172, 160, 146, 86786, 84885, 84095, 84292, 86121, 90603, 97537, 102226, 102551, 101058, 99444, 97803, 96351, 95456, 94886, 95359, 98410, 103909, 104766, 103806, 102393, 99531, 94947, 90147, 0, 0, 0, 0, 0, 0, 0, 0, 0, 0, 0, 0, 0, 0, 0, 0, 0, 0, 0, 0, 0, 0, 0, 0, 0, 0, 0, 0, 0, 0, 0, 0, 0, 0, 0, 0, 0, 0, 0, 0, 0, 0, 0, 0, 0, 0, 0, 0, 0, 0, 0, 0, 0, 0, 0, 0, 0, 0, 0, 0, 0, 0, 0, 0, 0, 0, 0, 0, 0, 0, 0, 0, 0, 0, 0, 0, 0, 0, 0, 0, 0, 0, 0, 0, 0, 0, 0, 0, 0, 0, 0, 0, 0, 0, 0, 0, 0, 0, 0, 0, 0, 0, 0, 0, 0, 0, 0, 0, 0, 0, 0, 0, 0, 0, 0, 0, 0, 0, 0, 0, 0, 0, 0, 0, 0, 0, 0, 0, 0, 0, 0, 0, 0, 0, 0, 0, 0, 0, 0, 0, 0, 0, 0, 0, 0, 0, 0, 0, 0, 0, 0, 0, 0, 0, 0, 0, 0, 0, 0, 0, 0, 0, 0, 0, 0, 0, 0, 0, 18, 17, 19, 18, 18, 18, 18, 18, 20, 19, 18, 8, 18, 18, 22, 17, 17, 18, 18, 17, 17, 18, 0, 0, 0, 0, 0, 0, 0, 0, 0, 0, 0, 0, 0, 0, 0, 0, 0, 0, 0, 0, 0, 0, 0, 0, 0, 0, 0, 0, 0, 0, 0, 0, 0, 0, 0, 0
"2024-12-06", 541, 522, 514, 512, 519, 545, 591, 612, 601, 577, 551, 534, 531, 539, 557, 591, 645, 698, 697, 686, 675, 652, 618, 575, 3654, 3598, 3575, 3589, 3655, 3812, 4051, 4211, 4219, 4187, 4133, 4055, 3985, 3932, 3873, 3849, 3903, 4057, 4072, 4038, 4006, 3936, 3811, 3658, 5709, 5598, 5561, 5578, 5691, 5940, 6327, 6565, 6586, 6520, 6417, 6318, 6198, 6119, 6053, 6067, 6228, 6540, 6540, 6486, 6418, 6271, 6035, 5769, 3557, 3466, 3428, 3419, 3470, 3616, 3869, 4069, 4120, 4147, 4157, 4123, 4080, 4047, 4001, 3967, 4016, 4183, 4173, 4109, 4048, 3936, 3775, 3581, 3350, 3265, 3231, 3254, 3363, 3592, 3908, 4052, 4010, 3896, 3802, 3707, 3645, 3609, 3613, 3689, 3884, 4119, 4100, 4045, 3974, 3873, 3703, 3520, 10267, 9847, 9588, 9447, 9436, 9650, 10195, 11002, 11446, 11559, 11601, 11609, 11539, 11469, 11449, 11393, 11451, 11970, 12257, 12059, 11848, 11611, 11273, 10731, 1890, 1846, 1822, 1822, 1856, 1951, 2099, 2211, 2231, 2234, 2221, 2186, 2155, 2128, 2098, 2069, 2090, 2172, 2178, 2141, 2107, 2055, 1967, 1862, 2824, 2760, 2729, 2731, 2783, 2921, 3131, 3287, 3318, 3311, 3292, 3241, 3204, 3166, 3128, 3109, 3144, 3273, 3293, 3244, 3197, 3121, 3009, 2872, 12184, 12013, 11980, 12093, 12461, 13164, 14104, 14577, 14367, 13832, 13331, 12925, 12617, 12435, 12367, 12550, 13108, 13918, 13901, 13756, 13597, 13324, 12903, 12434, 1039, 1018, 1012, 1018, 1045, 1107, 1202, 1239, 1215, 1168, 1125, 1091, 1063, 1048, 1052, 1081, 1152, 1234, 1235, 1223, 1206, 1174, 1122, 1069, 1392, 1356, 1338, 1335, 1357, 1414, 1507, 1584, 1610, 1630, 1631, 1627, 1617, 1607, 1592, 1585, 1613, 1681, 1671, 1646, 1618, 1577, 1513, 1438, 1648, 1633, 1638, 1652, 1687, 1764, 1886, 1935, 1904, 1876, 1809, 1747, 1687, 1649, 1627, 1620, 1653, 1732, 1776, 1774, 1759, 1738, 1696, 1639, 2269, 2179, 2141, 2132, 2175, 2304, 2528, 2663, 2673, 2622, 2561, 2512, 2489, 2504, 2560, 2657, 2858, 3053, 3036, 2975, 2903, 2793, 2620, 2430, 1720, 1678, 1662, 1662, 1701, 1802, 1951, 2034, 2043, 2028, 2011, 1980, 1945, 1924, 1900, 1903, 1983, 2077, 2060, 2032, 2000, 1935, 1838, 1732, 42, 41, 39, 40, 41, 42, 43, 45, 44, 44, 44, 43, 43, 43, 40, 42, 42, 44, 43, 43, 44, 42, 41, 40, 4096, 3965, 3903, 3906, 4007, 4274, 4617, 4859, 4913, 4886, 4842, 4797, 4739, 4691, 4664, 4717, 4913, 5173, 5124, 5012, 4912, 4753, 4513, 4266, 1492, 1452, 1434, 1445, 1496, 1617, 1785, 1880, 1876, 1830, 1784, 1746, 1715, 1700, 1699, 1725, 1798, 1887, 1851, 1808, 1763, 1712, 1641, 1568, 2314, 2265, 2245, 2252, 2297, 2426, 2648, 2775, 2793, 2766, 2730, 2687, 2637, 2613, 2587, 2590, 2685, 2806, 2777, 2737, 2684, 2601, 2480, 2352, 1905, 1859, 1840, 1837, 1871, 1968, 2134, 2241, 2268, 2275, 2277, 2249, 2219, 2192, 2153, 2128, 2177, 2260, 2247, 2217, 2177, 2111, 2008, 1896, 4433, 4278, 4196, 4174, 4235, 4430, 4782, 5021, 5060, 5029, 4963, 4909, 4874, 4892, 4960, 5070, 5326, 5568, 5510, 5421, 5311, 5160, 4932, 4668, 134, 128, 125, 125, 127, 134, 146, 157, 163, 165, 164, 163, 162, 161, 162, 164, 176, 186, 184, 179, 174, 168, 158, 146, 86290, 84208, 83288, 83363, 84991, 89143, 95668, 100142, 100641, 99550, 98116, 96523, 95052, 94134, 93575, 93986, 96757, 101514, 101578, 100214, 98722, 96340, 92640, 88285, 0, 0, 0, 0, 0, 0, 0, 0, 0, 0, 0, 0, 0, 0, 0, 0, 0, 0, 0, 0, 0, 0, 0, 0, 0, 0, 0, 0, 0, 0, 0, 0, 0, 0, 0, 0, 0, 0, 0, 0, 0, 0, 0, 0, 0, 0, 0, 0, 0, 0, 0, 0, 0, 0, 0, 0, 0, 0, 0, 0, 0, 0, 0, 0, 0, 0, 0, 0, 0, 0, 0, 0, 0, 0, 0, 0, 0, 0, 0, 0, 0, 0, 0, 0, 0, 0, 0, 0, 0, 0, 0, 0, 0, 0, 0, 0, 0, 0, 0, 0, 0, 0, 0, 0, 0, 0, 0, 0, 0, 0, 0, 0, 0, 0, 0, 0, 0, 0, 0, 0, 0, 0, 0, 0, 0, 0, 0, 0, 0, 0, 0, 0, 0, 0, 0, 0, 0, 0, 0, 0, 0, 0, 0, 0, 0, 0, 0, 0, 0, 0, 0, 0, 0, 0, 0, 0, 0, 0, 0, 0, 0, 0, 0, 0, 0, 0, 0, 0, 17, 17, 19, 17, 20, 18, 17, 18, 21, 20, 17, 17, 17, 7, 0, 17, 7, 7, 7, 17, 17, 18, 0, 0, 0, 0, 0, 0, 0, 0, 0, 0, 0, 0, 0, 0, 0, 0, 0, 0, 0, 0, 0, 0, 0, 0, 0, 0, 0, 0, 0, 0, 0, 0, 0, 0, 0, 0
"2024-12-07", 540, 519, 507, 501, 504, 515, 538, 557, 565, 558, 547, 535, 528, 529, 542, 573, 623, 674, 671, 661, 650, 633, 603, 566, 3554, 3487, 3456, 3444, 3467, 3537, 3639, 3761, 3838, 3865, 3844, 3794, 3724, 3654, 3606, 3594, 3655, 3823, 3855, 3830, 3798, 3736, 3636, 3511, 5591, 5480, 5430, 5430, 5489, 5604, 5779, 5976, 6113, 6166, 6130, 6041, 5929, 5831, 5774, 5783, 5935, 6232, 6244, 6204, 6148, 6015, 5818, 5582, 3443, 3345, 3295, 3274, 3287, 3355, 3465, 3598, 3690, 3771, 3813, 3808, 3775, 3738, 3709, 3707, 3781, 3957, 3958, 3911, 3856, 3765, 3628, 3470, 3378, 3293, 3249, 3246, 3294, 3409, 3558, 3695, 3771, 3756, 3706, 3632, 3563, 3502, 3493, 3540, 3704, 3930, 3935, 3892, 3850, 3759, 3615, 3452, 10196, 9766, 9474, 9302, 9234, 9301, 9547, 9946, 10208, 10411, 10528, 10573, 10539, 10457, 10318, 10264, 10377, 10962, 11341, 11295, 11173, 11030, 10780, 10373, 1793, 1738, 1708, 1698, 1709, 1749, 1815, 1895, 1953, 1994, 2002, 1987, 1951, 1927, 1900, 1890, 1919, 2006, 2025, 1998, 1973, 1930, 1867, 1789, 2762, 2688, 2648, 2626, 2639, 2694, 2787, 2904, 2987, 3042, 3055, 3040, 3000, 2950, 2917, 2905, 2943, 3085, 3127, 3093, 3066, 3008, 2913, 2795, 12098, 11902, 11838, 11870, 12046, 12379, 12864, 13321, 13471, 13245, 12905, 12573, 12255, 11981, 11859, 11977, 12470, 13239, 13303, 13236, 13119, 12885, 12504, 12070, 1029, 1007, 997, 997, 1011, 1043, 1090, 1134, 1150, 1134, 1107, 1077, 1048, 1031, 1029, 1052, 1113, 1185, 1183, 1171, 1156, 1128, 1083, 1033, 1382, 1345, 1324, 1315, 1320, 1342, 1380, 1427, 1467, 1502, 1521, 1527, 1522, 1512, 1500, 1498, 1535, 1608, 1609, 1591, 1571, 1535, 1484, 1417, 1592, 1574, 1564, 1568, 1573, 1607, 1657, 1706, 1765, 1766, 1740, 1689, 1632, 1587, 1557, 1546, 1573, 1655, 1699, 1698, 1698, 1681, 1637, 1586, 2269, 2173, 2123, 2101, 2117, 2175, 2281, 2385, 2465, 2483, 2465, 2438, 2423, 2418, 2450, 2520, 2708, 2895, 2889, 2841, 2783, 2692, 2548, 2378, 1662, 1615, 1593, 1588, 1603, 1649, 1717, 1794, 1856, 1884, 1882, 1863, 1831, 1799, 1777, 1787, 1858, 1943, 1925, 1896, 1865, 1810, 1732, 1646, 40, 41, 40, 42, 42, 43, 44, 44, 45, 43, 42, 41, 41, 41, 40, 40, 42, 42, 42, 41, 42, 41, 41, 40, 4073, 3932, 3859, 3837, 3874, 3990, 4173, 4344, 4510, 4618, 4643, 4628, 4573, 4506, 4476, 4509, 4689, 4920, 4899, 4819, 4741, 4609, 4423, 4201, 1512, 1471, 1445, 1441, 1455, 1495, 1559, 1632, 1682, 1687, 1663, 1636, 1610, 1580, 1572, 1585, 1639, 1730, 1735, 1721, 1703, 1667, 1610, 1546, 2265, 2210, 2181, 2177, 2203, 2264, 2365, 2468, 2552, 2590, 2592, 2568, 2521, 2480, 2457, 2466, 2554, 2661, 2639, 2605, 2560, 2493, 2386, 2272, 1823, 1774, 1748, 1742, 1760, 1809, 1876, 1953, 2025, 2073, 2090, 2082, 2053, 2023, 1998, 1998, 2058, 2148, 2135, 2107, 2072, 2014, 1929, 1837, 4430, 4266, 4167, 4121, 4125, 4206, 4355, 4469, 4571, 4631, 4626, 4607, 4580, 4575, 4615, 4710, 4962, 5222, 5212, 5150, 5076, 4963, 4777, 4552, 135, 129, 125, 124, 125, 128, 133, 139, 145, 148, 149, 150, 149, 148, 148, 151, 162, 174, 174, 171, 167, 163, 155, 144, 84944, 82696, 81490, 81098, 81667, 83500, 86480, 89742, 91901, 92623, 92228, 91218, 89827, 88515, 87791, 88178, 90887, 95674, 96258, 95397, 94299, 92363, 89302, 85601, 0, 0, 0, 0, 0, 0, 0, 0, 0, 0, 0, 0, 0, 0, 0, 0, 0, 0, 0, 0, 0, 0, 0, 0, 0, 0, 0, 0, 0, 0, 0, 0, 0, 0, 0, 0, 0, 0, 0, 0, 0, 0, 0, 0, 0, 0, 0, 0, 0, 0, 0, 0, 0, 0, 0, 0, 0, 0, 0, 0, 0, 0, 0, 0, 0, 0, 0, 0, 0, 0, 0, 0, 0, 0, 0, 0, 0, 0, 0, 0, 0, 0, 0, 0, 0, 0, 0, 0, 0, 0, 0, 0, 0, 0, 0, 0, 0, 0, 0, 0, 0, 0, 0, 0, 0, 0, 0, 0, 0, 0, 0, 0, 0, 0, 0, 0, 0, 0, 0, 0, 0, 0, 0, 0, 0, 0, 0, 0, 0, 0, 0, 0, 0, 0, 0, 0, 0, 0, 0, 0, 0, 0, 0, 0, 0, 0, 0, 0, 0, 0, 0, 0, 0, 0, 0, 0, 0, 0, 0, 0, 0, 0, 0, 0, 0, 0, 0, 0, 17, 10, 9, 10, 7, 19, 10, 9, 7, 7, 12, 0, 17, 17, 8, 17, 8, 11, 10, 17, 17, 8, 0, 0, 0, 0, 0, 0, 0, 0, 0, 0, 0, 0, 0, 0, 0, 0, 0, 0, 0, 0, 0, 0, 0, 0, 0, 0, 0, 0, 0, 0, 0, 0, 0, 0, 0, 0
"2024-12-08", 530, 510, 499, 494, 495, 504, 522, 535, 539, 527, 510, 503, 505, 512, 531, 561, 615, 669, 670, 663, 650, 626, 588, 550, 3426, 3363, 3336, 3332, 3357, 3411, 3501, 3628, 3717, 3742, 3705, 3657, 3627, 3576, 3540, 3544, 3627, 3832, 3896, 3895, 3873, 3797, 3679, 3564, 5434, 5316, 5265, 5254, 5299, 5399, 5560, 5757, 5912, 5952, 5894, 5837, 5776, 5699, 5651, 5695, 5895, 6274, 6333, 6318, 6274, 6113, 5885, 5664, 3335, 3243, 3198, 3178, 3183, 3234, 3323, 3438, 3524, 3605, 3641, 3651, 3654, 3638, 3623, 3633, 3726, 3946, 3976, 3944, 3896, 3790, 3644, 3489, 3335, 3241, 3198, 3189, 3227, 3322, 3444, 3563, 3638, 3624, 3572, 3515, 3479, 3461, 3468, 3518, 3704, 3981, 4012, 3989, 3951, 3834, 3645, 3448, 9920, 9553, 9299, 9150, 9073, 9099, 9239, 9481, 9616, 9754, 9875, 9950, 9973, 9981, 9969, 10001, 10169, 10798, 11248, 11233, 11161, 10993, 10700, 10248, 1728, 1683, 1661, 1651, 1660, 1691, 1747, 1824, 1882, 1916, 1914, 1904, 1893, 1868, 1849, 1846, 1892, 2014, 2052, 2041, 2021, 1973, 1906, 1840, 2696, 2625, 2592, 2577, 2594, 2637, 2724, 2826, 2908, 2963, 2974, 2957, 2934, 2901, 2876, 2877, 2939, 3117, 3187, 3170, 3145, 3065, 2940, 2809, 11851, 11652, 11578, 11612, 11753, 12038, 12470, 12904, 13081, 12871, 12531, 12257, 12071, 11916, 11854, 11992, 12542, 13398, 13536, 13489, 13366, 13039, 12546, 12044, 1004, 983, 974, 975, 988, 1016, 1060, 1104, 1123, 1105, 1076, 1048, 1028, 1016, 1018, 1041, 1113, 1196, 1201, 1195, 1180, 1140, 1083, 1027, 1363, 1326, 1304, 1293, 1297, 1316, 1349, 1386, 1423, 1459, 1480, 1489, 1491, 1489, 1485, 1486, 1531, 1616, 1623, 1608, 1588, 1547, 1485, 1411, 1566, 1542, 1542, 1548, 1565, 1606, 1650, 1728, 1802, 1811, 1748, 1676, 1631, 1592, 1555, 1555, 1597, 1695, 1761, 1779, 1775, 1745, 1690, 1621, 2232, 2132, 2084, 2062, 2067, 2114, 2195, 2276, 2338, 2351, 2328, 2316, 2327, 2351, 2400, 2487, 2706, 2921, 2927, 2889, 2825, 2706, 2528, 2336, 1586, 1541, 1518, 1513, 1526, 1562, 1625, 1701, 1763, 1790, 1791, 1784, 1773, 1752, 1743, 1761, 1856, 1968, 1965, 1946, 1918, 1857, 1769, 1683, 40, 40, 40, 40, 40, 40, 41, 42, 41, 42, 40, 41, 40, 41, 41, 41, 42, 44, 44, 44, 43, 43, 42, 42, 4028, 3899, 3826, 3797, 3818, 3906, 4051, 4188, 4330, 4431, 4460, 4473, 4466, 4444, 4438, 4483, 4698, 4981, 4988, 4933, 4866, 4695, 4471, 4220, 1493, 1451, 1423, 1418, 1426, 1458, 1509, 1562, 1597, 1603, 1586, 1561, 1550, 1540, 1543, 1568, 1641, 1741, 1762, 1754, 1738, 1693, 1618, 1539, 2200, 2147, 2120, 2116, 2133, 2181, 2274, 2373, 2456, 2486, 2485, 2475, 2458, 2422, 2404, 2424, 2538, 2668, 2663, 2641, 2600, 2516, 2396, 2290, 1768, 1726, 1703, 1696, 1707, 1740, 1808, 1893, 1968, 2008, 2018, 2019, 2013, 1987, 1966, 1978, 2050, 2166, 2168, 2148, 2121, 2051, 1965, 1879, 4342, 4190, 4090, 4040, 4038, 4090, 4198, 4256, 4319, 4351, 4347, 4358, 4385, 4425, 4512, 4635, 4924, 5223, 5238, 5200, 5130, 4992, 4768, 4505, 134, 128, 124, 123, 123, 125, 129, 132, 136, 139, 140, 140, 141, 142, 145, 149, 161, 174, 175, 173, 169, 163, 153, 141, 82791, 80658, 79538, 79180, 79608, 81060, 83549, 86433, 88440, 89021, 88472, 87764, 87233, 86551, 86286, 87070, 90408, 96064, 97311, 96858, 95901, 93460, 89798, 85871, 0, 0, 0, 0, 0, 0, 0, 0, 0, 0, 0, 0, 0, 0, 0, 0, 0, 0, 0, 0, 0, 0, 0, 0, 0, 0, 0, 0, 0, 0, 0, 0, 0, 0, 0, 0, 0, 0, 0, 0, 0, 0, 0, 0, 0, 0, 0, 0, 0, 0, 0, 0, 0, 0, 0, 0, 0, 0, 0, 0, 0, 0, 0, 0, 0, 0, 0, 0, 0, 0, 0, 0, 0, 0, 0, 0, 0, 0, 0, 0, 0, 0, 0, 0, 0, 0, 0, 0, 0, 0, 0, 0, 0, 0, 0, 0, 0, 0, 0, 0, 0, 0, 0, 0, 0, 0, 0, 0, 0, 0, 0, 0, 0, 0, 0, 0, 0, 0, 0, 0, 0, 0, 0, 0, 0, 0, 0, 0, 0, 0, 0, 0, 0, 0, 0, 0, 0, 0, 0, 0, 0, 0, 0, 0, 0, 0, 0, 0, 0, 0, 0, 0, 0, 0, 0, 0, 0, 0, 0, 0, 0, 0, 0, 0, 0, 0, 0, 0, 18, 19, 18, 18, 18, 20, 18, 18, 7, 17, 18, 8, 18, 17, 19, 17, 18, 18, 17, 18, 18, 18, 0, 0, 0, 0, 0, 0, 0, 0, 0, 0, 0, 0, 0, 0, 0, 0, 0, 0, 0, 0, 0, 0, 0, 0, 0, 0, 0, 0, 0, 0, 0, 0, 0, 0, 0, 0
"2024-12-09", 514, 497, 490, 489, 498, 525, 572, 596, 587, 565, 545, 534, 530, 532, 553, 582, 636, 694, 698, 688, 673, 646, 602, 558, 3458, 3417, 3411, 3430, 3507, 3670, 3928, 4097, 4126, 4103, 4068, 4008, 3955, 3909, 3855, 3829, 3894, 4081, 4138, 4124, 4091, 3995, 3842, 3688, 5488, 5419, 5412, 5452, 5598, 5860, 6269, 6532, 6552, 6499, 6422, 6327, 6219, 6150, 6089, 6114, 6293, 6643, 6690, 6668, 6590, 6401, 6113, 5839, 3363, 3293, 3266, 3269, 3333, 3496, 3768, 3993, 4054, 4097, 4133, 4121, 4105, 4101, 4065, 4033, 4086, 4263, 4268, 4221, 4157, 4026, 3828, 3630, 3264, 3194, 3169, 3198, 3320, 3561, 3878, 4030, 3991, 3889, 3775, 3700, 3632, 3580, 3578, 3637, 3853, 4134, 4154, 4118, 4039, 3909, 3683, 3466, 9746, 9416, 9223, 9138, 9172, 9425, 10010, 10855, 11320, 11447, 11491, 11501, 11457, 11410, 11397, 11358, 11424, 11985, 12374, 12211, 12042, 11805, 11410, 10819, 1777, 1744, 1729, 1738, 1780, 1885, 2046, 2168, 2195, 2208, 2212, 2196, 2179, 2162, 2136, 2111, 2133, 2239, 2260, 2229, 2193, 2129, 2029, 1933, 2685, 2626, 2603, 2615, 2677, 2829, 3059, 3219, 3252, 3253, 3249, 3225, 3200, 3164, 3133, 3120, 3159, 3322, 3379, 3342, 3292, 3195, 3045, 2890, 11545, 11400, 11398, 11551, 11939, 12671, 13644, 14174, 14032, 13585, 13188, 12857, 12580, 12373, 12266, 12411, 12971, 13895, 14011, 13923, 13748, 13360, 12788, 12238, 974, 957, 955, 965, 995, 1065, 1167, 1214, 1200, 1160, 1128, 1098, 1073, 1062, 1062, 1084, 1155, 1248, 1259, 1250, 1228, 1182, 1115, 1053, 1348, 1318, 1305, 1303, 1324, 1384, 1477, 1555, 1586, 1607, 1613, 1611, 1606, 1601, 1590, 1586, 1616, 1689, 1687, 1665, 1635, 1588, 1511, 1421, 1549, 1539, 1546, 1559, 1591, 1680, 1808, 1853, 1835, 1802, 1756, 1708, 1660, 1627, 1589, 1580, 1630, 1735, 1818, 1825, 1816, 1780, 1705, 1641, 2167, 2089, 2059, 2059, 2109, 2246, 2462, 2606, 2633, 2589, 2532, 2496, 2480, 2490, 2547, 2644, 2851, 3067, 3074, 3018, 2938, 2795, 2587, 2379, 1619, 1587, 1578, 1590, 1639, 1752, 1909, 2002, 2020, 2015, 2011, 1993, 1967, 1948, 1930, 1934, 2018, 2122, 2116, 2092, 2056, 1976, 1866, 1762, 41, 41, 42, 40, 43, 43, 44, 45, 45, 46, 44, 44, 46, 45, 46, 47, 48, 48, 47, 47, 44, 43, 44, 43, 3980, 3874, 3821, 3838, 3954, 4228, 4578, 4832, 4900, 4878, 4840, 4808, 4761, 4724, 4706, 4750, 4950, 5244, 5225, 5133, 5028, 4841, 4550, 4260, 1455, 1417, 1406, 1422, 1483, 1609, 1775, 1870, 1873, 1833, 1784, 1747, 1715, 1691, 1679, 1705, 1782, 1885, 1862, 1830, 1784, 1724, 1636, 1541, 2209, 2168, 2159, 2175, 2233, 2374, 2606, 2743, 2775, 2760, 2744, 2713, 2672, 2647, 2623, 2628, 2725, 2851, 2839, 2805, 2745, 2639, 2496, 2373, 1813, 1778, 1766, 1772, 1813, 1920, 2099, 2210, 2252, 2267, 2281, 2270, 2255, 2239, 2204, 2183, 2233, 2324, 2327, 2297, 2271, 2193, 2067, 1955, 4259, 4125, 4058, 4053, 4130, 4347, 4709, 4971, 5037, 5027, 4971, 4932, 4912, 4939, 5018, 5134, 5386, 5639, 5595, 5517, 5402, 5218, 4932, 4623, 131, 126, 124, 124, 126, 133, 145, 157, 163, 165, 165, 164, 163, 163, 163, 166, 177, 188, 187, 183, 178, 170, 157, 143, 82214, 80551, 79966, 80328, 82271, 86722, 93555, 98359, 99226, 98451, 97427, 96227, 95064, 94254, 93710, 94085, 97010, 102402, 103265, 102274, 100735, 97740, 93138, 88411, 0, 0, 0, 0, 0, 0, 0, 0, 0, 0, 0, 0, 0, 0, 0, 0, 0, 0, 0, 0, 0, 0, 0, 0, 0, 0, 0, 0, 0, 0, 0, 0, 0, 0, 0, 0, 0, 0, 0, 0, 0, 0, 0, 0, 0, 0, 0, 0, 0, 0, 0, 0, 0, 0, 0, 0, 0, 0, 0, 0, 0, 0, 0, 0, 0, 0, 0, 0, 0, 0, 0, 0, 0, 0, 0, 0, 0, 0, 0, 0, 0, 0, 0, 0, 0, 0, 0, 0, 0, 0, 0, 0, 0, 0, 0, 0, 0, 0, 0, 0, 0, 0, 0, 0, 0, 0, 0, 0, 0, 0, 0, 0, 0, 0, 0, 0, 0, 0, 0, 0, 0, 0, 0, 0, 0, 0, 0, 0, 0, 0, 0, 0, 0, 0, 0, 0, 0, 0, 0, 0, 0, 0, 0, 0, 0, 0, 0, 0, 0, 0, 0, 0, 0, 0, 0, 0, 0, 0, 0, 0, 0, 0, 0, 0, 0, 0, 0, 0, 18, 18, 7, 18, 7, 19, 18, 19, 7, 7, 18, 6, 18, 8, 22, 8, 7, 8, 18, 17, 18, 8, 0, 0, 0, 0, 0, 0, 0, 0, 0, 0, 0, 0, 0, 0, 0, 0, 0, 0, 0, 0, 0, 0, 0, 0, 0, 0, 0, 0, 0, 0, 0, 0, 0, 0, 0, 0
"2024-12-10", 527, 508, 499, 499, 507, 533, 581, 603, 589, 560, 532, 518, 508, 514, 535, 573, 633, 692, 695, 688, 673, 646, 605, 561, 3603, 3547, 3530, 3539, 3612, 3775, 4027, 4197, 4204, 4173, 4124, 4055, 3995, 3946, 3898, 3879, 3943, 4139, 4205, 4199, 4175, 4089, 3943, 3791, 5665, 5549, 5524, 5549, 5668, 5948, 6354, 6609, 6606, 6530, 6432, 6328, 6232, 6160, 6101, 6138, 6325, 6696, 6753, 6731, 6668, 6482, 6205, 5943, 3511, 3431, 3386, 3384, 3446, 3599, 3868, 4086, 4139, 4174, 4195, 4176, 4149, 4136, 4094, 4069, 4123, 4308, 4321, 4277, 4218, 4094, 3911, 3718, 3304, 3223, 3197, 3223, 3337, 3581, 3907, 4052, 3996, 3862, 3738, 3650, 3577, 3544, 3548, 3624, 3838, 4124, 4147, 4123, 4053, 3932, 3713, 3503, 10257, 9865, 9643, 9531, 9542, 9775, 10358, 11206, 11644, 11744, 11755, 11748, 11691, 11642, 11634, 11586, 11657, 12230, 12612, 12422, 12230, 11981, 11573, 10977, 1875, 1835, 1813, 1814, 1852, 1955, 2111, 2232, 2252, 2260, 2252, 2225, 2200, 2176, 2149, 2123, 2150, 2256, 2286, 2262, 2230, 2167, 2073, 1980, 2791, 2730, 2699, 2705, 2762, 2909, 3137, 3287, 3317, 3310, 3297, 3256, 3220, 3183, 3146, 3134, 3178, 3348, 3406, 3378, 3340, 3253, 3115, 2968, 11885, 11732, 11721, 11842, 12218, 12945, 13932, 14427, 14197, 13613, 13121, 12751, 12440, 12253, 12162, 12365, 12981, 13925, 14066, 14014, 13878, 13522, 12986, 12479, 1011, 992, 989, 997, 1026, 1097, 1199, 1239, 1207, 1158, 1116, 1081, 1055, 1042, 1044, 1074, 1149, 1244, 1256, 1250, 1231, 1188, 1126, 1068, 1359, 1327, 1311, 1308, 1332, 1394, 1487, 1566, 1596, 1615, 1622, 1621, 1613, 1610, 1600, 1596, 1633, 1709, 1709, 1686, 1658, 1614, 1539, 1455, 1625, 1614, 1612, 1623, 1660, 1739, 1867, 1932, 1921, 1881, 1816, 1750, 1703, 1658, 1617, 1603, 1653, 1771, 1857, 1873, 1874, 1852, 1784, 1728, 2210, 2128, 2092, 2086, 2137, 2273, 2503, 2647, 2660, 2601, 2537, 2497, 2465, 2465, 2522, 2628, 2854, 3081, 3085, 3034, 2958, 2819, 2613, 2404, 1692, 1655, 1642, 1649, 1692, 1802, 1960, 2043, 2054, 2036, 2021, 1997, 1968, 1944, 1922, 1930, 2015, 2127, 2125, 2104, 2069, 1994, 1886, 1783, 42, 42, 43, 44, 43, 44, 45, 47, 47, 45, 45, 45, 44, 43, 44, 45, 44, 46, 47, 46, 46, 45, 45, 44, 4029, 3895, 3846, 3849, 3959, 4240, 4608, 4866, 4911, 4883, 4840, 4797, 4732, 4688, 4667, 4713, 4927, 5228, 5215, 5120, 5018, 4839, 4543, 4264, 1470, 1429, 1420, 1430, 1486, 1613, 1789, 1886, 1877, 1820, 1766, 1728, 1700, 1685, 1680, 1708, 1789, 1888, 1869, 1839, 1796, 1739, 1650, 1564, 2273, 2229, 2208, 2217, 2273, 2416, 2650, 2783, 2800, 2772, 2748, 2702, 2655, 2632, 2606, 2610, 2715, 2851, 2844, 2810, 2759, 2656, 2517, 2396, 1884, 1841, 1817, 1822, 1856, 1969, 2148, 2264, 2284, 2286, 2301, 2288, 2256, 2244, 2209, 2186, 2236, 2338, 2340, 2318, 2286, 2214, 2095, 1982, 4362, 4214, 4138, 4121, 4187, 4397, 4762, 5013, 5063, 5027, 4974, 4930, 4883, 4899, 4971, 5099, 5372, 5642, 5600, 5520, 5407, 5220, 4939, 4640, 133, 126, 124, 124, 126, 133, 145, 158, 163, 164, 164, 163, 161, 161, 162, 165, 176, 188, 187, 183, 178, 170, 158, 144, 85048, 83080, 82286, 82439, 84235, 88656, 95537, 100258, 100684, 99455, 98060, 96611, 95240, 94408, 93902, 94449, 97557, 103151, 104146, 103260, 101871, 99032, 94584, 90006, 0, 0, 0, 0, 0, 0, 0, 0, 0, 0, 0, 0, 0, 0, 0, 0, 0, 0, 0, 0, 0, 0, 0, 0, 0, 0, 0, 0, 0, 0, 0, 0, 0, 0, 0, 0, 0, 0, 0, 0, 0, 0, 0, 0, 0, 0, 0, 0, 0, 0, 0, 0, 0, 0, 0, 0, 0, 0, 0, 0, 0, 0, 0, 0, 0, 0, 0, 0, 0, 0, 0, 0, 0, 0, 0, 0, 0, 0, 0, 0, 0, 0, 0, 0, 0, 0, 0, 0, 0, 0, 0, 0, 0, 0, 0, 0, 0, 0, 0, 0, 0, 0, 0, 0, 0, 0, 0, 0, 0, 0, 0, 0, 0, 0, 0, 0, 0, 0, 0, 0, 0, 0, 0, 0, 0, 0, 0, 0, 0, 0, 0, 0, 0, 0, 0, 0, 0, 0, 0, 0, 0, 0, 0, 0, 0, 0, 0, 0, 0, 0, 0, 0, 0, 0, 0, 0, 0, 0, 0, 0, 0, 0, 0, 0, 0, 0, 0, 0, 18, 19, 7, 18, 7, 18, 7, 7, 7, 7, 18, 7, 18, 7, 5, 18, 7, 7, 7, 18, 17, 7, 0, 0, 0, 0, 0, 0, 0, 0, 0, 0, 0, 0, 0, 0, 0, 0, 0, 0, 0, 0, 0, 0, 0, 0, 0, 0, 0, 0, 0, 0, 0, 0, 0, 0, 0, 0
"2024-12-11", 533, 516, 509, 509, 519, 546, 595, 618, 603, 576, 550, 534, 530, 538, 554, 588, 647, 704, 708, 698, 686, 657, 615, 569, 3707, 3657, 3643, 3661, 3739, 3909, 4160, 4329, 4331, 4271, 4192, 4096, 4012, 3952, 3893, 3869, 3928, 4128, 4204, 4198, 4175, 4093, 3940, 3785, 5805, 5707, 5690, 5731, 5868, 6142, 6570, 6808, 6796, 6671, 6547, 6425, 6288, 6197, 6139, 6162, 6348, 6747, 6803, 6786, 6734, 6550, 6258, 5979, 3601, 3518, 3479, 3471, 3532, 3689, 3950, 4167, 4208, 4229, 4237, 4199, 4165, 4147, 4100, 4074, 4137, 4331, 4348, 4312, 4249, 4124, 3933, 3731, 3380, 3312, 3296, 3331, 3452, 3711, 4054, 4198, 4134, 3974, 3830, 3725, 3649, 3610, 3621, 3686, 3891, 4187, 4211, 4189, 4134, 4002, 3777, 3559, 10407, 10008, 9763, 9637, 9628, 9855, 10430, 11281, 11723, 11783, 11769, 11742, 11653, 11579, 11586, 11564, 11636, 12210, 12581, 12408, 12238, 11997, 11579, 10971, 1927, 1887, 1867, 1872, 1913, 2018, 2177, 2295, 2307, 2295, 2274, 2233, 2205, 2179, 2149, 2120, 2144, 2248, 2280, 2256, 2226, 2167, 2068, 1972, 2877, 2817, 2791, 2804, 2872, 3022, 3250, 3407, 3419, 3390, 3340, 3281, 3224, 3184, 3142, 3124, 3162, 3331, 3394, 3371, 3335, 3246, 3099, 2945, 12196, 12073, 12102, 12270, 12663, 13424, 14428, 14911, 14663, 14024, 13444, 12991, 12654, 12463, 12367, 12524, 13102, 14063, 14202, 14157, 14037, 13704, 13137, 12602, 1041, 1027, 1026, 1036, 1068, 1139, 1245, 1280, 1252, 1197, 1147, 1111, 1083, 1069, 1068, 1098, 1175, 1270, 1282, 1279, 1262, 1220, 1155, 1095, 1394, 1365, 1354, 1353, 1376, 1436, 1532, 1609, 1635, 1648, 1651, 1646, 1633, 1623, 1608, 1603, 1633, 1714, 1715, 1697, 1671, 1621, 1543, 1459, 1694, 1681, 1688, 1700, 1729, 1815, 1938, 1993, 1964, 1887, 1791, 1695, 1628, 1578, 1539, 1533, 1578, 1708, 1796, 1810, 1814, 1788, 1730, 1666, 2254, 2175, 2139, 2140, 2194, 2334, 2568, 2704, 2712, 2650, 2572, 2533, 2514, 2535, 2591, 2686, 2905, 3129, 3134, 3083, 3011, 2873, 2657, 2441, 1731, 1697, 1685, 1694, 1744, 1858, 2020, 2101, 2105, 2080, 2055, 2027, 1991, 1974, 1953, 1962, 2045, 2162, 2163, 2146, 2113, 2036, 1922, 1814, 43, 42, 42, 43, 43, 44, 49, 49, 49, 50, 46, 48, 47, 47, 47, 47, 48, 48, 48, 48, 48, 47, 45, 44, 4069, 3956, 3910, 3924, 4044, 4329, 4701, 4959, 5007, 4957, 4902, 4845, 4785, 4752, 4731, 4779, 5001, 5296, 5289, 5209, 5115, 4937, 4640, 4343, 1502, 1468, 1461, 1475, 1534, 1666, 1840, 1940, 1928, 1866, 1799, 1749, 1716, 1691, 1692, 1720, 1802, 1909, 1888, 1861, 1818, 1758, 1668, 1579, 2322, 2276, 2261, 2275, 2335, 2480, 2724, 2862, 2870, 2826, 2786, 2738, 2694, 2674, 2647, 2653, 2754, 2896, 2891, 2861, 2809, 2710, 2563, 2438, 1918, 1881, 1860, 1864, 1907, 2021, 2205, 2312, 2326, 2328, 2330, 2320, 2294, 2276, 2230, 2210, 2261, 2363, 2362, 2345, 2320, 2246, 2121, 2002, 4409, 4267, 4195, 4179, 4248, 4460, 4834, 5093, 5138, 5087, 5007, 4968, 4958, 4990, 5067, 5182, 5446, 5709, 5667, 5598, 5493, 5312, 5019, 4707, 134, 128, 126, 125, 128, 135, 148, 160, 165, 167, 166, 165, 164, 164, 164, 167, 178, 190, 188, 185, 180, 171, 159, 145, 86995, 85173, 84490, 84782, 86677, 91214, 98180, 102854, 103117, 101389, 99464, 97623, 96043, 95132, 94562, 95017, 98042, 103750, 104797, 104018, 102733, 99930, 95311, 90546, 0, 0, 0, 0, 0, 0, 0, 0, 0, 0, 0, 0, 0, 0, 0, 0, 0, 0, 0, 0, 0, 0, 0, 0, 0, 0, 0, 0, 0, 0, 0, 0, 0, 0, 0, 0, 0, 0, 0, 0, 0, 0, 0, 0, 0, 0, 0, 0, 0, 0, 0, 0, 0, 0, 0, 0, 0, 0, 0, 0, 0, 0, 0, 0, 0, 0, 0, 0, 0, 0, 0, 0, 0, 0, 0, 0, 0, 0, 0, 0, 0, 0, 0, 0, 0, 0, 0, 0, 0, 0, 0, 0, 0, 0, 0, 0, 0, 0, 0, 0, 0, 0, 0, 0, 0, 0, 0, 0, 0, 0, 0, 0, 0, 0, 0, 0, 0, 0, 0, 0, 0, 0, 0, 0, 0, 0, 0, 0, 0, 0, 0, 0, 0, 0, 0, 0, 0, 0, 0, 0, 0, 0, 0, 0, 0, 0, 0, 0, 0, 0, 0, 0, 0, 0, 0, 0, 0, 0, 0, 0, 0, 0, 0, 0, 0, 0, 0, 0, 18, 9, 19, 18, 19, 19, 18, 18, 7, 19, 18, 20, 18, 18, 9, 18, 7, 18, 18, 17, 17, 18, 0, 0, 0, 0, 0, 0, 0, 0, 0, 0, 0, 0, 0, 0, 0, 0, 0, 0, 0, 0, 0, 0, 0, 0, 0, 0, 0, 0, 0, 0, 0, 0, 0, 0, 0, 0
"2024-12-12", 538, 524, 515, 514, 523, 550, 600, 621, 605, 575, 549, 532, 526, 538, 559, 595, 652, 712, 713, 706, 693, 663, 620, 574, 3684, 3630, 3616, 3629, 3703, 3876, 4133, 4304, 4308, 4254, 4178, 4094, 4019, 3967, 3912, 3887, 3956, 4143, 4211, 4200, 4174, 4089, 3936, 3778, 5765, 5662, 5635, 5678, 5807, 6086, 6496, 6742, 6739, 6632, 6508, 6390, 6272, 6194, 6131, 6157, 6338, 6702, 6761, 6731, 6667, 6482, 6202, 5917, 3589, 3511, 3474, 3467, 3525, 3678, 3943, 4157, 4204, 4230, 4244, 4214, 4184, 4166, 4117, 4084, 4133, 4324, 4336, 4293, 4225, 4099, 3903, 3699, 3387, 3312, 3289, 3316, 3432, 3678, 4014, 4160, 4104, 3954, 3823, 3732, 3667, 3624, 3624, 3694, 3901, 4192, 4209, 4169, 4096, 3965, 3742, 3520, 10391, 9981, 9734, 9599, 9593, 9817, 10397, 11259, 11709, 11816, 11837, 11832, 11760, 11669, 11652, 11598, 11654, 12202, 12534, 12344, 12159, 11910, 11503, 10879, 1904, 1864, 1842, 1843, 1883, 1989, 2149, 2268, 2285, 2282, 2273, 2245, 2217, 2191, 2164, 2139, 2162, 2262, 2281, 2254, 2224, 2159, 2061, 1962, 2834, 2773, 2744, 2750, 2812, 2964, 3199, 3368, 3393, 3377, 3355, 3306, 3268, 3223, 3188, 3170, 3207, 3370, 3418, 3383, 3340, 3252, 3110, 2954, 12154, 12023, 12019, 12158, 12533, 13275, 14264, 14748, 14479, 13869, 13355, 12960, 12642, 12431, 12341, 12526, 13137, 14064, 14183, 14129, 13997, 13643, 13099, 12567, 1046, 1029, 1026, 1034, 1063, 1132, 1233, 1272, 1241, 1189, 1145, 1110, 1083, 1070, 1073, 1102, 1177, 1273, 1283, 1276, 1256, 1213, 1148, 1086, 1397, 1363, 1349, 1345, 1370, 1434, 1528, 1603, 1637, 1651, 1656, 1650, 1640, 1632, 1618, 1613, 1642, 1715, 1718, 1695, 1666, 1617, 1540, 1455, 1624, 1614, 1617, 1644, 1695, 1780, 1911, 1968, 1939, 1877, 1801, 1720, 1659, 1618, 1585, 1581, 1622, 1744, 1825, 1839, 1854, 1828, 1765, 1697, 2271, 2192, 2152, 2151, 2200, 2338, 2566, 2704, 2706, 2646, 2586, 2539, 2510, 2523, 2581, 2689, 2913, 3134, 3137, 3084, 3010, 2871, 2658, 2445, 1733, 1694, 1681, 1687, 1735, 1846, 2003, 2088, 2091, 2075, 2056, 2034, 2005, 1989, 1967, 1973, 2054, 2166, 2160, 2137, 2103, 2025, 1910, 1799, 44, 43, 43, 43, 44, 44, 46, 46, 45, 44, 44, 44, 44, 44, 44, 46, 46, 47, 47, 47, 48, 46, 45, 43, 4109, 3988, 3935, 3941, 4052, 4335, 4703, 4956, 4996, 4953, 4907, 4858, 4809, 4771, 4745, 4788, 5007, 5310, 5292, 5199, 5102, 4915, 4620, 4333, 1503, 1462, 1452, 1464, 1522, 1652, 1826, 1924, 1915, 1854, 1800, 1754, 1726, 1707, 1701, 1732, 1811, 1913, 1894, 1855, 1810, 1751, 1659, 1572, 2331, 2287, 2264, 2273, 2330, 2470, 2706, 2835, 2853, 2825, 2794, 2753, 2709, 2687, 2657, 2664, 2771, 2905, 2889, 2857, 2798, 2698, 2547, 2422, 1922, 1882, 1859, 1861, 1898, 2008, 2190, 2301, 2328, 2330, 2329, 2313, 2290, 2273, 2232, 2213, 2267, 2364, 2360, 2336, 2301, 2230, 2104, 1986, 4443, 4294, 4219, 4205, 4274, 4486, 4857, 5110, 5149, 5100, 5048, 4989, 4947, 4985, 5066, 5193, 5461, 5723, 5677, 5596, 5485, 5304, 5020, 4709, 134, 128, 126, 126, 128, 135, 148, 160, 165, 167, 167, 166, 165, 164, 165, 168, 180, 191, 189, 185, 180, 172, 160, 146, 86786, 84885, 84095, 84292, 86121, 90603, 97537, 102226, 102551, 101058, 99444, 97803, 96351, 95456, 94886, 95359, 98410, 103909, 104766, 103806, 102393, 99531, 94947, 90147, 0, 0, 0, 0, 0, 0, 0, 0, 0, 0, 0, 0, 0, 0, 0, 0, 0, 0, 0, 0, 0, 0, 0, 0, 0, 0, 0, 0, 0, 0, 0, 0, 0, 0, 0, 0, 0, 0, 0, 0, 0, 0, 0, 0, 0, 0, 0, 0, 0, 0, 0, 0, 0, 0, 0, 0, 0, 0, 0, 0, 0, 0, 0, 0, 0, 0, 0, 0, 0, 0, 0, 0, 0, 0, 0, 0, 0, 0, 0, 0, 0, 0, 0, 0, 0, 0, 0, 0, 0, 0, 0, 0, 0, 0, 0, 0, 0, 0, 0, 0, 0, 0, 0, 0, 0, 0, 0, 0, 0, 0, 0, 0, 0, 0, 0, 0, 0, 0, 0, 0, 0, 0, 0, 0, 0, 0, 0, 0, 0, 0, 0, 0, 0, 0, 0, 0, 0, 0, 0, 0, 0, 0, 0, 0, 0, 0, 0, 0, 0, 0, 0, 0, 0, 0, 0, 0, 0, 0, 0, 0, 0, 0, 0, 0, 0, 0, 0, 0, 18, 17, 19, 18, 18, 18, 18, 18, 20, 19, 18, 8, 18, 18, 22, 17, 17, 18, 18, 17, 17, 18, 0, 0, 0, 0, 0, 0, 0, 0, 0, 0, 0, 0, 0, 0, 0, 0, 0, 0, 0, 0, 0, 0, 0, 0, 0, 0, 0, 0, 0, 0, 0, 0, 0, 0, 0, 0
"2024-12-13", 541, 522, 514, 512, 519, 545, 591, 612, 601, 577, 551, 534, 531, 539, 557, 591, 645, 698, 697, 686, 675, 652, 618, 575, 3654, 3598, 3575, 3589, 3655, 3812, 4051, 4211, 4219, 4187, 4133, 4055, 3985, 3932, 3873, 3849, 3903, 4057, 4072, 4038, 4006, 3936, 3811, 3658, 5709, 5598, 5561, 5578, 5691, 5940, 6327, 6565, 6586, 6520, 6417, 6318, 6198, 6119, 6053, 6067, 6228, 6540, 6540, 6486, 6418, 6271, 6035, 5769, 3557, 3466, 3428, 3419, 3470, 3616, 3869, 4069, 4120, 4147, 4157, 4123, 4080, 4047, 4001, 3967, 4016, 4183, 4173, 4109, 4048, 3936, 3775, 3581, 3350, 3265, 3231, 3254, 3363, 3592, 3908, 4052, 4010, 3896, 3802, 3707, 3645, 3609, 3613, 3689, 3884, 4119, 4100, 4045, 3974, 3873, 3703, 3520, 10267, 9847, 9588, 9447, 9436, 9650, 10195, 11002, 11446, 11559, 11601, 11609, 11539, 11469, 11449, 11393, 11451, 11970, 12257, 12059, 11848, 11611, 11273, 10731, 1890, 1846, 1822, 1822, 1856, 1951, 2099, 2211, 2231, 2234, 2221, 2186, 2155, 2128, 2098, 2069, 2090, 2172, 2178, 2141, 2107, 2055, 1967, 1862, 2824, 2760, 2729, 2731, 2783, 2921, 3131, 3287, 3318, 3311, 3292, 3241, 3204, 3166, 3128, 3109, 3144, 3273, 3293, 3244, 3197, 3121, 3009, 2872, 12184, 12013, 11980, 12093, 12461, 13164, 14104, 14577, 14367, 13832, 13331, 12925, 12617, 12435, 12367, 12550, 13108, 13918, 13901, 13756, 13597, 13324, 12903, 12434, 1039, 1018, 1012, 1018, 1045, 1107, 1202, 1239, 1215, 1168, 1125, 1091, 1063, 1048, 1052, 1081, 1152, 1234, 1235, 1223, 1206, 1174, 1122, 1069, 1392, 1356, 1338, 1335, 1357, 1414, 1507, 1584, 1610, 1630, 1631, 1627, 1617, 1607, 1592, 1585, 1613, 1681, 1671, 1646, 1618, 1577, 1513, 1438, 1648, 1633, 1638, 1652, 1687, 1764, 1886, 1935, 1904, 1876, 1809, 1747, 1687, 1649, 1627, 1620, 1653, 1732, 1776, 1774, 1759, 1738, 1696, 1639, 2269, 2179, 2141, 2132, 2175, 2304, 2528, 2663, 2673, 2622, 2561, 2512, 2489, 2504, 2560, 2657, 2858, 3053, 3036, 2975, 2903, 2793, 2620, 2430, 1720, 1678, 1662, 1662, 1701, 1802, 1951, 2034, 2043, 2028, 2011, 1980, 1945, 1924, 1900, 1903, 1983, 2077, 2060, 2032, 2000, 1935, 1838, 1732, 42, 41, 39, 40, 41, 42, 43, 45, 44, 44, 44, 43, 43, 43, 40, 42, 42, 44, 43, 43, 44, 42, 41, 40, 4096, 3965, 3903, 3906, 4007, 4274, 4617, 4859, 4913, 4886, 4842, 4797, 4739, 4691, 4664, 4717, 4913, 5173, 5124, 5012, 4912, 4753, 4513, 4266, 1492, 1452, 1434, 1445, 1496, 1617, 1785, 1880, 1876, 1830, 1784, 1746, 1715, 1700, 1699, 1725, 1798, 1887, 1851, 1808, 1763, 1712, 1641, 1568, 2314, 2265, 2245, 2252, 2297, 2426, 2648, 2775, 2793, 2766, 2730, 2687, 2637, 2613, 2587, 2590, 2685, 2806, 2777, 2737, 2684, 2601, 2480, 2352, 1905, 1859, 1840, 1837, 1871, 1968, 2134, 2241, 2268, 2275, 2277, 2249, 2219, 2192, 2153, 2128, 2177, 2260, 2247, 2217, 2177, 2111, 2008, 1896, 4433, 4278, 4196, 4174, 4235, 4430, 4782, 5021, 5060, 5029, 4963, 4909, 4874, 4892, 4960, 5070, 5326, 5568, 5510, 5421, 5311, 5160, 4932, 4668, 134, 128, 125, 125, 127, 134, 146, 157, 163, 165, 164, 163, 162, 161, 162, 164, 176, 186, 184, 179, 174, 168, 158, 146, 86290, 84208, 83288, 83363, 84991, 89143, 95668, 100142, 100641, 99550, 98116, 96523, 95052, 94134, 93575, 93986, 96757, 101514, 101578, 100214, 98722, 96340, 92640, 88285, 0, 0, 0, 0, 0, 0, 0, 0, 0, 0, 0, 0, 0, 0, 0, 0, 0, 0, 0, 0, 0, 0, 0, 0, 0, 0, 0, 0, 0, 0, 0, 0, 0, 0, 0, 0, 0, 0, 0, 0, 0, 0, 0, 0, 0, 0, 0, 0, 0, 0, 0, 0, 0, 0, 0, 0, 0, 0, 0, 0, 0, 0, 0, 0, 0, 0, 0, 0, 0, 0, 0, 0, 0, 0, 0, 0, 0, 0, 0, 0, 0, 0, 0, 0, 0, 0, 0, 0, 0, 0, 0, 0, 0, 0, 0, 0, 0, 0, 0, 0, 0, 0, 0, 0, 0, 0, 0, 0, 0, 0, 0, 0, 0, 0, 0, 0, 0, 0, 0, 0, 0, 0, 0, 0, 0, 0, 0, 0, 0, 0, 0, 0, 0, 0, 0, 0, 0, 0, 0, 0, 0, 0, 0, 0, 0, 0, 0, 0, 0, 0, 0, 0, 0, 0, 0, 0, 0, 0, 0, 0, 0, 0, 0, 0, 0, 0, 0, 0, 17, 17, 19, 17, 20, 18, 17, 18, 21, 20, 17, 17, 17, 7, 0, 17, 7, 7, 7, 17, 17, 18, 0, 0, 0, 0, 0, 0, 0, 0, 0, 0, 0, 0, 0, 0, 0, 0, 0, 0, 0, 0, 0, 0, 0, 0, 0, 0, 0, 0, 0, 0, 0, 0, 0, 0, 0, 0
"2024-12-14", 540, 519, 507, 501, 504, 515, 538, 557, 565, 558, 547, 535, 528, 529, 542, 573, 623, 674, 671, 661, 650, 633, 603, 566, 3554, 3487, 3456, 3444, 3467, 3537, 3639, 3761, 3838, 3865, 3844, 3794, 3724, 3654, 3606, 3594, 3655, 3823, 3855, 3830, 3798, 3736, 3636, 3511, 5591, 5480, 5430, 5430, 5489, 5604, 5779, 5976, 6113, 6166, 6130, 6041, 5929, 5831, 5774, 5783, 5935, 6232, 6244, 6204, 6148, 6015, 5818, 5582, 3443, 3345, 3295, 3274, 3287, 3355, 3465, 3598, 3690, 3771, 3813, 3808, 3775, 3738, 3709, 3707, 3781, 3957, 3958, 3911, 3856, 3765, 3628, 3470, 3378, 3293, 3249, 3246, 3294, 3409, 3558, 3695, 3771, 3756, 3706, 3632, 3563, 3502, 3493, 3540, 3704, 3930, 3935, 3892, 3850, 3759, 3615, 3452, 10196, 9766, 9474, 9302, 9234, 9301, 9547, 9946, 10208, 10411, 10528, 10573, 10539, 10457, 10318, 10264, 10377, 10962, 11341, 11295, 11173, 11030, 10780, 10373, 1793, 1738, 1708, 1698, 1709, 1749, 1815, 1895, 1953, 1994, 2002, 1987, 1951, 1927, 1900, 1890, 1919, 2006, 2025, 1998, 1973, 1930, 1867, 1789, 2762, 2688, 2648, 2626, 2639, 2694, 2787, 2904, 2987, 3042, 3055, 3040, 3000, 2950, 2917, 2905, 2943, 3085, 3127, 3093, 3066, 3008, 2913, 2795, 12098, 11902, 11838, 11870, 12046, 12379, 12864, 13321, 13471, 13245, 12905, 12573, 12255, 11981, 11859, 11977, 12470, 13239, 13303, 13236, 13119, 12885, 12504, 12070, 1029, 1007, 997, 997, 1011, 1043, 1090, 1134, 1150, 1134, 1107, 1077, 1048, 1031, 1029, 1052, 1113, 1185, 1183, 1171, 1156, 1128, 1083, 1033, 1382, 1345, 1324, 1315, 1320, 1342, 1380, 1427, 1467, 1502, 1521, 1527, 1522, 1512, 1500, 1498, 1535, 1608, 1609, 1591, 1571, 1535, 1484, 1417, 1592, 1574, 1564, 1568, 1573, 1607, 1657, 1706, 1765, 1766, 1740, 1689, 1632, 1587, 1557, 1546, 1573, 1655, 1699, 1698, 1698, 1681, 1637, 1586, 2269, 2173, 2123, 2101, 2117, 2175, 2281, 2385, 2465, 2483, 2465, 2438, 2423, 2418, 2450, 2520, 2708, 2895, 2889, 2841, 2783, 2692, 2548, 2378, 1662, 1615, 1593, 1588, 1603, 1649, 1717, 1794, 1856, 1884, 1882, 1863, 1831, 1799, 1777, 1787, 1858, 1943, 1925, 1896, 1865, 1810, 1732, 1646, 40, 41, 40, 42, 42, 43, 44, 44, 45, 43, 42, 41, 41, 41, 40, 40, 42, 42, 42, 41, 42, 41, 41, 40, 4073, 3932, 3859, 3837, 3874, 3990, 4173, 4344, 4510, 4618, 4643, 4628, 4573, 4506, 4476, 4509, 4689, 4920, 4899, 4819, 4741, 4609, 4423, 4201, 1512, 1471, 1445, 1441, 1455, 1495, 1559, 1632, 1682, 1687, 1663, 1636, 1610, 1580, 1572, 1585, 1639, 1730, 1735, 1721, 1703, 1667, 1610, 1546, 2265, 2210, 2181, 2177, 2203, 2264, 2365, 2468, 2552, 2590, 2592, 2568, 2521, 2480, 2457, 2466, 2554, 2661, 2639, 2605, 2560, 2493, 2386, 2272, 1823, 1774, 1748, 1742, 1760, 1809, 1876, 1953, 2025, 2073, 2090, 2082, 2053, 2023, 1998, 1998, 2058, 2148, 2135, 2107, 2072, 2014, 1929, 1837, 4430, 4266, 4167, 4121, 4125, 4206, 4355, 4469, 4571, 4631, 4626, 4607, 4580, 4575, 4615, 4710, 4962, 5222, 5212, 5150, 5076, 4963, 4777, 4552, 135, 129, 125, 124, 125, 128, 133, 139, 145, 148, 149, 150, 149, 148, 148, 151, 162, 174, 174, 171, 167, 163, 155, 144, 84944, 82696, 81490, 81098, 81667, 83500, 86480, 89742, 91901, 92623, 92228, 91218, 89827, 88515, 87791, 88178, 90887, 95674, 96258, 95397, 94299, 92363, 89302, 85601, 0, 0, 0, 0, 0, 0, 0, 0, 0, 0, 0, 0, 0, 0, 0, 0, 0, 0, 0, 0, 0, 0, 0, 0, 0, 0, 0, 0, 0, 0, 0, 0, 0, 0, 0, 0, 0, 0, 0, 0, 0, 0, 0, 0, 0, 0, 0, 0, 0, 0, 0, 0, 0, 0, 0, 0, 0, 0, 0, 0, 0, 0, 0, 0, 0, 0, 0, 0, 0, 0, 0, 0, 0, 0, 0, 0, 0, 0, 0, 0, 0, 0, 0, 0, 0, 0, 0, 0, 0, 0, 0, 0, 0, 0, 0, 0, 0, 0, 0, 0, 0, 0, 0, 0, 0, 0, 0, 0, 0, 0, 0, 0, 0, 0, 0, 0, 0, 0, 0, 0, 0, 0, 0, 0, 0, 0, 0, 0, 0, 0, 0, 0, 0, 0, 0, 0, 0, 0, 0, 0, 0, 0, 0, 0, 0, 0, 0, 0, 0, 0, 0, 0, 0, 0, 0, 0, 0, 0, 0, 0, 0, 0, 0, 0, 0, 0, 0, 0, 17, 10, 9, 10, 7, 19, 10, 9, 7, 7, 12, 0, 17, 17, 8, 17, 8, 11, 10, 17, 17, 8, 0, 0, 0, 0, 0, 0, 0, 0, 0, 0, 0, 0, 0, 0, 0, 0, 0, 0, 0, 0, 0, 0, 0, 0, 0, 0, 0, 0, 0, 0, 0, 0, 0, 0, 0, 0
"2024-12-15", 530, 510, 499, 494, 495, 504, 522, 535, 539, 527, 510, 503, 505, 512, 531, 561, 615, 669, 670, 663, 650, 626, 588, 550, 3426, 3363, 3336, 3332, 3357, 3411, 3501, 3628, 3717, 3742, 3705, 3657, 3627, 3576, 3540, 3544, 3627, 3832, 3896, 3895, 3873, 3797, 3679, 3564, 5434, 5316, 5265, 5254, 5299, 5399, 5560, 5757, 5912, 5952, 5894, 5837, 5776, 5699, 5651, 5695, 5895, 6274, 6333, 6318, 6274, 6113, 5885, 5664, 3335, 3243, 3198, 3178, 3183, 3234, 3323, 3438, 3524, 3605, 3641, 3651, 3654, 3638, 3623, 3633, 3726, 3946, 3976, 3944, 3896, 3790, 3644, 3489, 3335, 3241, 3198, 3189, 3227, 3322, 3444, 3563, 3638, 3624, 3572, 3515, 3479, 3461, 3468, 3518, 3704, 3981, 4012, 3989, 3951, 3834, 3645, 3448, 9920, 9553, 9299, 9150, 9073, 9099, 9239, 9481, 9616, 9754, 9875, 9950, 9973, 9981, 9969, 10001, 10169, 10798, 11248, 11233, 11161, 10993, 10700, 10248, 1728, 1683, 1661, 1651, 1660, 1691, 1747, 1824, 1882, 1916, 1914, 1904, 1893, 1868, 1849, 1846, 1892, 2014, 2052, 2041, 2021, 1973, 1906, 1840, 2696, 2625, 2592, 2577, 2594, 2637, 2724, 2826, 2908, 2963, 2974, 2957, 2934, 2901, 2876, 2877, 2939, 3117, 3187, 3170, 3145, 3065, 2940, 2809, 11851, 11652, 11578, 11612, 11753, 12038, 12470, 12904, 13081, 12871, 12531, 12257, 12071, 11916, 11854, 11992, 12542, 13398, 13536, 13489, 13366, 13039, 12546, 12044, 1004, 983, 974, 975, 988, 1016, 1060, 1104, 1123, 1105, 1076, 1048, 1028, 1016, 1018, 1041, 1113, 1196, 1201, 1195, 1180, 1140, 1083, 1027, 1363, 1326, 1304, 1293, 1297, 1316, 1349, 1386, 1423, 1459, 1480, 1489, 1491, 1489, 1485, 1486, 1531, 1616, 1623, 1608, 1588, 1547, 1485, 1411, 1566, 1542, 1542, 1548, 1565, 1606, 1650, 1728, 1802, 1811, 1748, 1676, 1631, 1592, 1555, 1555, 1597, 1695, 1761, 1779, 1775, 1745, 1690, 1621, 2232, 2132, 2084, 2062, 2067, 2114, 2195, 2276, 2338, 2351, 2328, 2316, 2327, 2351, 2400, 2487, 2706, 2921, 2927, 2889, 2825, 2706, 2528, 2336, 1586, 1541, 1518, 1513, 1526, 1562, 1625, 1701, 1763, 1790, 1791, 1784, 1773, 1752, 1743, 1761, 1856, 1968, 1965, 1946, 1918, 1857, 1769, 1683, 40, 40, 40, 40, 40, 40, 41, 42, 41, 42, 40, 41, 40, 41, 41, 41, 42, 44, 44, 44, 43, 43, 42, 42, 4028, 3899, 3826, 3797, 3818, 3906, 4051, 4188, 4330, 4431, 4460, 4473, 4466, 4444, 4438, 4483, 4698, 4981, 4988, 4933, 4866, 4695, 4471, 4220, 1493, 1451, 1423, 1418, 1426, 1458, 1509, 1562, 1597, 1603, 1586, 1561, 1550, 1540, 1543, 1568, 1641, 1741, 1762, 1754, 1738, 1693, 1618, 1539, 2200, 2147, 2120, 2116, 2133, 2181, 2274, 2373, 2456, 2486, 2485, 2475, 2458, 2422, 2404, 2424, 2538, 2668, 2663, 2641, 2600, 2516, 2396, 2290, 1768, 1726, 1703, 1696, 1707, 1740, 1808, 1893, 1968, 2008, 2018, 2019, 2013, 1987, 1966, 1978, 2050, 2166, 2168, 2148, 2121, 2051, 1965, 1879, 4342, 4190, 4090, 4040, 4038, 4090, 4198, 4256, 4319, 4351, 4347, 4358, 4385, 4425, 4512, 4635, 4924, 5223, 5238, 5200, 5130, 4992, 4768, 4505, 134, 128, 124, 123, 123, 125, 129, 132, 136, 139, 140, 140, 141, 142, 145, 149, 161, 174, 175, 173, 169, 163, 153, 141, 82791, 80658, 79538, 79180, 79608, 81060, 83549, 86433, 88440, 89021, 88472, 87764, 87233, 86551, 86286, 87070, 90408, 96064, 97311, 96858, 95901, 93460, 89798, 85871, 0, 0, 0, 0, 0, 0, 0, 0, 0, 0, 0, 0, 0, 0, 0, 0, 0, 0, 0, 0, 0, 0, 0, 0, 0, 0, 0, 0, 0, 0, 0, 0, 0, 0, 0, 0, 0, 0, 0, 0, 0, 0, 0, 0, 0, 0, 0, 0, 0, 0, 0, 0, 0, 0, 0, 0, 0, 0, 0, 0, 0, 0, 0, 0, 0, 0, 0, 0, 0, 0, 0, 0, 0, 0, 0, 0, 0, 0, 0, 0, 0, 0, 0, 0, 0, 0, 0, 0, 0, 0, 0, 0, 0, 0, 0, 0, 0, 0, 0, 0, 0, 0, 0, 0, 0, 0, 0, 0, 0, 0, 0, 0, 0, 0, 0, 0, 0, 0, 0, 0, 0, 0, 0, 0, 0, 0, 0, 0, 0, 0, 0, 0, 0, 0, 0, 0, 0, 0, 0, 0, 0, 0, 0, 0, 0, 0, 0, 0, 0, 0, 0, 0, 0, 0, 0, 0, 0, 0, 0, 0, 0, 0, 0, 0, 0, 0, 0, 0, 18, 19, 18, 18, 18, 20, 18, 18, 7, 17, 18, 8, 18, 17, 19, 17, 18, 18, 17, 18, 18, 18, 0, 0, 0, 0, 0, 0, 0, 0, 0, 0, 0, 0, 0, 0, 0, 0, 0, 0, 0, 0, 0, 0, 0, 0, 0, 0, 0, 0, 0, 0, 0, 0, 0, 0, 0, 0
"2024-12-16", 514, 497, 490, 489, 498, 525, 572, 596, 587, 565, 545, 534, 530, 532, 553, 582, 636, 694, 698, 688, 673, 646, 602, 558, 3458, 3417, 3411, 3430, 3507, 3670, 3928, 4097, 4126, 4103, 4068, 4008, 3955, 3909, 3855, 3829, 3894, 4081, 4138, 4124, 4091, 3995, 3842, 3688, 5488, 5419, 5412, 5452, 5598, 5860, 6269, 6532, 6552, 6499, 6422, 6327, 6219, 6150, 6089, 6114, 6293, 6643, 6690, 6668, 6590, 6401, 6113, 5839, 3363, 3293, 3266, 3269, 3333, 3496, 3768, 3993, 4054, 4097, 4133, 4121, 4105, 4101, 4065, 4033, 4086, 4263, 4268, 4221, 4157, 4026, 3828, 3630, 3264, 3194, 3169, 3198, 3320, 3561, 3878, 4030, 3991, 3889, 3775, 3700, 3632, 3580, 3578, 3637, 3853, 4134, 4154, 4118, 4039, 3909, 3683, 3466, 9746, 9416, 9223, 9138, 9172, 9425, 10010, 10855, 11320, 11447, 11491, 11501, 11457, 11410, 11397, 11358, 11424, 11985, 12374, 12211, 12042, 11805, 11410, 10819, 1777, 1744, 1729, 1738, 1780, 1885, 2046, 2168, 2195, 2208, 2212, 2196, 2179, 2162, 2136, 2111, 2133, 2239, 2260, 2229, 2193, 2129, 2029, 1933, 2685, 2626, 2603, 2615, 2677, 2829, 3059, 3219, 3252, 3253, 3249, 3225, 3200, 3164, 3133, 3120, 3159, 3322, 3379, 3342, 3292, 3195, 3045, 2890, 11545, 11400, 11398, 11551, 11939, 12671, 13644, 14174, 14032, 13585, 13188, 12857, 12580, 12373, 12266, 12411, 12971, 13895, 14011, 13923, 13748, 13360, 12788, 12238, 974, 957, 955, 965, 995, 1065, 1167, 1214, 1200, 1160, 1128, 1098, 1073, 1062, 1062, 1084, 1155, 1248, 1259, 1250, 1228, 1182, 1115, 1053, 1348, 1318, 1305, 1303, 1324, 1384, 1477, 1555, 1586, 1607, 1613, 1611, 1606, 1601, 1590, 1586, 1616, 1689, 1687, 1665, 1635, 1588, 1511, 1421, 1549, 1539, 1546, 1559, 1591, 1680, 1808, 1853, 1835, 1802, 1756, 1708, 1660, 1627, 1589, 1580, 1630, 1735, 1818, 1825, 1816, 1780, 1705, 1641, 2167, 2089, 2059, 2059, 2109, 2246, 2462, 2606, 2633, 2589, 2532, 2496, 2480, 2490, 2547, 2644, 2851, 3067, 3074, 3018, 2938, 2795, 2587, 2379, 1619, 1587, 1578, 1590, 1639, 1752, 1909, 2002, 2020, 2015, 2011, 1993, 1967, 1948, 1930, 1934, 2018, 2122, 2116, 2092, 2056, 1976, 1866, 1762, 41, 41, 42, 40, 43, 43, 44, 45, 45, 46, 44, 44, 46, 45, 46, 47, 48, 48, 47, 47, 44, 43, 44, 43, 3980, 3874, 3821, 3838, 3954, 4228, 4578, 4832, 4900, 4878, 4840, 4808, 4761, 4724, 4706, 4750, 4950, 5244, 5225, 5133, 5028, 4841, 4550, 4260, 1455, 1417, 1406, 1422, 1483, 1609, 1775, 1870, 1873, 1833, 1784, 1747, 1715, 1691, 1679, 1705, 1782, 1885, 1862, 1830, 1784, 1724, 1636, 1541, 2209, 2168, 2159, 2175, 2233, 2374, 2606, 2743, 2775, 2760, 2744, 2713, 2672, 2647, 2623, 2628, 2725, 2851, 2839, 2805, 2745, 2639, 2496, 2373, 1813, 1778, 1766, 1772, 1813, 1920, 2099, 2210, 2252, 2267, 2281, 2270, 2255, 2239, 2204, 2183, 2233, 2324, 2327, 2297, 2271, 2193, 2067, 1955, 4259, 4125, 4058, 4053, 4130, 4347, 4709, 4971, 5037, 5027, 4971, 4932, 4912, 4939, 5018, 5134, 5386, 5639, 5595, 5517, 5402, 5218, 4932, 4623, 131, 126, 124, 124, 126, 133, 145, 157, 163, 165, 165, 164, 163, 163, 163, 166, 177, 188, 187, 183, 178, 170, 157, 143, 82214, 80551, 79966, 80328, 82271, 86722, 93555, 98359, 99226, 98451, 97427, 96227, 95064, 94254, 93710, 94085, 97010, 102402, 103265, 102274, 100735, 97740, 93138, 88411, 0, 0, 0, 0, 0, 0, 0, 0, 0, 0, 0, 0, 0, 0, 0, 0, 0, 0, 0, 0, 0, 0, 0, 0, 0, 0, 0, 0, 0, 0, 0, 0, 0, 0, 0, 0, 0, 0, 0, 0, 0, 0, 0, 0, 0, 0, 0, 0, 0, 0, 0, 0, 0, 0, 0, 0, 0, 0, 0, 0, 0, 0, 0, 0, 0, 0, 0, 0, 0, 0, 0, 0, 0, 0, 0, 0, 0, 0, 0, 0, 0, 0, 0, 0, 0, 0, 0, 0, 0, 0, 0, 0, 0, 0, 0, 0, 0, 0, 0, 0, 0, 0, 0, 0, 0, 0, 0, 0, 0, 0, 0, 0, 0, 0, 0, 0, 0, 0, 0, 0, 0, 0, 0, 0, 0, 0, 0, 0, 0, 0, 0, 0, 0, 0, 0, 0, 0, 0, 0, 0, 0, 0, 0, 0, 0, 0, 0, 0, 0, 0, 0, 0, 0, 0, 0, 0, 0, 0, 0, 0, 0, 0, 0, 0, 0, 0, 0, 0, 18, 18, 7, 18, 7, 19, 18, 19, 7, 7, 18, 6, 18, 8, 22, 8, 7, 8, 18, 17, 18, 8, 0, 0, 0, 0, 0, 0, 0, 0, 0, 0, 0, 0, 0, 0, 0, 0, 0, 0, 0, 0, 0, 0, 0, 0, 0, 0, 0, 0, 0, 0, 0, 0, 0, 0, 0, 0
"2024-12-17", 527, 508, 499, 499, 507, 533, 581, 603, 589, 560, 532, 518, 508, 514, 535, 573, 633, 692, 695, 688, 673, 646, 605, 561, 3603, 3547, 3530, 3539, 3612, 3775, 4027, 4197, 4204, 4173, 4124, 4055, 3995, 3946, 3898, 3879, 3943, 4139, 4205, 4199, 4175, 4089, 3943, 3791, 5665, 5549, 5524, 5549, 5668, 5948, 6354, 6609, 6606, 6530, 6432, 6328, 6232, 6160, 6101, 6138, 6325, 6696, 6753, 6731, 6668, 6482, 6205, 5943, 3511, 3431, 3386, 3384, 3446, 3599, 3868, 4086, 4139, 4174, 4195, 4176, 4149, 4136, 4094, 4069, 4123, 4308, 4321, 4277, 4218, 4094, 3911, 3718, 3304, 3223, 3197, 3223, 3337, 3581, 3907, 4052, 3996, 3862, 3738, 3650, 3577, 3544, 3548, 3624, 3838, 4124, 4147, 4123, 4053, 3932, 3713, 3503, 10257, 9865, 9643, 9531, 9542, 9775, 10358, 11206, 11644, 11744, 11755, 11748, 11691, 11642, 11634, 11586, 11657, 12230, 12612, 12422, 12230, 11981, 11573, 10977, 1875, 1835, 1813, 1814, 1852, 1955, 2111, 2232, 2252, 2260, 2252, 2225, 2200, 2176, 2149, 2123, 2150, 2256, 2286, 2262, 2230, 2167, 2073, 1980, 2791, 2730, 2699, 2705, 2762, 2909, 3137, 3287, 3317, 3310, 3297, 3256, 3220, 3183, 3146, 3134, 3178, 3348, 3406, 3378, 3340, 3253, 3115, 2968, 11885, 11732, 11721, 11842, 12218, 12945, 13932, 14427, 14197, 13613, 13121, 12751, 12440, 12253, 12162, 12365, 12981, 13925, 14066, 14014, 13878, 13522, 12986, 12479, 1011, 992, 989, 997, 1026, 1097, 1199, 1239, 1207, 1158, 1116, 1081, 1055, 1042, 1044, 1074, 1149, 1244, 1256, 1250, 1231, 1188, 1126, 1068, 1359, 1327, 1311, 1308, 1332, 1394, 1487, 1566, 1596, 1615, 1622, 1621, 1613, 1610, 1600, 1596, 1633, 1709, 1709, 1686, 1658, 1614, 1539, 1455, 1625, 1614, 1612, 1623, 1660, 1739, 1867, 1932, 1921, 1881, 1816, 1750, 1703, 1658, 1617, 1603, 1653, 1771, 1857, 1873, 1874, 1852, 1784, 1728, 2210, 2128, 2092, 2086, 2137, 2273, 2503, 2647, 2660, 2601, 2537, 2497, 2465, 2465, 2522, 2628, 2854, 3081, 3085, 3034, 2958, 2819, 2613, 2404, 1692, 1655, 1642, 1649, 1692, 1802, 1960, 2043, 2054, 2036, 2021, 1997, 1968, 1944, 1922, 1930, 2015, 2127, 2125, 2104, 2069, 1994, 1886, 1783, 42, 42, 43, 44, 43, 44, 45, 47, 47, 45, 45, 45, 44, 43, 44, 45, 44, 46, 47, 46, 46, 45, 45, 44, 4029, 3895, 3846, 3849, 3959, 4240, 4608, 4866, 4911, 4883, 4840, 4797, 4732, 4688, 4667, 4713, 4927, 5228, 5215, 5120, 5018, 4839, 4543, 4264, 1470, 1429, 1420, 1430, 1486, 1613, 1789, 1886, 1877, 1820, 1766, 1728, 1700, 1685, 1680, 1708, 1789, 1888, 1869, 1839, 1796, 1739, 1650, 1564, 2273, 2229, 2208, 2217, 2273, 2416, 2650, 2783, 2800, 2772, 2748, 2702, 2655, 2632, 2606, 2610, 2715, 2851, 2844, 2810, 2759, 2656, 2517, 2396, 1884, 1841, 1817, 1822, 1856, 1969, 2148, 2264, 2284, 2286, 2301, 2288, 2256, 2244, 2209, 2186, 2236, 2338, 2340, 2318, 2286, 2214, 2095, 1982, 4362, 4214, 4138, 4121, 4187, 4397, 4762, 5013, 5063, 5027, 4974, 4930, 4883, 4899, 4971, 5099, 5372, 5642, 5600, 5520, 5407, 5220, 4939, 4640, 133, 126, 124, 124, 126, 133, 145, 158, 163, 164, 164, 163, 161, 161, 162, 165, 176, 188, 187, 183, 178, 170, 158, 144, 85048, 83080, 82286, 82439, 84235, 88656, 95537, 100258, 100684, 99455, 98060, 96611, 95240, 94408, 93902, 94449, 97557, 103151, 104146, 103260, 101871, 99032, 94584, 90006, 0, 0, 0, 0, 0, 0, 0, 0, 0, 0, 0, 0, 0, 0, 0, 0, 0, 0, 0, 0, 0, 0, 0, 0, 0, 0, 0, 0, 0, 0, 0, 0, 0, 0, 0, 0, 0, 0, 0, 0, 0, 0, 0, 0, 0, 0, 0, 0, 0, 0, 0, 0, 0, 0, 0, 0, 0, 0, 0, 0, 0, 0, 0, 0, 0, 0, 0, 0, 0, 0, 0, 0, 0, 0, 0, 0, 0, 0, 0, 0, 0, 0, 0, 0, 0, 0, 0, 0, 0, 0, 0, 0, 0, 0, 0, 0, 0, 0, 0, 0, 0, 0, 0, 0, 0, 0, 0, 0, 0, 0, 0, 0, 0, 0, 0, 0, 0, 0, 0, 0, 0, 0, 0, 0, 0, 0, 0, 0, 0, 0, 0, 0, 0, 0, 0, 0, 0, 0, 0, 0, 0, 0, 0, 0, 0, 0, 0, 0, 0, 0, 0, 0, 0, 0, 0, 0, 0, 0, 0, 0, 0, 0, 0, 0, 0, 0, 0, 0, 18, 19, 7, 18, 7, 18, 7, 7, 7, 7, 18, 7, 18, 7, 5, 18, 7, 7, 7, 18, 17, 7, 0, 0, 0, 0, 0, 0, 0, 0, 0, 0, 0, 0, 0, 0, 0, 0, 0, 0, 0, 0, 0, 0, 0, 0, 0, 0, 0, 0, 0, 0, 0, 0, 0, 0, 0, 0
"2024-12-18", 533, 516, 509, 509, 519, 546, 595, 618, 603, 576, 550, 534, 530, 538, 554, 588, 647, 704, 708, 698, 686, 657, 615, 569, 3707, 3657, 3643, 3661, 3739, 3909, 4160, 4329, 4331, 4271, 4192, 4096, 4012, 3952, 3893, 3869, 3928, 4128, 4204, 4198, 4175, 4093, 3940, 3785, 5805, 5707, 5690, 5731, 5868, 6142, 6570, 6808, 6796, 6671, 6547, 6425, 6288, 6197, 6139, 6162, 6348, 6747, 6803, 6786, 6734, 6550, 6258, 5979, 3601, 3518, 3479, 3471, 3532, 3689, 3950, 4167, 4208, 4229, 4237, 4199, 4165, 4147, 4100, 4074, 4137, 4331, 4348, 4312, 4249, 4124, 3933, 3731, 3380, 3312, 3296, 3331, 3452, 3711, 4054, 4198, 4134, 3974, 3830, 3725, 3649, 3610, 3621, 3686, 3891, 4187, 4211, 4189, 4134, 4002, 3777, 3559, 10407, 10008, 9763, 9637, 9628, 9855, 10430, 11281, 11723, 11783, 11769, 11742, 11653, 11579, 11586, 11564, 11636, 12210, 12581, 12408, 12238, 11997, 11579, 10971, 1927, 1887, 1867, 1872, 1913, 2018, 2177, 2295, 2307, 2295, 2274, 2233, 2205, 2179, 2149, 2120, 2144, 2248, 2280, 2256, 2226, 2167, 2068, 1972, 2877, 2817, 2791, 2804, 2872, 3022, 3250, 3407, 3419, 3390, 3340, 3281, 3224, 3184, 3142, 3124, 3162, 3331, 3394, 3371, 3335, 3246, 3099, 2945, 12196, 12073, 12102, 12270, 12663, 13424, 14428, 14911, 14663, 14024, 13444, 12991, 12654, 12463, 12367, 12524, 13102, 14063, 14202, 14157, 14037, 13704, 13137, 12602, 1041, 1027, 1026, 1036, 1068, 1139, 1245, 1280, 1252, 1197, 1147, 1111, 1083, 1069, 1068, 1098, 1175, 1270, 1282, 1279, 1262, 1220, 1155, 1095, 1394, 1365, 1354, 1353, 1376, 1436, 1532, 1609, 1635, 1648, 1651, 1646, 1633, 1623, 1608, 1603, 1633, 1714, 1715, 1697, 1671, 1621, 1543, 1459, 1694, 1681, 1688, 1700, 1729, 1815, 1938, 1993, 1964, 1887, 1791, 1695, 1628, 1578, 1539, 1533, 1578, 1708, 1796, 1810, 1814, 1788, 1730, 1666, 2254, 2175, 2139, 2140, 2194, 2334, 2568, 2704, 2712, 2650, 2572, 2533, 2514, 2535, 2591, 2686, 2905, 3129, 3134, 3083, 3011, 2873, 2657, 2441, 1731, 1697, 1685, 1694, 1744, 1858, 2020, 2101, 2105, 2080, 2055, 2027, 1991, 1974, 1953, 1962, 2045, 2162, 2163, 2146, 2113, 2036, 1922, 1814, 43, 42, 42, 43, 43, 44, 49, 49, 49, 50, 46, 48, 47, 47, 47, 47, 48, 48, 48, 48, 48, 47, 45, 44, 4069, 3956, 3910, 3924, 4044, 4329, 4701, 4959, 5007, 4957, 4902, 4845, 4785, 4752, 4731, 4779, 5001, 5296, 5289, 5209, 5115, 4937, 4640, 4343, 1502, 1468, 1461, 1475, 1534, 1666, 1840, 1940, 1928, 1866, 1799, 1749, 1716, 1691, 1692, 1720, 1802, 1909, 1888, 1861, 1818, 1758, 1668, 1579, 2322, 2276, 2261, 2275, 2335, 2480, 2724, 2862, 2870, 2826, 2786, 2738, 2694, 2674, 2647, 2653, 2754, 2896, 2891, 2861, 2809, 2710, 2563, 2438, 1918, 1881, 1860, 1864, 1907, 2021, 2205, 2312, 2326, 2328, 2330, 2320, 2294, 2276, 2230, 2210, 2261, 2363, 2362, 2345, 2320, 2246, 2121, 2002, 4409, 4267, 4195, 4179, 4248, 4460, 4834, 5093, 5138, 5087, 5007, 4968, 4958, 4990, 5067, 5182, 5446, 5709, 5667, 5598, 5493, 5312, 5019, 4707, 134, 128, 126, 125, 128, 135, 148, 160, 165, 167, 166, 165, 164, 164, 164, 167, 178, 190, 188, 185, 180, 171, 159, 145, 86995, 85173, 84490, 84782, 86677, 91214, 98180, 102854, 103117, 101389, 99464, 97623, 96043, 95132, 94562, 95017, 98042, 103750, 104797, 104018, 102733, 99930, 95311, 90546, 0, 0, 0, 0, 0, 0, 0, 0, 0, 0, 0, 0, 0, 0, 0, 0, 0, 0, 0, 0, 0, 0, 0, 0, 0, 0, 0, 0, 0, 0, 0, 0, 0, 0, 0, 0, 0, 0, 0, 0, 0, 0, 0, 0, 0, 0, 0, 0, 0, 0, 0, 0, 0, 0, 0, 0, 0, 0, 0, 0, 0, 0, 0, 0, 0, 0, 0, 0, 0, 0, 0, 0, 0, 0, 0, 0, 0, 0, 0, 0, 0, 0, 0, 0, 0, 0, 0, 0, 0, 0, 0, 0, 0, 0, 0, 0, 0, 0, 0, 0, 0, 0, 0, 0, 0, 0, 0, 0, 0, 0, 0, 0, 0, 0, 0, 0, 0, 0, 0, 0, 0, 0, 0, 0, 0, 0, 0, 0, 0, 0, 0, 0, 0, 0, 0, 0, 0, 0, 0, 0, 0, 0, 0, 0, 0, 0, 0, 0, 0, 0, 0, 0, 0, 0, 0, 0, 0, 0, 0, 0, 0, 0, 0, 0, 0, 0, 0, 0, 18, 9, 19, 18, 19, 19, 18, 18, 7, 19, 18, 20, 18, 18, 9, 18, 7, 18, 18, 17, 17, 18, 0, 0, 0, 0, 0, 0, 0, 0, 0, 0, 0, 0, 0, 0, 0, 0, 0, 0, 0, 0, 0, 0, 0, 0, 0, 0, 0, 0, 0, 0, 0, 0, 0, 0, 0, 0
"2024-12-19", 538, 524, 515, 514, 523, 550, 600, 621, 605, 575, 549, 532, 526, 538, 559, 595, 652, 712, 713, 706, 693, 663, 620, 574, 3684, 3630, 3616, 3629, 3703, 3876, 4133, 4304, 4308, 4254, 4178, 4094, 4019, 3967, 3912, 3887, 3956, 4143, 4211, 4200, 4174, 4089, 3936, 3778, 5765, 5662, 5635, 5678, 5807, 6086, 6496, 6742, 6739, 6632, 6508, 6390, 6272, 6194, 6131, 6157, 6338, 6702, 6761, 6731, 6667, 6482, 6202, 5917, 3589, 3511, 3474, 3467, 3525, 3678, 3943, 4157, 4204, 4230, 4244, 4214, 4184, 4166, 4117, 4084, 4133, 4324, 4336, 4293, 4225, 4099, 3903, 3699, 3387, 3312, 3289, 3316, 3432, 3678, 4014, 4160, 4104, 3954, 3823, 3732, 3667, 3624, 3624, 3694, 3901, 4192, 4209, 4169, 4096, 3965, 3742, 3520, 10391, 9981, 9734, 9599, 9593, 9817, 10397, 11259, 11709, 11816, 11837, 11832, 11760, 11669, 11652, 11598, 11654, 12202, 12534, 12344, 12159, 11910, 11503, 10879, 1904, 1864, 1842, 1843, 1883, 1989, 2149, 2268, 2285, 2282, 2273, 2245, 2217, 2191, 2164, 2139, 2162, 2262, 2281, 2254, 2224, 2159, 2061, 1962, 2834, 2773, 2744, 2750, 2812, 2964, 3199, 3368, 3393, 3377, 3355, 3306, 3268, 3223, 3188, 3170, 3207, 3370, 3418, 3383, 3340, 3252, 3110, 2954, 12154, 12023, 12019, 12158, 12533, 13275, 14264, 14748, 14479, 13869, 13355, 12960, 12642, 12431, 12341, 12526, 13137, 14064, 14183, 14129, 13997, 13643, 13099, 12567, 1046, 1029, 1026, 1034, 1063, 1132, 1233, 1272, 1241, 1189, 1145, 1110, 1083, 1070, 1073, 1102, 1177, 1273, 1283, 1276, 1256, 1213, 1148, 1086, 1397, 1363, 1349, 1345, 1370, 1434, 1528, 1603, 1637, 1651, 1656, 1650, 1640, 1632, 1618, 1613, 1642, 1715, 1718, 1695, 1666, 1617, 1540, 1455, 1624, 1614, 1617, 1644, 1695, 1780, 1911, 1968, 1939, 1877, 1801, 1720, 1659, 1618, 1585, 1581, 1622, 1744, 1825, 1839, 1854, 1828, 1765, 1697, 2271, 2192, 2152, 2151, 2200, 2338, 2566, 2704, 2706, 2646, 2586, 2539, 2510, 2523, 2581, 2689, 2913, 3134, 3137, 3084, 3010, 2871, 2658, 2445, 1733, 1694, 1681, 1687, 1735, 1846, 2003, 2088, 2091, 2075, 2056, 2034, 2005, 1989, 1967, 1973, 2054, 2166, 2160, 2137, 2103, 2025, 1910, 1799, 44, 43, 43, 43, 44, 44, 46, 46, 45, 44, 44, 44, 44, 44, 44, 46, 46, 47, 47, 47, 48, 46, 45, 43, 4109, 3988, 3935, 3941, 4052, 4335, 4703, 4956, 4996, 4953, 4907, 4858, 4809, 4771, 4745, 4788, 5007, 5310, 5292, 5199, 5102, 4915, 4620, 4333, 1503, 1462, 1452, 1464, 1522, 1652, 1826, 1924, 1915, 1854, 1800, 1754, 1726, 1707, 1701, 1732, 1811, 1913, 1894, 1855, 1810, 1751, 1659, 1572, 2331, 2287, 2264, 2273, 2330, 2470, 2706, 2835, 2853, 2825, 2794, 2753, 2709, 2687, 2657, 2664, 2771, 2905, 2889, 2857, 2798, 2698, 2547, 2422, 1922, 1882, 1859, 1861, 1898, 2008, 2190, 2301, 2328, 2330, 2329, 2313, 2290, 2273, 2232, 2213, 2267, 2364, 2360, 2336, 2301, 2230, 2104, 1986, 4443, 4294, 4219, 4205, 4274, 4486, 4857, 5110, 5149, 5100, 5048, 4989, 4947, 4985, 5066, 5193, 5461, 5723, 5677, 5596, 5485, 5304, 5020, 4709, 134, 128, 126, 126, 128, 135, 148, 160, 165, 167, 167, 166, 165, 164, 165, 168, 180, 191, 189, 185, 180, 172, 160, 146, 86786, 84885, 84095, 84292, 86121, 90603, 97537, 102226, 102551, 101058, 99444, 97803, 96351, 95456, 94886, 95359, 98410, 103909, 104766, 103806, 102393, 99531, 94947, 90147, 0, 0, 0, 0, 0, 0, 0, 0, 0, 0, 0, 0, 0, 0, 0, 0, 0, 0, 0, 0, 0, 0, 0, 0, 0, 0, 0, 0, 0, 0, 0, 0, 0, 0, 0, 0, 0, 0, 0, 0, 0, 0, 0, 0, 0, 0, 0, 0, 0, 0, 0, 0, 0, 0, 0, 0, 0, 0, 0, 0, 0, 0, 0, 0, 0, 0, 0, 0, 0, 0, 0, 0, 0, 0, 0, 0, 0, 0, 0, 0, 0, 0, 0, 0, 0, 0, 0, 0, 0, 0, 0, 0, 0, 0, 0, 0, 0, 0, 0, 0, 0, 0, 0, 0, 0, 0, 0, 0, 0, 0, 0, 0, 0, 0, 0, 0, 0, 0, 0, 0, 0, 0, 0, 0, 0, 0, 0, 0, 0, 0, 0, 0, 0, 0, 0, 0, 0, 0, 0, 0, 0, 0, 0, 0, 0, 0, 0, 0, 0, 0, 0, 0, 0, 0, 0, 0, 0, 0, 0, 0, 0, 0, 0, 0, 0, 0, 0, 0, 18, 17, 19, 18, 18, 18, 18, 18, 20, 19, 18, 8, 18, 18, 22, 17, 17, 18, 18, 17, 17, 18, 0, 0, 0, 0, 0, 0, 0, 0, 0, 0, 0, 0, 0, 0, 0, 0, 0, 0, 0, 0, 0, 0, 0, 0, 0, 0, 0, 0, 0, 0, 0, 0, 0, 0, 0, 0
"2024-12-20", 541, 522, 514, 512, 519, 545, 591, 612, 601, 577, 551, 534, 531, 539, 557, 591, 645, 698, 697, 686, 675, 652, 618, 575, 3654, 3598, 3575, 3589, 3655, 3812, 4051, 4211, 4219, 4187, 4133, 4055, 3985, 3932, 3873, 3849, 3903, 4057, 4072, 4038, 4006, 3936, 3811, 3658, 5709, 5598, 5561, 5578, 5691, 5940, 6327, 6565, 6586, 6520, 6417, 6318, 6198, 6119, 6053, 6067, 6228, 6540, 6540, 6486, 6418, 6271, 6035, 5769, 3557, 3466, 3428, 3419, 3470, 3616, 3869, 4069, 4120, 4147, 4157, 4123, 4080, 4047, 4001, 3967, 4016, 4183, 4173, 4109, 4048, 3936, 3775, 3581, 3350, 3265, 3231, 3254, 3363, 3592, 3908, 4052, 4010, 3896, 3802, 3707, 3645, 3609, 3613, 3689, 3884, 4119, 4100, 4045, 3974, 3873, 3703, 3520, 10267, 9847, 9588, 9447, 9436, 9650, 10195, 11002, 11446, 11559, 11601, 11609, 11539, 11469, 11449, 11393, 11451, 11970, 12257, 12059, 11848, 11611, 11273, 10731, 1890, 1846, 1822, 1822, 1856, 1951, 2099, 2211, 2231, 2234, 2221, 2186, 2155, 2128, 2098, 2069, 2090, 2172, 2178, 2141, 2107, 2055, 1967, 1862, 2824, 2760, 2729, 2731, 2783, 2921, 3131, 3287, 3318, 3311, 3292, 3241, 3204, 3166, 3128, 3109, 3144, 3273, 3293, 3244, 3197, 3121, 3009, 2872, 12184, 12013, 11980, 12093, 12461, 13164, 14104, 14577, 14367, 13832, 13331, 12925, 12617, 12435, 12367, 12550, 13108, 13918, 13901, 13756, 13597, 13324, 12903, 12434, 1039, 1018, 1012, 1018, 1045, 1107, 1202, 1239, 1215, 1168, 1125, 1091, 1063, 1048, 1052, 1081, 1152, 1234, 1235, 1223, 1206, 1174, 1122, 1069, 1392, 1356, 1338, 1335, 1357, 1414, 1507, 1584, 1610, 1630, 1631, 1627, 1617, 1607, 1592, 1585, 1613, 1681, 1671, 1646, 1618, 1577, 1513, 1438, 1648, 1633, 1638, 1652, 1687, 1764, 1886, 1935, 1904, 1876, 1809, 1747, 1687, 1649, 1627, 1620, 1653, 1732, 1776, 1774, 1759, 1738, 1696, 1639, 2269, 2179, 2141, 2132, 2175, 2304, 2528, 2663, 2673, 2622, 2561, 2512, 2489, 2504, 2560, 2657, 2858, 3053, 3036, 2975, 2903, 2793, 2620, 2430, 1720, 1678, 1662, 1662, 1701, 1802, 1951, 2034, 2043, 2028, 2011, 1980, 1945, 1924, 1900, 1903, 1983, 2077, 2060, 2032, 2000, 1935, 1838, 1732, 42, 41, 39, 40, 41, 42, 43, 45, 44, 44, 44, 43, 43, 43, 40, 42, 42, 44, 43, 43, 44, 42, 41, 40, 4096, 3965, 3903, 3906, 4007, 4274, 4617, 4859, 4913, 4886, 4842, 4797, 4739, 4691, 4664, 4717, 4913, 5173, 5124, 5012, 4912, 4753, 4513, 4266, 1492, 1452, 1434, 1445, 1496, 1617, 1785, 1880, 1876, 1830, 1784, 1746, 1715, 1700, 1699, 1725, 1798, 1887, 1851, 1808, 1763, 1712, 1641, 1568, 2314, 2265, 2245, 2252, 2297, 2426, 2648, 2775, 2793, 2766, 2730, 2687, 2637, 2613, 2587, 2590, 2685, 2806, 2777, 2737, 2684, 2601, 2480, 2352, 1905, 1859, 1840, 1837, 1871, 1968, 2134, 2241, 2268, 2275, 2277, 2249, 2219, 2192, 2153, 2128, 2177, 2260, 2247, 2217, 2177, 2111, 2008, 1896, 4433, 4278, 4196, 4174, 4235, 4430, 4782, 5021, 5060, 5029, 4963, 4909, 4874, 4892, 4960, 5070, 5326, 5568, 5510, 5421, 5311, 5160, 4932, 4668, 134, 128, 125, 125, 127, 134, 146, 157, 163, 165, 164, 163, 162, 161, 162, 164, 176, 186, 184, 179, 174, 168, 158, 146, 86290, 84208, 83288, 83363, 84991, 89143, 95668, 100142, 100641, 99550, 98116, 96523, 95052, 94134, 93575, 93986, 96757, 101514, 101578, 100214, 98722, 96340, 92640, 88285, 0, 0, 0, 0, 0, 0, 0, 0, 0, 0, 0, 0, 0, 0, 0, 0, 0, 0, 0, 0, 0, 0, 0, 0, 0, 0, 0, 0, 0, 0, 0, 0, 0, 0, 0, 0, 0, 0, 0, 0, 0, 0, 0, 0, 0, 0, 0, 0, 0, 0, 0, 0, 0, 0, 0, 0, 0, 0, 0, 0, 0, 0, 0, 0, 0, 0, 0, 0, 0, 0, 0, 0, 0, 0, 0, 0, 0, 0, 0, 0, 0, 0, 0, 0, 0, 0, 0, 0, 0, 0, 0, 0, 0, 0, 0, 0, 0, 0, 0, 0, 0, 0, 0, 0, 0, 0, 0, 0, 0, 0, 0, 0, 0, 0, 0, 0, 0, 0, 0, 0, 0, 0, 0, 0, 0, 0, 0, 0, 0, 0, 0, 0, 0, 0, 0, 0, 0, 0, 0, 0, 0, 0, 0, 0, 0, 0, 0, 0, 0, 0, 0, 0, 0, 0, 0, 0, 0, 0, 0, 0, 0, 0, 0, 0, 0, 0, 0, 0, 17, 17, 19, 17, 20, 18, 17, 18, 21, 20, 17, 17, 17, 7, 0, 17, 7, 7, 7, 17, 17, 18, 0, 0, 0, 0, 0, 0, 0, 0, 0, 0, 0, 0, 0, 0, 0, 0, 0, 0, 0, 0, 0, 0, 0, 0, 0, 0, 0, 0, 0, 0, 0, 0, 0, 0, 0, 0
"2024-12-21", 540, 519, 507, 501, 504, 515, 538, 557, 565, 558, 547, 535, 528, 529, 542, 573, 623, 674, 671, 661, 650, 633, 603, 566, 3554, 3487, 3456, 3444, 3467, 3537, 3639, 3761, 3838, 3865, 3844, 3794, 3724, 3654, 3606, 3594, 3655, 3823, 3855, 3830, 3798, 3736, 3636, 3511, 5591, 5480, 5430, 5430, 5489, 5604, 5779, 5976, 6113, 6166, 6130, 6041, 5929, 5831, 5774, 5783, 5935, 6232, 6244, 6204, 6148, 6015, 5818, 5582, 3443, 3345, 3295, 3274, 3287, 3355, 3465, 3598, 3690, 3771, 3813, 3808, 3775, 3738, 3709, 3707, 3781, 3957, 3958, 3911, 3856, 3765, 3628, 3470, 3378, 3293, 3249, 3246, 3294, 3409, 3558, 3695, 3771, 3756, 3706, 3632, 3563, 3502, 3493, 3540, 3704, 3930, 3935, 3892, 3850, 3759, 3615, 3452, 10196, 9766, 9474, 9302, 9234, 9301, 9547, 9946, 10208, 10411, 10528, 10573, 10539, 10457, 10318, 10264, 10377, 10962, 11341, 11295, 11173, 11030, 10780, 10373, 1793, 1738, 1708, 1698, 1709, 1749, 1815, 1895, 1953, 1994, 2002, 1987, 1951, 1927, 1900, 1890, 1919, 2006, 2025, 1998, 1973, 1930, 1867, 1789, 2762, 2688, 2648, 2626, 2639, 2694, 2787, 2904, 2987, 3042, 3055, 3040, 3000, 2950, 2917, 2905, 2943, 3085, 3127, 3093, 3066, 3008, 2913, 2795, 12098, 11902, 11838, 11870, 12046, 12379, 12864, 13321, 13471, 13245, 12905, 12573, 12255, 11981, 11859, 11977, 12470, 13239, 13303, 13236, 13119, 12885, 12504, 12070, 1029, 1007, 997, 997, 1011, 1043, 1090, 1134, 1150, 1134, 1107, 1077, 1048, 1031, 1029, 1052, 1113, 1185, 1183, 1171, 1156, 1128, 1083, 1033, 1382, 1345, 1324, 1315, 1320, 1342, 1380, 1427, 1467, 1502, 1521, 1527, 1522, 1512, 1500, 1498, 1535, 1608, 1609, 1591, 1571, 1535, 1484, 1417, 1592, 1574, 1564, 1568, 1573, 1607, 1657, 1706, 1765, 1766, 1740, 1689, 1632, 1587, 1557, 1546, 1573, 1655, 1699, 1698, 1698, 1681, 1637, 1586, 2269, 2173, 2123, 2101, 2117, 2175, 2281, 2385, 2465, 2483, 2465, 2438, 2423, 2418, 2450, 2520, 2708, 2895, 2889, 2841, 2783, 2692, 2548, 2378, 1662, 1615, 1593, 1588, 1603, 1649, 1717, 1794, 1856, 1884, 1882, 1863, 1831, 1799, 1777, 1787, 1858, 1943, 1925, 1896, 1865, 1810, 1732, 1646, 40, 41, 40, 42, 42, 43, 44, 44, 45, 43, 42, 41, 41, 41, 40, 40, 42, 42, 42, 41, 42, 41, 41, 40, 4073, 3932, 3859, 3837, 3874, 3990, 4173, 4344, 4510, 4618, 4643, 4628, 4573, 4506, 4476, 4509, 4689, 4920, 4899, 4819, 4741, 4609, 4423, 4201, 1512, 1471, 1445, 1441, 1455, 1495, 1559, 1632, 1682, 1687, 1663, 1636, 1610, 1580, 1572, 1585, 1639, 1730, 1735, 1721, 1703, 1667, 1610, 1546, 2265, 2210, 2181, 2177, 2203, 2264, 2365, 2468, 2552, 2590, 2592, 2568, 2521, 2480, 2457, 2466, 2554, 2661, 2639, 2605, 2560, 2493, 2386, 2272, 1823, 1774, 1748, 1742, 1760, 1809, 1876, 1953, 2025, 2073, 2090, 2082, 2053, 2023, 1998, 1998, 2058, 2148, 2135, 2107, 2072, 2014, 1929, 1837, 4430, 4266, 4167, 4121, 4125, 4206, 4355, 4469, 4571, 4631, 4626, 4607, 4580, 4575, 4615, 4710, 4962, 5222, 5212, 5150, 5076, 4963, 4777, 4552, 135, 129, 125, 124, 125, 128, 133, 139, 145, 148, 149, 150, 149, 148, 148, 151, 162, 174, 174, 171, 167, 163, 155, 144, 84944, 82696, 81490, 81098, 81667, 83500, 86480, 89742, 91901, 92623, 92228, 91218, 89827, 88515, 87791, 88178, 90887, 95674, 96258, 95397, 94299, 92363, 89302, 85601, 0, 0, 0, 0, 0, 0, 0, 0, 0, 0, 0, 0, 0, 0, 0, 0, 0, 0, 0, 0, 0, 0, 0, 0, 0, 0, 0, 0, 0, 0, 0, 0, 0, 0, 0, 0, 0, 0, 0, 0, 0, 0, 0, 0, 0, 0, 0, 0, 0, 0, 0, 0, 0, 0, 0, 0, 0, 0, 0, 0, 0, 0, 0, 0, 0, 0, 0, 0, 0, 0, 0, 0, 0, 0, 0, 0, 0, 0, 0, 0, 0, 0, 0, 0, 0, 0, 0, 0, 0, 0, 0, 0, 0, 0, 0, 0, 0, 0, 0, 0, 0, 0, 0, 0, 0, 0, 0, 0, 0, 0, 0, 0, 0, 0, 0, 0, 0, 0, 0, 0, 0, 0, 0, 0, 0, 0, 0, 0, 0, 0, 0, 0, 0, 0, 0, 0, 0, 0, 0, 0, 0, 0, 0, 0, 0, 0, 0, 0, 0, 0, 0, 0, 0, 0, 0, 0, 0, 0, 0, 0, 0, 0, 0, 0, 0, 0, 0, 0, 17, 10, 9, 10, 7, 19, 10, 9, 7, 7, 12, 0, 17, 17, 8, 17, 8, 11, 10, 17, 17, 8, 0, 0, 0, 0, 0, 0, 0, 0, 0, 0, 0, 0, 0, 0, 0, 0, 0, 0, 0, 0, 0, 0, 0, 0, 0, 0, 0, 0, 0, 0, 0, 0, 0, 0, 0, 0
"2024-12-22", 530, 510, 499, 494, 495, 504, 522, 535, 539, 527, 510, 503, 505, 512, 531, 561, 615, 669, 670, 663, 650, 626, 588, 550, 3426, 3363, 3336, 3332, 3357, 3411, 3501, 3628, 3717, 3742, 3705, 3657, 3627, 3576, 3540, 3544, 3627, 3832, 3896, 3895, 3873, 3797, 3679, 3564, 5434, 5316, 5265, 5254, 5299, 5399, 5560, 5757, 5912, 5952, 5894, 5837, 5776, 5699, 5651, 5695, 5895, 6274, 6333, 6318, 6274, 6113, 5885, 5664, 3335, 3243, 3198, 3178, 3183, 3234, 3323, 3438, 3524, 3605, 3641, 3651, 3654, 3638, 3623, 3633, 3726, 3946, 3976, 3944, 3896, 3790, 3644, 3489, 3335, 3241, 3198, 3189, 3227, 3322, 3444, 3563, 3638, 3624, 3572, 3515, 3479, 3461, 3468, 3518, 3704, 3981, 4012, 3989, 3951, 3834, 3645, 3448, 9920, 9553, 9299, 9150, 9073, 9099, 9239, 9481, 9616, 9754, 9875, 9950, 9973, 9981, 9969, 10001, 10169, 10798, 11248, 11233, 11161, 10993, 10700, 10248, 1728, 1683, 1661, 1651, 1660, 1691, 1747, 1824, 1882, 1916, 1914, 1904, 1893, 1868, 1849, 1846, 1892, 2014, 2052, 2041, 2021, 1973, 1906, 1840, 2696, 2625, 2592, 2577, 2594, 2637, 2724, 2826, 2908, 2963, 2974, 2957, 2934, 2901, 2876, 2877, 2939, 3117, 3187, 3170, 3145, 3065, 2940, 2809, 11851, 11652, 11578, 11612, 11753, 12038, 12470, 12904, 13081, 12871, 12531, 12257, 12071, 11916, 11854, 11992, 12542, 13398, 13536, 13489, 13366, 13039, 12546, 12044, 1004, 983, 974, 975, 988, 1016, 1060, 1104, 1123, 1105, 1076, 1048, 1028, 1016, 1018, 1041, 1113, 1196, 1201, 1195, 1180, 1140, 1083, 1027, 1363, 1326, 1304, 1293, 1297, 1316, 1349, 1386, 1423, 1459, 1480, 1489, 1491, 1489, 1485, 1486, 1531, 1616, 1623, 1608, 1588, 1547, 1485, 1411, 1566, 1542, 1542, 1548, 1565, 1606, 1650, 1728, 1802, 1811, 1748, 1676, 1631, 1592, 1555, 1555, 1597, 1695, 1761, 1779, 1775, 1745, 1690, 1621, 2232, 2132, 2084, 2062, 2067, 2114, 2195, 2276, 2338, 2351, 2328, 2316, 2327, 2351, 2400, 2487, 2706, 2921, 2927, 2889, 2825, 2706, 2528, 2336, 1586, 1541, 1518, 1513, 1526, 1562, 1625, 1701, 1763, 1790, 1791, 1784, 1773, 1752, 1743, 1761, 1856, 1968, 1965, 1946, 1918, 1857, 1769, 1683, 40, 40, 40, 40, 40, 40, 41, 42, 41, 42, 40, 41, 40, 41, 41, 41, 42, 44, 44, 44, 43, 43, 42, 42, 4028, 3899, 3826, 3797, 3818, 3906, 4051, 4188, 4330, 4431, 4460, 4473, 4466, 4444, 4438, 4483, 4698, 4981, 4988, 4933, 4866, 4695, 4471, 4220, 1493, 1451, 1423, 1418, 1426, 1458, 1509, 1562, 1597, 1603, 1586, 1561, 1550, 1540, 1543, 1568, 1641, 1741, 1762, 1754, 1738, 1693, 1618, 1539, 2200, 2147, 2120, 2116, 2133, 2181, 2274, 2373, 2456, 2486, 2485, 2475, 2458, 2422, 2404, 2424, 2538, 2668, 2663, 2641, 2600, 2516, 2396, 2290, 1768, 1726, 1703, 1696, 1707, 1740, 1808, 1893, 1968, 2008, 2018, 2019, 2013, 1987, 1966, 1978, 2050, 2166, 2168, 2148, 2121, 2051, 1965, 1879, 4342, 4190, 4090, 4040, 4038, 4090, 4198, 4256, 4319, 4351, 4347, 4358, 4385, 4425, 4512, 4635, 4924, 5223, 5238, 5200, 5130, 4992, 4768, 4505, 134, 128, 124, 123, 123, 125, 129, 132, 136, 139, 140, 140, 141, 142, 145, 149, 161, 174, 175, 173, 169, 163, 153, 141, 82791, 80658, 79538, 79180, 79608, 81060, 83549, 86433, 88440, 89021, 88472, 87764, 87233, 86551, 86286, 87070, 90408, 96064, 97311, 96858, 95901, 93460, 89798, 85871, 0, 0, 0, 0, 0, 0, 0, 0, 0, 0, 0, 0, 0, 0, 0, 0, 0, 0, 0, 0, 0, 0, 0, 0, 0, 0, 0, 0, 0, 0, 0, 0, 0, 0, 0, 0, 0, 0, 0, 0, 0, 0, 0, 0, 0, 0, 0, 0, 0, 0, 0, 0, 0, 0, 0, 0, 0, 0, 0, 0, 0, 0, 0, 0, 0, 0, 0, 0, 0, 0, 0, 0, 0, 0, 0, 0, 0, 0, 0, 0, 0, 0, 0, 0, 0, 0, 0, 0, 0, 0, 0, 0, 0, 0, 0, 0, 0, 0, 0, 0, 0, 0, 0, 0, 0, 0, 0, 0, 0, 0, 0, 0, 0, 0, 0, 0, 0, 0, 0, 0, 0, 0, 0, 0, 0, 0, 0, 0, 0, 0, 0, 0, 0, 0, 0, 0, 0, 0, 0, 0, 0, 0, 0, 0, 0, 0, 0, 0, 0, 0, 0, 0, 0, 0, 0, 0, 0, 0, 0, 0, 0, 0, 0, 0, 0, 0, 0, 0, 18, 19, 18, 18, 18, 20, 18, 18, 7, 17, 18, 8, 18, 17, 19, 17, 18, 18, 17, 18, 18, 18, 0, 0, 0, 0, 0, 0, 0, 0, 0, 0, 0, 0, 0, 0, 0, 0, 0, 0, 0, 0, 0, 0, 0, 0, 0, 0, 0, 0, 0, 0, 0, 0, 0, 0, 0, 0
"2024-12-23", 514, 497, 490, 489, 498, 525, 572, 596, 587, 565, 545, 534, 530, 532, 553, 582, 636, 694, 698, 688, 673, 646, 602, 558, 3458, 3417, 3411, 3430, 3507, 3670, 3928, 4097, 4126, 4103, 4068, 4008, 3955, 3909, 3855, 3829, 3894, 4081, 4138, 4124, 4091, 3995, 3842, 3688, 5488, 5419, 5412, 5452, 5598, 5860, 6269, 6532, 6552, 6499, 6422, 6327, 6219, 6150, 6089, 6114, 6293, 6643, 6690, 6668, 6590, 6401, 6113, 5839, 3363, 3293, 3266, 3269, 3333, 3496, 3768, 3993, 4054, 4097, 4133, 4121, 4105, 4101, 4065, 4033, 4086, 4263, 4268, 4221, 4157, 4026, 3828, 3630, 3264, 3194, 3169, 3198, 3320, 3561, 3878, 4030, 3991, 3889, 3775, 3700, 3632, 3580, 3578, 3637, 3853, 4134, 4154, 4118, 4039, 3909, 3683, 3466, 9746, 9416, 9223, 9138, 9172, 9425, 10010, 10855, 11320, 11447, 11491, 11501, 11457, 11410, 11397, 11358, 11424, 11985, 12374, 12211, 12042, 11805, 11410, 10819, 1777, 1744, 1729, 1738, 1780, 1885, 2046, 2168, 2195, 2208, 2212, 2196, 2179, 2162, 2136, 2111, 2133, 2239, 2260, 2229, 2193, 2129, 2029, 1933, 2685, 2626, 2603, 2615, 2677, 2829, 3059, 3219, 3252, 3253, 3249, 3225, 3200, 3164, 3133, 3120, 3159, 3322, 3379, 3342, 3292, 3195, 3045, 2890, 11545, 11400, 11398, 11551, 11939, 12671, 13644, 14174, 14032, 13585, 13188, 12857, 12580, 12373, 12266, 12411, 12971, 13895, 14011, 13923, 13748, 13360, 12788, 12238, 974, 957, 955, 965, 995, 1065, 1167, 1214, 1200, 1160, 1128, 1098, 1073, 1062, 1062, 1084, 1155, 1248, 1259, 1250, 1228, 1182, 1115, 1053, 1348, 1318, 1305, 1303, 1324, 1384, 1477, 1555, 1586, 1607, 1613, 1611, 1606, 1601, 1590, 1586, 1616, 1689, 1687, 1665, 1635, 1588, 1511, 1421, 1549, 1539, 1546, 1559, 1591, 1680, 1808, 1853, 1835, 1802, 1756, 1708, 1660, 1627, 1589, 1580, 1630, 1735, 1818, 1825, 1816, 1780, 1705, 1641, 2167, 2089, 2059, 2059, 2109, 2246, 2462, 2606, 2633, 2589, 2532, 2496, 2480, 2490, 2547, 2644, 2851, 3067, 3074, 3018, 2938, 2795, 2587, 2379, 1619, 1587, 1578, 1590, 1639, 1752, 1909, 2002, 2020, 2015, 2011, 1993, 1967, 1948, 1930, 1934, 2018, 2122, 2116, 2092, 2056, 1976, 1866, 1762, 41, 41, 42, 40, 43, 43, 44, 45, 45, 46, 44, 44, 46, 45, 46, 47, 48, 48, 47, 47, 44, 43, 44, 43, 3980, 3874, 3821, 3838, 3954, 4228, 4578, 4832, 4900, 4878, 4840, 4808, 4761, 4724, 4706, 4750, 4950, 5244, 5225, 5133, 5028, 4841, 4550, 4260, 1455, 1417, 1406, 1422, 1483, 1609, 1775, 1870, 1873, 1833, 1784, 1747, 1715, 1691, 1679, 1705, 1782, 1885, 1862, 1830, 1784, 1724, 1636, 1541, 2209, 2168, 2159, 2175, 2233, 2374, 2606, 2743, 2775, 2760, 2744, 2713, 2672, 2647, 2623, 2628, 2725, 2851, 2839, 2805, 2745, 2639, 2496, 2373, 1813, 1778, 1766, 1772, 1813, 1920, 2099, 2210, 2252, 2267, 2281, 2270, 2255, 2239, 2204, 2183, 2233, 2324, 2327, 2297, 2271, 2193, 2067, 1955, 4259, 4125, 4058, 4053, 4130, 4347, 4709, 4971, 5037, 5027, 4971, 4932, 4912, 4939, 5018, 5134, 5386, 5639, 5595, 5517, 5402, 5218, 4932, 4623, 131, 126, 124, 124, 126, 133, 145, 157, 163, 165, 165, 164, 163, 163, 163, 166, 177, 188, 187, 183, 178, 170, 157, 143, 82214, 80551, 79966, 80328, 82271, 86722, 93555, 98359, 99226, 98451, 97427, 96227, 95064, 94254, 93710, 94085, 97010, 102402, 103265, 102274, 100735, 97740, 93138, 88411, 0, 0, 0, 0, 0, 0, 0, 0, 0, 0, 0, 0, 0, 0, 0, 0, 0, 0, 0, 0, 0, 0, 0, 0, 0, 0, 0, 0, 0, 0, 0, 0, 0, 0, 0, 0, 0, 0, 0, 0, 0, 0, 0, 0, 0, 0, 0, 0, 0, 0, 0, 0, 0, 0, 0, 0, 0, 0, 0, 0, 0, 0, 0, 0, 0, 0, 0, 0, 0, 0, 0, 0, 0, 0, 0, 0, 0, 0, 0, 0, 0, 0, 0, 0, 0, 0, 0, 0, 0, 0, 0, 0, 0, 0, 0, 0, 0, 0, 0, 0, 0, 0, 0, 0, 0, 0, 0, 0, 0, 0, 0, 0, 0, 0, 0, 0, 0, 0, 0, 0, 0, 0, 0, 0, 0, 0, 0, 0, 0, 0, 0, 0, 0, 0, 0, 0, 0, 0, 0, 0, 0, 0, 0, 0, 0, 0, 0, 0, 0, 0, 0, 0, 0, 0, 0, 0, 0, 0, 0, 0, 0, 0, 0, 0, 0, 0, 0, 0, 18, 18, 7, 18, 7, 19, 18, 19, 7, 7, 18, 6, 18, 8, 22, 8, 7, 8, 18, 17, 18, 8, 0, 0, 0, 0, 0, 0, 0, 0, 0, 0, 0, 0, 0, 0, 0, 0, 0, 0, 0, 0, 0, 0, 0, 0, 0, 0, 0, 0, 0, 0, 0, 0, 0, 0, 0, 0
"2024-12-24", 527, 508, 499, 499, 507, 533, 581, 603, 589, 560, 532, 518, 508, 514, 535, 573, 633, 692, 695, 688, 673, 646, 605, 561, 3603, 3547, 3530, 3539, 3612, 3775, 4027, 4197, 4204, 4173, 4124, 4055, 3995, 3946, 3898, 3879, 3943, 4139, 4205, 4199, 4175, 4089, 3943, 3791, 5665, 5549, 5524, 5549, 5668, 5948, 6354, 6609, 6606, 6530, 6432, 6328, 6232, 6160, 6101, 6138, 6325, 6696, 6753, 6731, 6668, 6482, 6205, 5943, 3511, 3431, 3386, 3384, 3446, 3599, 3868, 4086, 4139, 4174, 4195, 4176, 4149, 4136, 4094, 4069, 4123, 4308, 4321, 4277, 4218, 4094, 3911, 3718, 3304, 3223, 3197, 3223, 3337, 3581, 3907, 4052, 3996, 3862, 3738, 3650, 3577, 3544, 3548, 3624, 3838, 4124, 4147, 4123, 4053, 3932, 3713, 3503, 10257, 9865, 9643, 9531, 9542, 9775, 10358, 11206, 11644, 11744, 11755, 11748, 11691, 11642, 11634, 11586, 11657, 12230, 12612, 12422, 12230, 11981, 11573, 10977, 1875, 1835, 1813, 1814, 1852, 1955, 2111, 2232, 2252, 2260, 2252, 2225, 2200, 2176, 2149, 2123, 2150, 2256, 2286, 2262, 2230, 2167, 2073, 1980, 2791, 2730, 2699, 2705, 2762, 2909, 3137, 3287, 3317, 3310, 3297, 3256, 3220, 3183, 3146, 3134, 3178, 3348, 3406, 3378, 3340, 3253, 3115, 2968, 11885, 11732, 11721, 11842, 12218, 12945, 13932, 14427, 14197, 13613, 13121, 12751, 12440, 12253, 12162, 12365, 12981, 13925, 14066, 14014, 13878, 13522, 12986, 12479, 1011, 992, 989, 997, 1026, 1097, 1199, 1239, 1207, 1158, 1116, 1081, 1055, 1042, 1044, 1074, 1149, 1244, 1256, 1250, 1231, 1188, 1126, 1068, 1359, 1327, 1311, 1308, 1332, 1394, 1487, 1566, 1596, 1615, 1622, 1621, 1613, 1610, 1600, 1596, 1633, 1709, 1709, 1686, 1658, 1614, 1539, 1455, 1625, 1614, 1612, 1623, 1660, 1739, 1867, 1932, 1921, 1881, 1816, 1750, 1703, 1658, 1617, 1603, 1653, 1771, 1857, 1873, 1874, 1852, 1784, 1728, 2210, 2128, 2092, 2086, 2137, 2273, 2503, 2647, 2660, 2601, 2537, 2497, 2465, 2465, 2522, 2628, 2854, 3081, 3085, 3034, 2958, 2819, 2613, 2404, 1692, 1655, 1642, 1649, 1692, 1802, 1960, 2043, 2054, 2036, 2021, 1997, 1968, 1944, 1922, 1930, 2015, 2127, 2125, 2104, 2069, 1994, 1886, 1783, 42, 42, 43, 44, 43, 44, 45, 47, 47, 45, 45, 45, 44, 43, 44, 45, 44, 46, 47, 46, 46, 45, 45, 44, 4029, 3895, 3846, 3849, 3959, 4240, 4608, 4866, 4911, 4883, 4840, 4797, 4732, 4688, 4667, 4713, 4927, 5228, 5215, 5120, 5018, 4839, 4543, 4264, 1470, 1429, 1420, 1430, 1486, 1613, 1789, 1886, 1877, 1820, 1766, 1728, 1700, 1685, 1680, 1708, 1789, 1888, 1869, 1839, 1796, 1739, 1650, 1564, 2273, 2229, 2208, 2217, 2273, 2416, 2650, 2783, 2800, 2772, 2748, 2702, 2655, 2632, 2606, 2610, 2715, 2851, 2844, 2810, 2759, 2656, 2517, 2396, 1884, 1841, 1817, 1822, 1856, 1969, 2148, 2264, 2284, 2286, 2301, 2288, 2256, 2244, 2209, 2186, 2236, 2338, 2340, 2318, 2286, 2214, 2095, 1982, 4362, 4214, 4138, 4121, 4187, 4397, 4762, 5013, 5063, 5027, 4974, 4930, 4883, 4899, 4971, 5099, 5372, 5642, 5600, 5520, 5407, 5220, 4939, 4640, 133, 126, 124, 124, 126, 133, 145, 158, 163, 164, 164, 163, 161, 161, 162, 165, 176, 188, 187, 183, 178, 170, 158, 144, 85048, 83080, 82286, 82439, 84235, 88656, 95537, 100258, 100684, 99455, 98060, 96611, 95240, 94408, 93902, 94449, 97557, 103151, 104146, 103260, 101871, 99032, 94584, 90006, 0, 0, 0, 0, 0, 0, 0, 0, 0, 0, 0, 0, 0, 0, 0, 0, 0, 0, 0, 0, 0, 0, 0, 0, 0, 0, 0, 0, 0, 0, 0, 0, 0, 0, 0, 0, 0, 0, 0, 0, 0, 0, 0, 0, 0, 0, 0, 0, 0, 0, 0, 0, 0, 0, 0, 0, 0, 0, 0, 0, 0, 0, 0, 0, 0, 0, 0, 0, 0, 0, 0, 0, 0, 0, 0, 0, 0, 0, 0, 0, 0, 0, 0, 0, 0, 0, 0, 0, 0, 0, 0, 0, 0, 0, 0, 0, 0, 0, 0, 0, 0, 0, 0, 0, 0, 0, 0, 0, 0, 0, 0, 0, 0, 0, 0, 0, 0, 0, 0, 0, 0, 0, 0, 0, 0, 0, 0, 0, 0, 0, 0, 0, 0, 0, 0, 0, 0, 0, 0, 0, 0, 0, 0, 0, 0, 0, 0, 0, 0, 0, 0, 0, 0, 0, 0, 0, 0, 0, 0, 0, 0, 0, 0, 0, 0, 0, 0, 0, 18, 19, 7, 18, 7, 18, 7, 7, 7, 7, 18, 7, 18, 7, 5, 18, 7, 7, 7, 18, 17, 7, 0, 0, 0, 0, 0, 0, 0, 0, 0, 0, 0, 0, 0, 0, 0, 0, 0, 0, 0, 0, 0, 0, 0, 0, 0, 0, 0, 0, 0, 0, 0, 0, 0, 0, 0, 0
"2024-12-25", 533, 516, 509, 509, 519, 546, 595, 618, 603, 576, 550, 534, 530, 538, 554, 588, 647, 704, 708, 698, 686, 657, 615, 569, 3707, 3657, 3643, 3661, 3739, 3909, 4160, 4329, 4331, 4271, 4192, 4096, 4012, 3952, 3893, 3869, 3928, 4128, 4204, 4198, 4175, 4093, 3940, 3785, 5805, 5707, 5690, 5731, 5868, 6142, 6570, 6808, 6796, 6671, 6547, 6425, 6288, 6197, 6139, 6162, 6348, 6747, 6803, 6786, 6734, 6550, 6258, 5979, 3601, 3518, 3479, 3471, 3532, 3689, 3950, 4167, 4208, 4229, 4237, 4199, 4165, 4147, 4100, 4074, 4137, 4331, 4348, 4312, 4249, 4124, 3933, 3731, 3380, 3312, 3296, 3331, 3452, 3711, 4054, 4198, 4134, 3974, 3830, 3725, 3649, 3610, 3621, 3686, 3891, 4187, 4211, 4189, 4134, 4002, 3777, 3559, 10407, 10008, 9763, 9637, 9628, 9855, 10430, 11281, 11723, 11783, 11769, 11742, 11653, 11579, 11586, 11564, 11636, 12210, 12581, 12408, 12238, 11997, 11579, 10971, 1927, 1887, 1867, 1872, 1913, 2018, 2177, 2295, 2307, 2295, 2274, 2233, 2205, 2179, 2149, 2120, 2144, 2248, 2280, 2256, 2226, 2167, 2068, 1972, 2877, 2817, 2791, 2804, 2872, 3022, 3250, 3407, 3419, 3390, 3340, 3281, 3224, 3184, 3142, 3124, 3162, 3331, 3394, 3371, 3335, 3246, 3099, 2945, 12196, 12073, 12102, 12270, 12663, 13424, 14428, 14911, 14663, 14024, 13444, 12991, 12654, 12463, 12367, 12524, 13102, 14063, 14202, 14157, 14037, 13704, 13137, 12602, 1041, 1027, 1026, 1036, 1068, 1139, 1245, 1280, 1252, 1197, 1147, 1111, 1083, 1069, 1068, 1098, 1175, 1270, 1282, 1279, 1262, 1220, 1155, 1095, 1394, 1365, 1354, 1353, 1376, 1436, 1532, 1609, 1635, 1648, 1651, 1646, 1633, 1623, 1608, 1603, 1633, 1714, 1715, 1697, 1671, 1621, 1543, 1459, 1694, 1681, 1688, 1700, 1729, 1815, 1938, 1993, 1964, 1887, 1791, 1695, 1628, 1578, 1539, 1533, 1578, 1708, 1796, 1810, 1814, 1788, 1730, 1666, 2254, 2175, 2139, 2140, 2194, 2334, 2568, 2704, 2712, 2650, 2572, 2533, 2514, 2535, 2591, 2686, 2905, 3129, 3134, 3083, 3011, 2873, 2657, 2441, 1731, 1697, 1685, 1694, 1744, 1858, 2020, 2101, 2105, 2080, 2055, 2027, 1991, 1974, 1953, 1962, 2045, 2162, 2163, 2146, 2113, 2036, 1922, 1814, 43, 42, 42, 43, 43, 44, 49, 49, 49, 50, 46, 48, 47, 47, 47, 47, 48, 48, 48, 48, 48, 47, 45, 44, 4069, 3956, 3910, 3924, 4044, 4329, 4701, 4959, 5007, 4957, 4902, 4845, 4785, 4752, 4731, 4779, 5001, 5296, 5289, 5209, 5115, 4937, 4640, 4343, 1502, 1468, 1461, 1475, 1534, 1666, 1840, 1940, 1928, 1866, 1799, 1749, 1716, 1691, 1692, 1720, 1802, 1909, 1888, 1861, 1818, 1758, 1668, 1579, 2322, 2276, 2261, 2275, 2335, 2480, 2724, 2862, 2870, 2826, 2786, 2738, 2694, 2674, 2647, 2653, 2754, 2896, 2891, 2861, 2809, 2710, 2563, 2438, 1918, 1881, 1860, 1864, 1907, 2021, 2205, 2312, 2326, 2328, 2330, 2320, 2294, 2276, 2230, 2210, 2261, 2363, 2362, 2345, 2320, 2246, 2121, 2002, 4409, 4267, 4195, 4179, 4248, 4460, 4834, 5093, 5138, 5087, 5007, 4968, 4958, 4990, 5067, 5182, 5446, 5709, 5667, 5598, 5493, 5312, 5019, 4707, 134, 128, 126, 125, 128, 135, 148, 160, 165, 167, 166, 165, 164, 164, 164, 167, 178, 190, 188, 185, 180, 171, 159, 145, 86995, 85173, 84490, 84782, 86677, 91214, 98180, 102854, 103117, 101389, 99464, 97623, 96043, 95132, 94562, 95017, 98042, 103750, 104797, 104018, 102733, 99930, 95311, 90546, 0, 0, 0, 0, 0, 0, 0, 0, 0, 0, 0, 0, 0, 0, 0, 0, 0, 0, 0, 0, 0, 0, 0, 0, 0, 0, 0, 0, 0, 0, 0, 0, 0, 0, 0, 0, 0, 0, 0, 0, 0, 0, 0, 0, 0, 0, 0, 0, 0, 0, 0, 0, 0, 0, 0, 0, 0, 0, 0, 0, 0, 0, 0, 0, 0, 0, 0, 0, 0, 0, 0, 0, 0, 0, 0, 0, 0, 0, 0, 0, 0, 0, 0, 0, 0, 0, 0, 0, 0, 0, 0, 0, 0, 0, 0, 0, 0, 0, 0, 0, 0, 0, 0, 0, 0, 0, 0, 0, 0, 0, 0, 0, 0, 0, 0, 0, 0, 0, 0, 0, 0, 0, 0, 0, 0, 0, 0, 0, 0, 0, 0, 0, 0, 0, 0, 0, 0, 0, 0, 0, 0, 0, 0, 0, 0, 0, 0, 0, 0, 0, 0, 0, 0, 0, 0, 0, 0, 0, 0, 0, 0, 0, 0, 0, 0, 0, 0, 0, 18, 9, 19, 18, 19, 19, 18, 18, 7, 19, 18, 20, 18, 18, 9, 18, 7, 18, 18, 17, 17, 18, 0, 0, 0, 0, 0, 0, 0, 0, 0, 0, 0, 0, 0, 0, 0, 0, 0, 0, 0, 0, 0, 0, 0, 0, 0, 0, 0, 0, 0, 0, 0, 0, 0, 0, 0, 0
"2024-12-26", 538, 524, 515, 514, 523, 550, 600, 621, 605, 575, 549, 532, 526, 538, 559, 595, 652, 712, 713, 706, 693, 663, 620, 574, 3684, 3630, 3616, 3629, 3703, 3876, 4133, 4304, 4308, 4254, 4178, 4094, 4019, 3967, 3912, 3887, 3956, 4143, 4211, 4200, 4174, 4089, 3936, 3778, 5765, 5662, 5635, 5678, 5807, 6086, 6496, 6742, 6739, 6632, 6508, 6390, 6272, 6194, 6131, 6157, 6338, 6702, 6761, 6731, 6667, 6482, 6202, 5917, 3589, 3511, 3474, 3467, 3525, 3678, 3943, 4157, 4204, 4230, 4244, 4214, 4184, 4166, 4117, 4084, 4133, 4324, 4336, 4293, 4225, 4099, 3903, 3699, 3387, 3312, 3289, 3316, 3432, 3678, 4014, 4160, 4104, 3954, 3823, 3732, 3667, 3624, 3624, 3694, 3901, 4192, 4209, 4169, 4096, 3965, 3742, 3520, 10391, 9981, 9734, 9599, 9593, 9817, 10397, 11259, 11709, 11816, 11837, 11832, 11760, 11669, 11652, 11598, 11654, 12202, 12534, 12344, 12159, 11910, 11503, 10879, 1904, 1864, 1842, 1843, 1883, 1989, 2149, 2268, 2285, 2282, 2273, 2245, 2217, 2191, 2164, 2139, 2162, 2262, 2281, 2254, 2224, 2159, 2061, 1962, 2834, 2773, 2744, 2750, 2812, 2964, 3199, 3368, 3393, 3377, 3355, 3306, 3268, 3223, 3188, 3170, 3207, 3370, 3418, 3383, 3340, 3252, 3110, 2954, 12154, 12023, 12019, 12158, 12533, 13275, 14264, 14748, 14479, 13869, 13355, 12960, 12642, 12431, 12341, 12526, 13137, 14064, 14183, 14129, 13997, 13643, 13099, 12567, 1046, 1029, 1026, 1034, 1063, 1132, 1233, 1272, 1241, 1189, 1145, 1110, 1083, 1070, 1073, 1102, 1177, 1273, 1283, 1276, 1256, 1213, 1148, 1086, 1397, 1363, 1349, 1345, 1370, 1434, 1528, 1603, 1637, 1651, 1656, 1650, 1640, 1632, 1618, 1613, 1642, 1715, 1718, 1695, 1666, 1617, 1540, 1455, 1624, 1614, 1617, 1644, 1695, 1780, 1911, 1968, 1939, 1877, 1801, 1720, 1659, 1618, 1585, 1581, 1622, 1744, 1825, 1839, 1854, 1828, 1765, 1697, 2271, 2192, 2152, 2151, 2200, 2338, 2566, 2704, 2706, 2646, 2586, 2539, 2510, 2523, 2581, 2689, 2913, 3134, 3137, 3084, 3010, 2871, 2658, 2445, 1733, 1694, 1681, 1687, 1735, 1846, 2003, 2088, 2091, 2075, 2056, 2034, 2005, 1989, 1967, 1973, 2054, 2166, 2160, 2137, 2103, 2025, 1910, 1799, 44, 43, 43, 43, 44, 44, 46, 46, 45, 44, 44, 44, 44, 44, 44, 46, 46, 47, 47, 47, 48, 46, 45, 43, 4109, 3988, 3935, 3941, 4052, 4335, 4703, 4956, 4996, 4953, 4907, 4858, 4809, 4771, 4745, 4788, 5007, 5310, 5292, 5199, 5102, 4915, 4620, 4333, 1503, 1462, 1452, 1464, 1522, 1652, 1826, 1924, 1915, 1854, 1800, 1754, 1726, 1707, 1701, 1732, 1811, 1913, 1894, 1855, 1810, 1751, 1659, 1572, 2331, 2287, 2264, 2273, 2330, 2470, 2706, 2835, 2853, 2825, 2794, 2753, 2709, 2687, 2657, 2664, 2771, 2905, 2889, 2857, 2798, 2698, 2547, 2422, 1922, 1882, 1859, 1861, 1898, 2008, 2190, 2301, 2328, 2330, 2329, 2313, 2290, 2273, 2232, 2213, 2267, 2364, 2360, 2336, 2301, 2230, 2104, 1986, 4443, 4294, 4219, 4205, 4274, 4486, 4857, 5110, 5149, 5100, 5048, 4989, 4947, 4985, 5066, 5193, 5461, 5723, 5677, 5596, 5485, 5304, 5020, 4709, 134, 128, 126, 126, 128, 135, 148, 160, 165, 167, 167, 166, 165, 164, 165, 168, 180, 191, 189, 185, 180, 172, 160, 146, 86786, 84885, 84095, 84292, 86121, 90603, 97537, 102226, 102551, 101058, 99444, 97803, 96351, 95456, 94886, 95359, 98410, 103909, 104766, 103806, 102393, 99531, 94947, 90147, 0, 0, 0, 0, 0, 0, 0, 0, 0, 0, 0, 0, 0, 0, 0, 0, 0, 0, 0, 0, 0, 0, 0, 0, 0, 0, 0, 0, 0, 0, 0, 0, 0, 0, 0, 0, 0, 0, 0, 0, 0, 0, 0, 0, 0, 0, 0, 0, 0, 0, 0, 0, 0, 0, 0, 0, 0, 0, 0, 0, 0, 0, 0, 0, 0, 0, 0, 0, 0, 0, 0, 0, 0, 0, 0, 0, 0, 0, 0, 0, 0, 0, 0, 0, 0, 0, 0, 0, 0, 0, 0, 0, 0, 0, 0, 0, 0, 0, 0, 0, 0, 0, 0, 0, 0, 0, 0, 0, 0, 0, 0, 0, 0, 0, 0, 0, 0, 0, 0, 0, 0, 0, 0, 0, 0, 0, 0, 0, 0, 0, 0, 0, 0, 0, 0, 0, 0, 0, 0, 0, 0, 0, 0, 0, 0, 0, 0, 0, 0, 0, 0, 0, 0, 0, 0, 0, 0, 0, 0, 0, 0, 0, 0, 0, 0, 0, 0, 0, 18, 17, 19, 18, 18, 18, 18, 18, 20, 19, 18, 8, 18, 18, 22, 17, 17, 18, 18, 17, 17, 18, 0, 0, 0, 0, 0, 0, 0, 0, 0, 0, 0, 0, 0, 0, 0, 0, 0, 0, 0, 0, 0, 0, 0, 0, 0, 0, 0, 0, 0, 0, 0, 0, 0, 0, 0, 0
"2024-12-27", 541, 522, 514, 512, 519, 545, 591, 612, 601, 577, 551, 534, 531, 539, 557, 591, 645, 698, 697, 686, 675, 652, 618, 575, 3654, 3598, 3575, 3589, 3655, 3812, 4051, 4211, 4219, 4187, 4133, 4055, 3985, 3932, 3873, 3849, 3903, 4057, 4072, 4038, 4006, 3936, 3811, 3658, 5709, 5598, 5561, 5578, 5691, 5940, 6327, 6565, 6586, 6520, 6417, 6318, 6198, 6119, 6053, 6067, 6228, 6540, 6540, 6486, 6418, 6271, 6035, 5769, 3557, 3466, 3428, 3419, 3470, 3616, 3869, 4069, 4120, 4147, 4157, 4123, 4080, 4047, 4001, 3967, 4016, 4183, 4173, 4109, 4048, 3936, 3775, 3581, 3350, 3265, 3231, 3254, 3363, 3592, 3908, 4052, 4010, 3896, 3802, 3707, 3645, 3609, 3613, 3689, 3884, 4119, 4100, 4045, 3974, 3873, 3703, 3520, 10267, 9847, 9588, 9447, 9436, 9650, 10195, 11002, 11446, 11559, 11601, 11609, 11539, 11469, 11449, 11393, 11451, 11970, 12257, 12059, 11848, 11611, 11273, 10731, 1890, 1846, 1822, 1822, 1856, 1951, 2099, 2211, 2231, 2234, 2221, 2186, 2155, 2128, 2098, 2069, 2090, 2172, 2178, 2141, 2107, 2055, 1967, 1862, 2824, 2760, 2729, 2731, 2783, 2921, 3131, 3287, 3318, 3311, 3292, 3241, 3204, 3166, 3128, 3109, 3144, 3273, 3293, 3244, 3197, 3121, 3009, 2872, 12184, 12013, 11980, 12093, 12461, 13164, 14104, 14577, 14367, 13832, 13331, 12925, 12617, 12435, 12367, 12550, 13108, 13918, 13901, 13756, 13597, 13324, 12903, 12434, 1039, 1018, 1012, 1018, 1045, 1107, 1202, 1239, 1215, 1168, 1125, 1091, 1063, 1048, 1052, 1081, 1152, 1234, 1235, 1223, 1206, 1174, 1122, 1069, 1392, 1356, 1338, 1335, 1357, 1414, 1507, 1584, 1610, 1630, 1631, 1627, 1617, 1607, 1592, 1585, 1613, 1681, 1671, 1646, 1618, 1577, 1513, 1438, 1648, 1633, 1638, 1652, 1687, 1764, 1886, 1935, 1904, 1876, 1809, 1747, 1687, 1649, 1627, 1620, 1653, 1732, 1776, 1774, 1759, 1738, 1696, 1639, 2269, 2179, 2141, 2132, 2175, 2304, 2528, 2663, 2673, 2622, 2561, 2512, 2489, 2504, 2560, 2657, 2858, 3053, 3036, 2975, 2903, 2793, 2620, 2430, 1720, 1678, 1662, 1662, 1701, 1802, 1951, 2034, 2043, 2028, 2011, 1980, 1945, 1924, 1900, 1903, 1983, 2077, 2060, 2032, 2000, 1935, 1838, 1732, 42, 41, 39, 40, 41, 42, 43, 45, 44, 44, 44, 43, 43, 43, 40, 42, 42, 44, 43, 43, 44, 42, 41, 40, 4096, 3965, 3903, 3906, 4007, 4274, 4617, 4859, 4913, 4886, 4842, 4797, 4739, 4691, 4664, 4717, 4913, 5173, 5124, 5012, 4912, 4753, 4513, 4266, 1492, 1452, 1434, 1445, 1496, 1617, 1785, 1880, 1876, 1830, 1784, 1746, 1715, 1700, 1699, 1725, 1798, 1887, 1851, 1808, 1763, 1712, 1641, 1568, 2314, 2265, 2245, 2252, 2297, 2426, 2648, 2775, 2793, 2766, 2730, 2687, 2637, 2613, 2587, 2590, 2685, 2806, 2777, 2737, 2684, 2601, 2480, 2352, 1905, 1859, 1840, 1837, 1871, 1968, 2134, 2241, 2268, 2275, 2277, 2249, 2219, 2192, 2153, 2128, 2177, 2260, 2247, 2217, 2177, 2111, 2008, 1896, 4433, 4278, 4196, 4174, 4235, 4430, 4782, 5021, 5060, 5029, 4963, 4909, 4874, 4892, 4960, 5070, 5326, 5568, 5510, 5421, 5311, 5160, 4932, 4668, 134, 128, 125, 125, 127, 134, 146, 157, 163, 165, 164, 163, 162, 161, 162, 164, 176, 186, 184, 179, 174, 168, 158, 146, 86290, 84208, 83288, 83363, 84991, 89143, 95668, 100142, 100641, 99550, 98116, 96523, 95052, 94134, 93575, 93986, 96757, 101514, 101578, 100214, 98722, 96340, 92640, 88285, 0, 0, 0, 0, 0, 0, 0, 0, 0, 0, 0, 0, 0, 0, 0, 0, 0, 0, 0, 0, 0, 0, 0, 0, 0, 0, 0, 0, 0, 0, 0, 0, 0, 0, 0, 0, 0, 0, 0, 0, 0, 0, 0, 0, 0, 0, 0, 0, 0, 0, 0, 0, 0, 0, 0, 0, 0, 0, 0, 0, 0, 0, 0, 0, 0, 0, 0, 0, 0, 0, 0, 0, 0, 0, 0, 0, 0, 0, 0, 0, 0, 0, 0, 0, 0, 0, 0, 0, 0, 0, 0, 0, 0, 0, 0, 0, 0, 0, 0, 0, 0, 0, 0, 0, 0, 0, 0, 0, 0, 0, 0, 0, 0, 0, 0, 0, 0, 0, 0, 0, 0, 0, 0, 0, 0, 0, 0, 0, 0, 0, 0, 0, 0, 0, 0, 0, 0, 0, 0, 0, 0, 0, 0, 0, 0, 0, 0, 0, 0, 0, 0, 0, 0, 0, 0, 0, 0, 0, 0, 0, 0, 0, 0, 0, 0, 0, 0, 0, 17, 17, 19, 17, 20, 18, 17, 18, 21, 20, 17, 17, 17, 7, 0, 17, 7, 7, 7, 17, 17, 18, 0, 0, 0, 0, 0, 0, 0, 0, 0, 0, 0, 0, 0, 0, 0, 0, 0, 0, 0, 0, 0, 0, 0, 0, 0, 0, 0, 0, 0, 0, 0, 0, 0, 0, 0, 0
"2024-12-28", 540, 519, 507, 501, 504, 515, 538, 557, 565, 558, 547, 535, 528, 529, 542, 573, 623, 674, 671, 661, 650, 633, 603, 566, 3554, 3487, 3456, 3444, 3467, 3537, 3639, 3761, 3838, 3865, 3844, 3794, 3724, 3654, 3606, 3594, 3655, 3823, 3855, 3830, 3798, 3736, 3636, 3511, 5591, 5480, 5430, 5430, 5489, 5604, 5779, 5976, 6113, 6166, 6130, 6041, 5929, 5831, 5774, 5783, 5935, 6232, 6244, 6204, 6148, 6015, 5818, 5582, 3443, 3345, 3295, 3274, 3287, 3355, 3465, 3598, 3690, 3771, 3813, 3808, 3775, 3738, 3709, 3707, 3781, 3957, 3958, 3911, 3856, 3765, 3628, 3470, 3378, 3293, 3249, 3246, 3294, 3409, 3558, 3695, 3771, 3756, 3706, 3632, 3563, 3502, 3493, 3540, 3704, 3930, 3935, 3892, 3850, 3759, 3615, 3452, 10196, 9766, 9474, 9302, 9234, 9301, 9547, 9946, 10208, 10411, 10528, 10573, 10539, 10457, 10318, 10264, 10377, 10962, 11341, 11295, 11173, 11030, 10780, 10373, 1793, 1738, 1708, 1698, 1709, 1749, 1815, 1895, 1953, 1994, 2002, 1987, 1951, 1927, 1900, 1890, 1919, 2006, 2025, 1998, 1973, 1930, 1867, 1789, 2762, 2688, 2648, 2626, 2639, 2694, 2787, 2904, 2987, 3042, 3055, 3040, 3000, 2950, 2917, 2905, 2943, 3085, 3127, 3093, 3066, 3008, 2913, 2795, 12098, 11902, 11838, 11870, 12046, 12379, 12864, 13321, 13471, 13245, 12905, 12573, 12255, 11981, 11859, 11977, 12470, 13239, 13303, 13236, 13119, 12885, 12504, 12070, 1029, 1007, 997, 997, 1011, 1043, 1090, 1134, 1150, 1134, 1107, 1077, 1048, 1031, 1029, 1052, 1113, 1185, 1183, 1171, 1156, 1128, 1083, 1033, 1382, 1345, 1324, 1315, 1320, 1342, 1380, 1427, 1467, 1502, 1521, 1527, 1522, 1512, 1500, 1498, 1535, 1608, 1609, 1591, 1571, 1535, 1484, 1417, 1592, 1574, 1564, 1568, 1573, 1607, 1657, 1706, 1765, 1766, 1740, 1689, 1632, 1587, 1557, 1546, 1573, 1655, 1699, 1698, 1698, 1681, 1637, 1586, 2269, 2173, 2123, 2101, 2117, 2175, 2281, 2385, 2465, 2483, 2465, 2438, 2423, 2418, 2450, 2520, 2708, 2895, 2889, 2841, 2783, 2692, 2548, 2378, 1662, 1615, 1593, 1588, 1603, 1649, 1717, 1794, 1856, 1884, 1882, 1863, 1831, 1799, 1777, 1787, 1858, 1943, 1925, 1896, 1865, 1810, 1732, 1646, 40, 41, 40, 42, 42, 43, 44, 44, 45, 43, 42, 41, 41, 41, 40, 40, 42, 42, 42, 41, 42, 41, 41, 40, 4073, 3932, 3859, 3837, 3874, 3990, 4173, 4344, 4510, 4618, 4643, 4628, 4573, 4506, 4476, 4509, 4689, 4920, 4899, 4819, 4741, 4609, 4423, 4201, 1512, 1471, 1445, 1441, 1455, 1495, 1559, 1632, 1682, 1687, 1663, 1636, 1610, 1580, 1572, 1585, 1639, 1730, 1735, 1721, 1703, 1667, 1610, 1546, 2265, 2210, 2181, 2177, 2203, 2264, 2365, 2468, 2552, 2590, 2592, 2568, 2521, 2480, 2457, 2466, 2554, 2661, 2639, 2605, 2560, 2493, 2386, 2272, 1823, 1774, 1748, 1742, 1760, 1809, 1876, 1953, 2025, 2073, 2090, 2082, 2053, 2023, 1998, 1998, 2058, 2148, 2135, 2107, 2072, 2014, 1929, 1837, 4430, 4266, 4167, 4121, 4125, 4206, 4355, 4469, 4571, 4631, 4626, 4607, 4580, 4575, 4615, 4710, 4962, 5222, 5212, 5150, 5076, 4963, 4777, 4552, 135, 129, 125, 124, 125, 128, 133, 139, 145, 148, 149, 150, 149, 148, 148, 151, 162, 174, 174, 171, 167, 163, 155, 144, 84944, 82696, 81490, 81098, 81667, 83500, 86480, 89742, 91901, 92623, 92228, 91218, 89827, 88515, 87791, 88178, 90887, 95674, 96258, 95397, 94299, 92363, 89302, 85601, 0, 0, 0, 0, 0, 0, 0, 0, 0, 0, 0, 0, 0, 0, 0, 0, 0, 0, 0, 0, 0, 0, 0, 0, 0, 0, 0, 0, 0, 0, 0, 0, 0, 0, 0, 0, 0, 0, 0, 0, 0, 0, 0, 0, 0, 0, 0, 0, 0, 0, 0, 0, 0, 0, 0, 0, 0, 0, 0, 0, 0, 0, 0, 0, 0, 0, 0, 0, 0, 0, 0, 0, 0, 0, 0, 0, 0, 0, 0, 0, 0, 0, 0, 0, 0, 0, 0, 0, 0, 0, 0, 0, 0, 0, 0, 0, 0, 0, 0, 0, 0, 0, 0, 0, 0, 0, 0, 0, 0, 0, 0, 0, 0, 0, 0, 0, 0, 0, 0, 0, 0, 0, 0, 0, 0, 0, 0, 0, 0, 0, 0, 0, 0, 0, 0, 0, 0, 0, 0, 0, 0, 0, 0, 0, 0, 0, 0, 0, 0, 0, 0, 0, 0, 0, 0, 0, 0, 0, 0, 0, 0, 0, 0, 0, 0, 0, 0, 0, 17, 10, 9, 10, 7, 19, 10, 9, 7, 7, 12, 0, 17, 17, 8, 17, 8, 11, 10, 17, 17, 8, 0, 0, 0, 0, 0, 0, 0, 0, 0, 0, 0, 0, 0, 0, 0, 0, 0, 0, 0, 0, 0, 0, 0, 0, 0, 0, 0, 0, 0, 0, 0, 0, 0, 0, 0, 0
"2024-12-29", 530, 510, 499, 494, 495, 504, 522, 535, 539, 527, 510, 503, 505, 512, 531, 561, 615, 669, 670, 663, 650, 626, 588, 550, 3426, 3363, 3336, 3332, 3357, 3411, 3501, 3628, 3717, 3742, 3705, 3657, 3627, 3576, 3540, 3544, 3627, 3832, 3896, 3895, 3873, 3797, 3679, 3564, 5434, 5316, 5265, 5254, 5299, 5399, 5560, 5757, 5912, 5952, 5894, 5837, 5776, 5699, 5651, 5695, 5895, 6274, 6333, 6318, 6274, 6113, 5885, 5664, 3335, 3243, 3198, 3178, 3183, 3234, 3323, 3438, 3524, 3605, 3641, 3651, 3654, 3638, 3623, 3633, 3726, 3946, 3976, 3944, 3896, 3790, 3644, 3489, 3335, 3241, 3198, 3189, 3227, 3322, 3444, 3563, 3638, 3624, 3572, 3515, 3479, 3461, 3468, 3518, 3704, 3981, 4012, 3989, 3951, 3834, 3645, 3448, 9920, 9553, 9299, 9150, 9073, 9099, 9239, 9481, 9616, 9754, 9875, 9950, 9973, 9981, 9969, 10001, 10169, 10798, 11248, 11233, 11161, 10993, 10700, 10248, 1728, 1683, 1661, 1651, 1660, 1691, 1747, 1824, 1882, 1916, 1914, 1904, 1893, 1868, 1849, 1846, 1892, 2014, 2052, 2041, 2021, 1973, 1906, 1840, 2696, 2625, 2592, 2577, 2594, 2637, 2724, 2826, 2908, 2963, 2974, 2957, 2934, 2901, 2876, 2877, 2939, 3117, 3187, 3170, 3145, 3065, 2940, 2809, 11851, 11652, 11578, 11612, 11753, 12038, 12470, 12904, 13081, 12871, 12531, 12257, 12071, 11916, 11854, 11992, 12542, 13398, 13536, 13489, 13366, 13039, 12546, 12044, 1004, 983, 974, 975, 988, 1016, 1060, 1104, 1123, 1105, 1076, 1048, 1028, 1016, 1018, 1041, 1113, 1196, 1201, 1195, 1180, 1140, 1083, 1027, 1363, 1326, 1304, 1293, 1297, 1316, 1349, 1386, 1423, 1459, 1480, 1489, 1491, 1489, 1485, 1486, 1531, 1616, 1623, 1608, 1588, 1547, 1485, 1411, 1566, 1542, 1542, 1548, 1565, 1606, 1650, 1728, 1802, 1811, 1748, 1676, 1631, 1592, 1555, 1555, 1597, 1695, 1761, 1779, 1775, 1745, 1690, 1621, 2232, 2132, 2084, 2062, 2067, 2114, 2195, 2276, 2338, 2351, 2328, 2316, 2327, 2351, 2400, 2487, 2706, 2921, 2927, 2889, 2825, 2706, 2528, 2336, 1586, 1541, 1518, 1513, 1526, 1562, 1625, 1701, 1763, 1790, 1791, 1784, 1773, 1752, 1743, 1761, 1856, 1968, 1965, 1946, 1918, 1857, 1769, 1683, 40, 40, 40, 40, 40, 40, 41, 42, 41, 42, 40, 41, 40, 41, 41, 41, 42, 44, 44, 44, 43, 43, 42, 42, 4028, 3899, 3826, 3797, 3818, 3906, 4051, 4188, 4330, 4431, 4460, 4473, 4466, 4444, 4438, 4483, 4698, 4981, 4988, 4933, 4866, 4695, 4471, 4220, 1493, 1451, 1423, 1418, 1426, 1458, 1509, 1562, 1597, 1603, 1586, 1561, 1550, 1540, 1543, 1568, 1641, 1741, 1762, 1754, 1738, 1693, 1618, 1539, 2200, 2147, 2120, 2116, 2133, 2181, 2274, 2373, 2456, 2486, 2485, 2475, 2458, 2422, 2404, 2424, 2538, 2668, 2663, 2641, 2600, 2516, 2396, 2290, 1768, 1726, 1703, 1696, 1707, 1740, 1808, 1893, 1968, 2008, 2018, 2019, 2013, 1987, 1966, 1978, 2050, 2166, 2168, 2148, 2121, 2051, 1965, 1879, 4342, 4190, 4090, 4040, 4038, 4090, 4198, 4256, 4319, 4351, 4347, 4358, 4385, 4425, 4512, 4635, 4924, 5223, 5238, 5200, 5130, 4992, 4768, 4505, 134, 128, 124, 123, 123, 125, 129, 132, 136, 139, 140, 140, 141, 142, 145, 149, 161, 174, 175, 173, 169, 163, 153, 141, 82791, 80658, 79538, 79180, 79608, 81060, 83549, 86433, 88440, 89021, 88472, 87764, 87233, 86551, 86286, 87070, 90408, 96064, 97311, 96858, 95901, 93460, 89798, 85871, 0, 0, 0, 0, 0, 0, 0, 0, 0, 0, 0, 0, 0, 0, 0, 0, 0, 0, 0, 0, 0, 0, 0, 0, 0, 0, 0, 0, 0, 0, 0, 0, 0, 0, 0, 0, 0, 0, 0, 0, 0, 0, 0, 0, 0, 0, 0, 0, 0, 0, 0, 0, 0, 0, 0, 0, 0, 0, 0, 0, 0, 0, 0, 0, 0, 0, 0, 0, 0, 0, 0, 0, 0, 0, 0, 0, 0, 0, 0, 0, 0, 0, 0, 0, 0, 0, 0, 0, 0, 0, 0, 0, 0, 0, 0, 0, 0, 0, 0, 0, 0, 0, 0, 0, 0, 0, 0, 0, 0, 0, 0, 0, 0, 0, 0, 0, 0, 0, 0, 0, 0, 0, 0, 0, 0, 0, 0, 0, 0, 0, 0, 0, 0, 0, 0, 0, 0, 0, 0, 0, 0, 0, 0, 0, 0, 0, 0, 0, 0, 0, 0, 0, 0, 0, 0, 0, 0, 0, 0, 0, 0, 0, 0, 0, 0, 0, 0, 0, 18, 19, 18, 18, 18, 20, 18, 18, 7, 17, 18, 8, 18, 17, 19, 17, 18, 18, 17, 18, 18, 18, 0, 0, 0, 0, 0, 0, 0, 0, 0, 0, 0, 0, 0, 0, 0, 0, 0, 0, 0, 0, 0, 0, 0, 0, 0, 0, 0, 0, 0, 0, 0, 0, 0, 0, 0, 0
"2024-12-30", 514, 497, 490, 489, 498, 525, 572, 596, 587, 565, 545, 534, 530, 532, 553, 582, 636, 694, 698, 688, 673, 646, 602, 558, 3458, 3417, 3411, 3430, 3507, 3670, 3928, 4097, 4126, 4103, 4068, 4008, 3955, 3909, 3855, 3829, 3894, 4081, 4138, 4124, 4091, 3995, 3842, 3688, 5488, 5419, 5412, 5452, 5598, 5860, 6269, 6532, 6552, 6499, 6422, 6327, 6219, 6150, 6089, 6114, 6293, 6643, 6690, 6668, 6590, 6401, 6113, 5839, 3363, 3293, 3266, 3269, 3333, 3496, 3768, 3993, 4054, 4097, 4133, 4121, 4105, 4101, 4065, 4033, 4086, 4263, 4268, 4221, 4157, 4026, 3828, 3630, 3264, 3194, 3169, 3198, 3320, 3561, 3878, 4030, 3991, 3889, 3775, 3700, 3632, 3580, 3578, 3637, 3853, 4134, 4154, 4118, 4039, 3909, 3683, 3466, 9746, 9416, 9223, 9138, 9172, 9425, 10010, 10855, 11320, 11447, 11491, 11501, 11457, 11410, 11397, 11358, 11424, 11985, 12374, 12211, 12042, 11805, 11410, 10819, 1777, 1744, 1729, 1738, 1780, 1885, 2046, 2168, 2195, 2208, 2212, 2196, 2179, 2162, 2136, 2111, 2133, 2239, 2260, 2229, 2193, 2129, 2029, 1933, 2685, 2626, 2603, 2615, 2677, 2829, 3059, 3219, 3252, 3253, 3249, 3225, 3200, 3164, 3133, 3120, 3159, 3322, 3379, 3342, 3292, 3195, 3045, 2890, 11545, 11400, 11398, 11551, 11939, 12671, 13644, 14174, 14032, 13585, 13188, 12857, 12580, 12373, 12266, 12411, 12971, 13895, 14011, 13923, 13748, 13360, 12788, 12238, 974, 957, 955, 965, 995, 1065, 1167, 1214, 1200, 1160, 1128, 1098, 1073, 1062, 1062, 1084, 1155, 1248, 1259, 1250, 1228, 1182, 1115, 1053, 1348, 1318, 1305, 1303, 1324, 1384, 1477, 1555, 1586, 1607, 1613, 1611, 1606, 1601, 1590, 1586, 1616, 1689, 1687, 1665, 1635, 1588, 1511, 1421, 1549, 1539, 1546, 1559, 1591, 1680, 1808, 1853, 1835, 1802, 1756, 1708, 1660, 1627, 1589, 1580, 1630, 1735, 1818, 1825, 1816, 1780, 1705, 1641, 2167, 2089, 2059, 2059, 2109, 2246, 2462, 2606, 2633, 2589, 2532, 2496, 2480, 2490, 2547, 2644, 2851, 3067, 3074, 3018, 2938, 2795, 2587, 2379, 1619, 1587, 1578, 1590, 1639, 1752, 1909, 2002, 2020, 2015, 2011, 1993, 1967, 1948, 1930, 1934, 2018, 2122, 2116, 2092, 2056, 1976, 1866, 1762, 41, 41, 42, 40, 43, 43, 44, 45, 45, 46, 44, 44, 46, 45, 46, 47, 48, 48, 47, 47, 44, 43, 44, 43, 3980, 3874, 3821, 3838, 3954, 4228, 4578, 4832, 4900, 4878, 4840, 4808, 4761, 4724, 4706, 4750, 4950, 5244, 5225, 5133, 5028, 4841, 4550, 4260, 1455, 1417, 1406, 1422, 1483, 1609, 1775, 1870, 1873, 1833, 1784, 1747, 1715, 1691, 1679, 1705, 1782, 1885, 1862, 1830, 1784, 1724, 1636, 1541, 2209, 2168, 2159, 2175, 2233, 2374, 2606, 2743, 2775, 2760, 2744, 2713, 2672, 2647, 2623, 2628, 2725, 2851, 2839, 2805, 2745, 2639, 2496, 2373, 1813, 1778, 1766, 1772, 1813, 1920, 2099, 2210, 2252, 2267, 2281, 2270, 2255, 2239, 2204, 2183, 2233, 2324, 2327, 2297, 2271, 2193, 2067, 1955, 4259, 4125, 4058, 4053, 4130, 4347, 4709, 4971, 5037, 5027, 4971, 4932, 4912, 4939, 5018, 5134, 5386, 5639, 5595, 5517, 5402, 5218, 4932, 4623, 131, 126, 124, 124, 126, 133, 145, 157, 163, 165, 165, 164, 163, 163, 163, 166, 177, 188, 187, 183, 178, 170, 157, 143, 82214, 80551, 79966, 80328, 82271, 86722, 93555, 98359, 99226, 98451, 97427, 96227, 95064, 94254, 93710, 94085, 97010, 102402, 103265, 102274, 100735, 97740, 93138, 88411, 0, 0, 0, 0, 0, 0, 0, 0, 0, 0, 0, 0, 0, 0, 0, 0, 0, 0, 0, 0, 0, 0, 0, 0, 0, 0, 0, 0, 0, 0, 0, 0, 0, 0, 0, 0, 0, 0, 0, 0, 0, 0, 0, 0, 0, 0, 0, 0, 0, 0, 0, 0, 0, 0, 0, 0, 0, 0, 0, 0, 0, 0, 0, 0, 0, 0, 0, 0, 0, 0, 0, 0, 0, 0, 0, 0, 0, 0, 0, 0, 0, 0, 0, 0, 0, 0, 0, 0, 0, 0, 0, 0, 0, 0, 0, 0, 0, 0, 0, 0, 0, 0, 0, 0, 0, 0, 0, 0, 0, 0, 0, 0, 0, 0, 0, 0, 0, 0, 0, 0, 0, 0, 0, 0, 0, 0, 0, 0, 0, 0, 0, 0, 0, 0, 0, 0, 0, 0, 0, 0, 0, 0, 0, 0, 0, 0, 0, 0, 0, 0, 0, 0, 0, 0, 0, 0, 0, 0, 0, 0, 0, 0, 0, 0, 0, 0, 0, 0, 18, 18, 7, 18, 7, 19, 18, 19, 7, 7, 18, 6, 18, 8, 22, 8, 7, 8, 18, 17, 18, 8, 0, 0, 0, 0, 0, 0, 0, 0, 0, 0, 0, 0, 0, 0, 0, 0, 0, 0, 0, 0, 0, 0, 0, 0, 0, 0, 0, 0, 0, 0, 0, 0, 0, 0, 0, 0
"2024-12-31", 527, 508, 499, 499, 507, 533, 581, 603, 589, 560, 532, 518, 508, 514, 535, 573, 633, 692, 695, 688, 673, 646, 605, 561, 3603, 3547, 3530, 3539, 3612, 3775, 4027, 4197, 4204, 4173, 4124, 4055, 3995, 3946, 3898, 3879, 3943, 4139, 4205, 4199, 4175, 4089, 3943, 3791, 5665, 5549, 5524, 5549, 5668, 5948, 6354, 6609, 6606, 6530, 6432, 6328, 6232, 6160, 6101, 6138, 6325, 6696, 6753, 6731, 6668, 6482, 6205, 5943, 3511, 3431, 3386, 3384, 3446, 3599, 3868, 4086, 4139, 4174, 4195, 4176, 4149, 4136, 4094, 4069, 4123, 4308, 4321, 4277, 4218, 4094, 3911, 3718, 3304, 3223, 3197, 3223, 3337, 3581, 3907, 4052, 3996, 3862, 3738, 3650, 3577, 3544, 3548, 3624, 3838, 4124, 4147, 4123, 4053, 3932, 3713, 3503, 10257, 9865, 9643, 9531, 9542, 9775, 10358, 11206, 11644, 11744, 11755, 11748, 11691, 11642, 11634, 11586, 11657, 12230, 12612, 12422, 12230, 11981, 11573, 10977, 1875, 1835, 1813, 1814, 1852, 1955, 2111, 2232, 2252, 2260, 2252, 2225, 2200, 2176, 2149, 2123, 2150, 2256, 2286, 2262, 2230, 2167, 2073, 1980, 2791, 2730, 2699, 2705, 2762, 2909, 3137, 3287, 3317, 3310, 3297, 3256, 3220, 3183, 3146, 3134, 3178, 3348, 3406, 3378, 3340, 3253, 3115, 2968, 11885, 11732, 11721, 11842, 12218, 12945, 13932, 14427, 14197, 13613, 13121, 12751, 12440, 12253, 12162, 12365, 12981, 13925, 14066, 14014, 13878, 13522, 12986, 12479, 1011, 992, 989, 997, 1026, 1097, 1199, 1239, 1207, 1158, 1116, 1081, 1055, 1042, 1044, 1074, 1149, 1244, 1256, 1250, 1231, 1188, 1126, 1068, 1359, 1327, 1311, 1308, 1332, 1394, 1487, 1566, 1596, 1615, 1622, 1621, 1613, 1610, 1600, 1596, 1633, 1709, 1709, 1686, 1658, 1614, 1539, 1455, 1625, 1614, 1612, 1623, 1660, 1739, 1867, 1932, 1921, 1881, 1816, 1750, 1703, 1658, 1617, 1603, 1653, 1771, 1857, 1873, 1874, 1852, 1784, 1728, 2210, 2128, 2092, 2086, 2137, 2273, 2503, 2647, 2660, 2601, 2537, 2497, 2465, 2465, 2522, 2628, 2854, 3081, 3085, 3034, 2958, 2819, 2613, 2404, 1692, 1655, 1642, 1649, 1692, 1802, 1960, 2043, 2054, 2036, 2021, 1997, 1968, 1944, 1922, 1930, 2015, 2127, 2125, 2104, 2069, 1994, 1886, 1783, 42, 42, 43, 44, 43, 44, 45, 47, 47, 45, 45, 45, 44, 43, 44, 45, 44, 46, 47, 46, 46, 45, 45, 44, 4029, 3895, 3846, 3849, 3959, 4240, 4608, 4866, 4911, 4883, 4840, 4797, 4732, 4688, 4667, 4713, 4927, 5228, 5215, 5120, 5018, 4839, 4543, 4264, 1470, 1429, 1420, 1430, 1486, 1613, 1789, 1886, 1877, 1820, 1766, 1728, 1700, 1685, 1680, 1708, 1789, 1888, 1869, 1839, 1796, 1739, 1650, 1564, 2273, 2229, 2208, 2217, 2273, 2416, 2650, 2783, 2800, 2772, 2748, 2702, 2655, 2632, 2606, 2610, 2715, 2851, 2844, 2810, 2759, 2656, 2517, 2396, 1884, 1841, 1817, 1822, 1856, 1969, 2148, 2264, 2284, 2286, 2301, 2288, 2256, 2244, 2209, 2186, 2236, 2338, 2340, 2318, 2286, 2214, 2095, 1982, 4362, 4214, 4138, 4121, 4187, 4397, 4762, 5013, 5063, 5027, 4974, 4930, 4883, 4899, 4971, 5099, 5372, 5642, 5600, 5520, 5407, 5220, 4939, 4640, 133, 126, 124, 124, 126, 133, 145, 158, 163, 164, 164, 163, 161, 161, 162, 165, 176, 188, 187, 183, 178, 170, 158, 144, 85048, 83080, 82286, 82439, 84235, 88656, 95537, 100258, 100684, 99455, 98060, 96611, 95240, 94408, 93902, 94449, 97557, 103151, 104146, 103260, 101871, 99032, 94584, 90006, 0, 0, 0, 0, 0, 0, 0, 0, 0, 0, 0, 0, 0, 0, 0, 0, 0, 0, 0, 0, 0, 0, 0, 0, 0, 0, 0, 0, 0, 0, 0, 0, 0, 0, 0, 0, 0, 0, 0, 0, 0, 0, 0, 0, 0, 0, 0, 0, 0, 0, 0, 0, 0, 0, 0, 0, 0, 0, 0, 0, 0, 0, 0, 0, 0, 0, 0, 0, 0, 0, 0, 0, 0, 0, 0, 0, 0, 0, 0, 0, 0, 0, 0, 0, 0, 0, 0, 0, 0, 0, 0, 0, 0, 0, 0, 0, 0, 0, 0, 0, 0, 0, 0, 0, 0, 0, 0, 0, 0, 0, 0, 0, 0, 0, 0, 0, 0, 0, 0, 0, 0, 0, 0, 0, 0, 0, 0, 0, 0, 0, 0, 0, 0, 0, 0, 0, 0, 0, 0, 0, 0, 0, 0, 0, 0, 0, 0, 0, 0, 0, 0, 0, 0, 0, 0, 0, 0, 0, 0, 0, 0, 0, 0, 0, 0, 0, 0, 0, 18, 19, 7, 18, 7, 18, 7, 7, 7, 7, 18, 7, 18, 7, 5, 18, 7, 7, 7, 18, 17, 7, 0, 0, 0, 0, 0, 0, 0, 0, 0, 0, 0, 0, 0, 0, 0, 0, 0, 0, 0, 0, 0, 0, 0, 0, 0, 0, 0, 0, 0, 0, 0, 0, 0, 0, 0, 0
